time,open,high,low,close,tick_volume,spread,real_volume
2018-01-02 00:00:00,135.273,135.538,135.145,135.446,24055.0,10,0.0
2018-01-02 04:00:00,135.445,135.512,135.343,135.505,23364.0,10,0.0
2018-01-02 08:00:00,135.507,135.63,135.333,135.494,34363.0,10,0.0
2018-01-02 12:00:00,135.495,135.556,135.199,135.202,30549.0,10,0.0
2018-01-02 16:00:00,135.199,135.302,134.932,135.246,33211.0,10,0.0
2018-01-02 20:00:00,135.24,135.449,135.226,135.378,16888.0,10,0.0
2018-01-03 00:00:00,135.362,135.504,135.275,135.374,25946.0,10,0.0
2018-01-03 04:00:00,135.373,135.419,135.275,135.385,16213.0,10,0.0
2018-01-03 08:00:00,135.386,135.401,135.142,135.185,25397.0,10,0.0
2018-01-03 12:00:00,135.183,135.197,134.8,135.038,27139.0,10,0.0
2018-01-03 16:00:00,135.036,135.156,134.832,135.101,29580.0,10,0.0
2018-01-03 20:00:00,135.103,135.241,135.047,135.131,20971.0,10,0.0
2018-01-04 00:00:00,135.157,135.436,135.101,135.365,27226.0,10,0.0
2018-01-04 04:00:00,135.366,135.439,135.344,135.411,21999.0,10,0.0
2018-01-04 08:00:00,135.413,135.585,135.331,135.546,27100.0,10,0.0
2018-01-04 12:00:00,135.545,136.214,135.538,136.097,31472.0,10,0.0
2018-01-04 16:00:00,136.107,136.365,135.998,136.163,34632.0,10,0.0
2018-01-04 20:00:00,136.162,136.234,135.999,136.046,20819.0,10,0.0
2018-01-05 00:00:00,136.052,136.238,135.988,136.145,19672.0,10,0.0
2018-01-05 04:00:00,136.146,136.424,136.075,136.409,22195.0,10,0.0
2018-01-05 08:00:00,136.41,136.521,136.315,136.381,27849.0,10,0.0
2018-01-05 12:00:00,136.379,136.635,136.323,136.447,31672.0,0,0.0
2018-01-05 16:00:00,136.446,136.446,136.105,136.33,34636.0,10,0.0
2018-01-05 20:00:00,136.329,136.353,135.951,135.987,16184.0,10,0.0
2018-01-08 00:00:00,136.079,136.323,135.974,136.256,19263.0,10,0.0
2018-01-08 04:00:00,136.257,136.271,136.04,136.094,14855.0,8,0.0
2018-01-08 08:00:00,136.095,136.118,135.609,135.677,25917.0,10,0.0
2018-01-08 12:00:00,135.676,135.808,135.151,135.173,29173.0,10,0.0
2018-01-08 16:00:00,135.175,135.483,135.126,135.439,28487.0,7,0.0
2018-01-08 20:00:00,135.437,135.44,135.155,135.321,17143.0,10,0.0
2018-01-09 00:00:00,135.305,135.473,134.751,134.819,29814.0,7,0.0
2018-01-09 04:00:00,134.821,134.866,134.679,134.841,26422.0,10,0.0
2018-01-09 08:00:00,134.84,135.014,134.644,134.754,34478.0,10,0.0
2018-01-09 12:00:00,134.753,134.766,134.227,134.262,28962.0,10,0.0
2018-01-09 16:00:00,134.265,134.502,134.045,134.205,34823.0,10,0.0
2018-01-09 20:00:00,134.206,134.47,134.191,134.441,16495.0,10,0.0
2018-01-10 00:00:00,134.431,134.556,133.968,133.988,22837.0,10,0.0
2018-01-10 04:00:00,133.989,134.165,133.985,134.015,23078.0,10,0.0
2018-01-10 08:00:00,134.017,134.059,133.412,133.423,38639.0,7,0.0
2018-01-10 12:00:00,133.422,133.837,133.313,133.831,53638.0,1,0.0
2018-01-10 16:00:00,133.827,133.9,133.25,133.342,40425.0,7,0.0
2018-01-10 20:00:00,133.338,133.371,133.073,133.114,25484.0,10,0.0
2018-01-11 00:00:00,133.116,133.493,133.043,133.466,24790.0,10,0.0
2018-01-11 04:00:00,133.462,133.634,133.395,133.634,28764.0,7,0.0
2018-01-11 08:00:00,133.635,133.65,133.251,133.363,34781.0,10,0.0
2018-01-11 12:00:00,133.362,134.345,133.248,134.191,47844.0,5,0.0
2018-01-11 16:00:00,134.194,134.346,133.959,134.032,41911.0,7,0.0
2018-01-11 20:00:00,134.033,134.041,133.662,133.84,21784.0,10,0.0
2018-01-12 00:00:00,133.826,134.151,133.784,134.099,25919.0,10,0.0
2018-01-12 04:00:00,134.098,134.098,133.937,133.979,21238.0,10,0.0
2018-01-12 08:00:00,133.978,134.808,133.939,134.719,43898.0,10,0.0
2018-01-12 12:00:00,134.718,135.362,134.577,135.296,42273.0,7,0.0
2018-01-12 16:00:00,135.297,135.363,134.822,134.973,46556.0,6,0.0
2018-01-12 20:00:00,134.974,135.549,134.889,135.486,33582.0,6,0.0
2018-01-15 00:00:00,135.445,135.665,135.042,135.08,35575.0,10,0.0
2018-01-15 04:00:00,135.079,135.413,135.017,135.309,36506.0,8,0.0
2018-01-15 08:00:00,135.307,135.613,135.152,135.545,40219.0,10,0.0
2018-01-15 12:00:00,135.544,135.985,135.511,135.786,34306.0,10,0.0
2018-01-15 16:00:00,135.785,135.872,135.464,135.504,28251.0,10,0.0
2018-01-15 20:00:00,135.507,135.634,135.388,135.509,21077.0,2,0.0
2018-01-16 00:00:00,135.517,135.923,135.505,135.895,23742.0,9,0.0
2018-01-16 04:00:00,135.894,136.095,135.879,135.933,27131.0,10,0.0
2018-01-16 08:00:00,135.932,136.053,135.271,135.377,45035.0,10,0.0
2018-01-16 12:00:00,135.376,135.505,135.066,135.233,30634.0,0,0.0
2018-01-16 16:00:00,135.235,135.654,134.976,135.573,36620.0,8,0.0
2018-01-16 20:00:00,135.574,135.699,135.258,135.396,27802.0,10,0.0
2018-01-17 00:00:00,135.385,135.83,135.288,135.708,32430.0,10,0.0
2018-01-17 04:00:00,135.709,135.9,135.634,135.726,35495.0,10,0.0
2018-01-17 08:00:00,135.725,135.746,135.238,135.502,39471.0,2,0.0
2018-01-17 12:00:00,135.5,135.649,135.153,135.357,31508.0,6,0.0
2018-01-17 16:00:00,135.356,135.708,135.208,135.706,39336.0,10,0.0
2018-01-17 20:00:00,135.705,135.979,135.548,135.602,33122.0,9,0.0
2018-01-18 00:00:00,135.575,135.789,135.453,135.684,30541.0,6,0.0
2018-01-18 04:00:00,135.683,135.845,135.616,135.649,32763.0,7,0.0
2018-01-18 08:00:00,135.648,135.957,135.581,135.953,32991.0,10,0.0
2018-01-18 12:00:00,135.956,136.307,135.913,136.133,30923.0,8,0.0
2018-01-18 16:00:00,136.13,136.151,135.564,135.683,43005.0,6,0.0
2018-01-18 20:00:00,135.682,135.998,135.631,135.925,23168.0,10,0.0
2018-01-19 00:00:00,135.891,136.013,135.794,135.96,27647.0,10,0.0
2018-01-19 04:00:00,135.959,136.043,135.871,135.937,27462.0,10,0.0
2018-01-19 08:00:00,135.936,136.022,135.632,135.878,35330.0,10,0.0
2018-01-19 12:00:00,135.877,135.886,135.312,135.368,31100.0,10,0.0
2018-01-19 16:00:00,135.369,135.556,135.181,135.299,36475.0,5,0.0
2018-01-19 20:00:00,135.3,135.517,135.182,135.373,32930.0,4,0.0
2018-01-22 00:00:00,135.643,135.707,135.456,135.503,35071.0,8,0.0
2018-01-22 04:00:00,135.504,135.576,135.344,135.507,26010.0,7,0.0
2018-01-22 08:00:00,135.509,135.759,135.412,135.61,29433.0,10,0.0
2018-01-22 12:00:00,135.615,135.794,135.583,135.651,21131.0,10,0.0
2018-01-22 16:00:00,135.653,136.088,135.608,136.05,29869.0,5,0.0
2018-01-22 20:00:00,136.051,136.142,135.975,135.992,20073.0,10,0.0
2018-01-23 00:00:00,135.978,136.169,135.932,136.134,21194.0,8,0.0
2018-01-23 04:00:00,136.133,136.147,135.602,135.865,33094.0,7,0.0
2018-01-23 08:00:00,135.864,136.214,135.315,135.42,39094.0,4,0.0
2018-01-23 12:00:00,135.423,135.611,135.196,135.298,32395.0,3,0.0
2018-01-23 16:00:00,135.296,135.716,135.267,135.58,37550.0,10,0.0
2018-01-23 20:00:00,135.582,135.682,135.5,135.635,19442.0,10,0.0
2018-01-24 00:00:00,135.631,135.674,135.457,135.46,24812.0,10,0.0
2018-01-24 04:00:00,135.461,135.515,135.321,135.5,35685.0,7,0.0
2018-01-24 08:00:00,135.499,135.532,135.27,135.293,43451.0,5,0.0
2018-01-24 12:00:00,135.292,135.427,134.915,135.419,41708.0,8,0.0
2018-01-24 16:00:00,135.421,135.564,135.024,135.325,46291.0,8,0.0
2018-01-24 20:00:00,135.324,135.54,135.197,135.503,28781.0,10,0.0
2018-01-25 00:00:00,135.505,135.713,135.364,135.539,27539.0,10,0.0
2018-01-25 04:00:00,135.54,135.602,135.434,135.591,42918.0,9,0.0
2018-01-25 08:00:00,135.59,135.593,135.252,135.514,55740.0,10,0.0
2018-01-25 12:00:00,135.513,136.065,135.039,135.905,47766.0,10,0.0
2018-01-25 16:00:00,135.917,136.291,135.68,135.744,63324.0,4,0.0
2018-01-25 20:00:00,135.743,135.77,135.405,135.582,60764.0,2,0.0
2018-01-26 00:00:00,135.613,136.137,135.568,135.989,38083.0,10,0.0
2018-01-26 04:00:00,135.988,136.036,135.811,135.947,40060.0,10,0.0
2018-01-26 08:00:00,135.949,136.132,135.677,135.898,52736.0,10,0.0
2018-01-26 12:00:00,135.9,136.089,135.796,135.92,44173.0,5,0.0
2018-01-26 16:00:00,135.921,136.066,134.537,134.91,57583.0,4,0.0
2018-01-26 20:00:00,134.911,135.484,134.739,134.964,32055.0,0,0.0
2018-01-29 00:00:00,135.036,135.093,134.8,134.915,38582.0,10,0.0
2018-01-29 04:00:00,134.916,135.052,134.874,135.05,40382.0,10,0.0
2018-01-29 08:00:00,135.051,135.34,134.937,135.021,45165.0,10,0.0
2018-01-29 12:00:00,135.02,135.085,134.476,134.487,37535.0,6,0.0
2018-01-29 16:00:00,134.488,134.992,134.32,134.961,44064.0,10,0.0
2018-01-29 20:00:00,134.962,135.012,134.872,134.899,22977.0,10,0.0
2018-01-30 00:00:00,134.898,134.961,134.714,134.81,25966.0,9,0.0
2018-01-30 04:00:00,134.809,134.995,134.374,134.374,44249.0,2,0.0
2018-01-30 08:00:00,134.375,134.77,134.126,134.696,43653.0,7,0.0
2018-01-30 12:00:00,134.699,135.203,134.654,135.115,38129.0,10,0.0
2018-01-30 16:00:00,135.104,135.169,134.821,135.003,50793.0,10,0.0
2018-01-30 20:00:00,135.004,135.009,134.741,134.888,30440.0,10,0.0
2018-01-31 00:00:00,134.855,135.34,134.815,135.064,30606.0,10,0.0
2018-01-31 04:00:00,135.061,135.33,135.013,135.182,44800.0,10,0.0
2018-01-31 08:00:00,135.181,135.402,135.129,135.339,44048.0,5,0.0
2018-01-31 12:00:00,135.334,135.798,135.298,135.781,35894.0,8,0.0
2018-01-31 16:00:00,135.783,136.048,135.581,135.768,47814.0,10,0.0
2018-01-31 20:00:00,135.767,135.772,135.386,135.485,48839.0,3,0.0
2018-02-01 00:00:00,135.508,135.873,135.429,135.826,30104.0,10,0.0
2018-02-01 04:00:00,135.825,135.9,135.705,135.815,27694.0,9,0.0
2018-02-01 08:00:00,135.813,136.52,135.708,136.447,46224.0,8,0.0
2018-02-01 12:00:00,136.446,136.664,136.198,136.232,40149.0,10,0.0
2018-02-01 16:00:00,136.234,136.843,135.97,136.715,50215.0,10,0.0
2018-02-01 20:00:00,136.727,136.957,136.688,136.819,38268.0,7,0.0
2018-02-02 00:00:00,136.838,137.041,136.663,136.79,28483.0,8,0.0
2018-02-02 04:00:00,136.789,137.081,136.779,137.019,33556.0,7,0.0
2018-02-02 08:00:00,137.018,137.392,136.958,137.198,41694.0,10,0.0
2018-02-02 12:00:00,137.197,137.496,137.059,137.267,41877.0,10,0.0
2018-02-02 16:00:00,137.265,137.499,136.988,137.343,59580.0,4,0.0
2018-02-02 20:00:00,137.341,137.502,137.146,137.181,48260.0,5,0.0
2018-02-05 00:00:00,137.015,137.199,136.685,136.876,43251.0,6,0.0
2018-02-05 04:00:00,136.875,137.092,136.795,137.014,33242.0,7,0.0
2018-02-05 08:00:00,137.013,137.055,136.613,136.927,43266.0,10,0.0
2018-02-05 12:00:00,136.926,137.01,136.459,136.618,37573.0,10,0.0
2018-02-05 16:00:00,136.615,136.957,136.287,136.667,52050.0,0,0.0
2018-02-05 20:00:00,136.664,136.664,134.836,134.857,73038.0,8,0.0
2018-02-06 00:00:00,134.896,135.285,134.294,134.448,51051.0,8,0.0
2018-02-06 04:00:00,134.449,134.833,133.972,134.739,68472.0,6,0.0
2018-02-06 08:00:00,134.737,135.789,134.574,135.199,66134.0,5,0.0
2018-02-06 12:00:00,135.201,135.544,134.67,135.122,60884.0,10,0.0
2018-02-06 16:00:00,135.128,135.671,134.527,135.504,78406.0,1,0.0
2018-02-06 20:00:00,135.503,135.721,135.178,135.576,49195.0,10,0.0
2018-02-07 00:00:00,135.562,135.839,135.375,135.58,31359.0,10,0.0
2018-02-07 04:00:00,135.581,135.682,135.204,135.263,38948.0,9,0.0
2018-02-07 08:00:00,135.257,135.439,134.664,134.725,48701.0,10,0.0
2018-02-07 12:00:00,134.728,135.065,134.588,134.755,39419.0,10,0.0
2018-02-07 16:00:00,134.751,134.867,134.213,134.444,62902.0,4,0.0
2018-02-07 20:00:00,134.448,134.579,133.818,134.036,51228.0,10,0.0
2018-02-08 00:00:00,134.08,134.267,133.864,134.131,36833.0,2,0.0
2018-02-08 04:00:00,134.13,134.611,134.1,134.6,43346.0,10,0.0
2018-02-08 08:00:00,134.598,134.794,134.102,134.23,44562.0,10,0.0
2018-02-08 12:00:00,134.231,134.647,134.013,134.503,46048.0,10,0.0
2018-02-08 16:00:00,134.502,134.623,132.934,133.136,72506.0,10,0.0
2018-02-08 20:00:00,133.135,133.744,132.981,133.164,54996.0,6,0.0
2018-02-09 00:00:00,133.148,133.729,133.026,133.32,33324.0,10,0.0
2018-02-09 04:00:00,133.319,133.731,133.138,133.594,49030.0,7,0.0
2018-02-09 08:00:00,133.596,134.167,133.53,133.752,44441.0,10,0.0
2018-02-09 12:00:00,133.753,133.946,133.115,133.817,47051.0,4,0.0
2018-02-09 16:00:00,133.814,133.824,132.074,132.426,71054.0,2,0.0
2018-02-09 20:00:00,132.424,133.32,131.976,133.255,62262.0,8,0.0
2018-02-12 00:00:00,133.327,133.466,133.026,133.33,35616.0,6,0.0
2018-02-12 04:00:00,133.331,133.644,133.315,133.5,36041.0,7,0.0
2018-02-12 08:00:00,133.501,133.611,133.072,133.341,45157.0,6,0.0
2018-02-12 12:00:00,133.342,133.435,132.955,132.969,34794.0,5,0.0
2018-02-12 16:00:00,132.971,133.539,132.897,133.417,55948.0,4,0.0
2018-02-12 20:00:00,133.416,133.641,133.345,133.531,34397.0,6,0.0
2018-02-13 00:00:00,133.521,133.79,133.435,133.614,26772.0,2,0.0
2018-02-13 04:00:00,133.615,133.668,133.164,133.343,35668.0,5,0.0
2018-02-13 08:00:00,133.347,133.4,132.535,132.557,50157.0,6,0.0
2018-02-13 12:00:00,132.559,132.916,132.516,132.807,37497.0,2,0.0
2018-02-13 16:00:00,132.817,133.205,132.733,133.031,53273.0,5,0.0
2018-02-13 20:00:00,133.029,133.27,132.946,133.153,28546.0,4,0.0
2018-02-14 00:00:00,133.152,133.359,132.954,133.023,23798.0,5,0.0
2018-02-14 04:00:00,133.026,133.101,132.359,132.646,47496.0,2,0.0
2018-02-14 08:00:00,132.647,132.979,132.578,132.76,34148.0,5,0.0
2018-02-14 12:00:00,132.759,132.789,131.6,131.947,41205.0,1,0.0
2018-02-14 16:00:00,131.951,132.954,131.826,132.931,74650.0,0,0.0
2018-02-14 20:00:00,132.93,133.384,132.789,133.191,40839.0,5,0.0
2018-02-15 00:00:00,133.203,133.275,132.657,132.915,40116.0,2,0.0
2018-02-15 04:00:00,132.916,132.966,132.503,132.826,35952.0,1,0.0
2018-02-15 08:00:00,132.825,133.072,132.612,132.881,45116.0,2,0.0
2018-02-15 12:00:00,132.88,133.261,132.821,132.867,38286.0,0,0.0
2018-02-15 16:00:00,132.873,133.14,132.517,133.043,54386.0,4,0.0
2018-02-15 20:00:00,133.042,133.135,132.53,132.702,31241.0,6,0.0
2018-02-16 00:00:00,132.668,132.994,132.585,132.796,30237.0,5,0.0
2018-02-16 04:00:00,132.794,133.099,132.39,132.753,46692.0,3,0.0
2018-02-16 08:00:00,132.754,132.877,132.536,132.82,37631.0,3,0.0
2018-02-16 12:00:00,132.818,132.818,132.185,132.187,39609.0,3,0.0
2018-02-16 16:00:00,132.186,132.361,131.896,131.942,47727.0,2,0.0
2018-02-16 20:00:00,131.941,132.065,131.79,131.858,37076.0,2,0.0
2018-02-19 00:00:00,131.848,132.099,131.802,131.934,33036.0,0,0.0
2018-02-19 04:00:00,131.935,132.193,131.9,132.151,34329.0,8,0.0
2018-02-19 08:00:00,132.152,132.352,132.049,132.316,37974.0,9,0.0
2018-02-19 12:00:00,132.315,132.374,132.013,132.036,28393.0,10,0.0
2018-02-19 16:00:00,132.037,132.296,131.899,132.266,24594.0,10,0.0
2018-02-19 20:00:00,132.267,132.281,132.111,132.219,18289.0,10,0.0
2018-02-20 00:00:00,132.236,132.508,132.19,132.25,26154.0,10,0.0
2018-02-20 04:00:00,132.251,132.348,132.147,132.318,25928.0,10,0.0
2018-02-20 08:00:00,132.317,132.452,132.157,132.296,47414.0,4,0.0
2018-02-20 12:00:00,132.294,132.343,132.114,132.275,39879.0,7,0.0
2018-02-20 16:00:00,132.277,132.482,132.149,132.408,48735.0,7,0.0
2018-02-20 20:00:00,132.407,132.418,132.264,132.402,30113.0,10,0.0
2018-02-21 00:00:00,132.392,132.819,132.332,132.772,23475.0,9,0.0
2018-02-21 04:00:00,132.776,133.054,132.725,132.848,36157.0,10,0.0
2018-02-21 08:00:00,132.849,132.897,132.361,132.57,38862.0,10,0.0
2018-02-21 12:00:00,132.569,132.615,132.264,132.419,39696.0,7,0.0
2018-02-21 16:00:00,132.415,132.695,132.35,132.695,46950.0,10,0.0
2018-02-21 20:00:00,132.694,132.78,132.259,132.368,49481.0,10,0.0
2018-02-22 00:00:00,132.338,132.378,131.57,131.699,28805.0,10,0.0
2018-02-22 04:00:00,131.7,131.917,131.663,131.91,27997.0,8,0.0
2018-02-22 08:00:00,131.911,131.972,131.659,131.935,42164.0,10,0.0
2018-02-22 12:00:00,131.934,132.052,131.286,131.599,44437.0,10,0.0
2018-02-22 16:00:00,131.606,131.944,131.568,131.756,51850.0,8,0.0
2018-02-22 20:00:00,131.755,131.808,131.461,131.592,29384.0,10,0.0
2018-02-23 00:00:00,131.596,131.847,131.534,131.629,21664.0,10,0.0
2018-02-23 04:00:00,131.628,131.69,131.486,131.589,26260.0,10,0.0
2018-02-23 08:00:00,131.59,131.741,131.35,131.57,37897.0,7,0.0
2018-02-23 12:00:00,131.567,131.613,131.234,131.318,35133.0,5,0.0
2018-02-23 16:00:00,131.317,131.453,130.931,131.135,41987.0,5,0.0
2018-02-23 20:00:00,131.137,131.443,131.019,131.341,25669.0,8,0.0
2018-02-26 00:00:00,131.752,131.761,131.1,131.175,34493.0,5,0.0
2018-02-26 04:00:00,131.174,131.418,131.1,131.316,32313.0,9,0.0
2018-02-26 08:00:00,131.315,131.604,131.078,131.572,42373.0,7,0.0
2018-02-26 12:00:00,131.57,131.745,131.49,131.49,32814.0,4,0.0
2018-02-26 16:00:00,131.479,131.736,131.308,131.694,40990.0,10,0.0
2018-02-26 20:00:00,131.693,131.741,131.609,131.667,17785.0,10,0.0
2018-02-27 00:00:00,131.666,132.02,131.659,132.017,27451.0,10,0.0
2018-02-27 04:00:00,132.018,132.072,131.695,131.729,24892.0,7,0.0
2018-02-27 08:00:00,131.728,132.181,131.664,131.987,36543.0,1,0.0
2018-02-27 12:00:00,131.986,132.052,131.574,131.599,40033.0,0,0.0
2018-02-27 16:00:00,131.598,131.685,131.3,131.513,59883.0,0,0.0
2018-02-27 20:00:00,131.514,131.551,131.265,131.285,27689.0,5,0.0
2018-02-28 00:00:00,131.279,131.516,130.94,131.024,29487.0,5,0.0
2018-02-28 04:00:00,131.025,131.144,130.903,130.907,30980.0,9,0.0
2018-02-28 08:00:00,130.908,131.064,130.743,130.84,42215.0,1,0.0
2018-02-28 12:00:00,130.848,130.961,130.583,130.798,38537.0,2,0.0
2018-02-28 16:00:00,130.802,130.884,130.091,130.303,50312.0,1,0.0
2018-02-28 20:00:00,130.302,130.405,130.036,130.073,28374.0,4,0.0
2018-03-01 00:00:00,130.04,130.124,129.845,130.016,29678.0,6,0.0
2018-03-01 04:00:00,130.015,130.314,129.936,130.25,25761.0,7,0.0
2018-03-01 08:00:00,130.249,130.47,129.996,130.05,40978.0,1,0.0
2018-03-01 12:00:00,130.049,130.32,129.869,130.306,39587.0,0,0.0
2018-03-01 16:00:00,130.305,130.79,129.99,130.434,68969.0,0,0.0
2018-03-01 20:00:00,130.432,130.459,129.757,130.288,61746.0,0,0.0
2018-03-02 00:00:00,130.248,130.436,130.079,130.124,32009.0,6,0.0
2018-03-02 04:00:00,130.123,130.364,129.874,129.904,33936.0,6,0.0
2018-03-02 08:00:00,129.903,129.951,129.558,129.825,48292.0,9,0.0
2018-03-02 12:00:00,129.824,129.918,129.617,129.755,52876.0,6,0.0
2018-03-02 16:00:00,129.752,130.141,129.635,129.993,58372.0,7,0.0
2018-03-02 20:00:00,129.992,130.375,129.831,130.213,35762.0,10,0.0
2018-03-05 00:00:00,130.068,130.516,129.762,130.05,28888.0,3,0.0
2018-03-05 04:00:00,130.051,130.141,129.874,130.04,28802.0,9,0.0
2018-03-05 08:00:00,129.955,130.182,129.348,130.095,51886.0,0,0.0
2018-03-05 12:00:00,130.094,130.264,129.821,130.053,39155.0,6,0.0
2018-03-05 16:00:00,130.049,130.948,130.014,130.945,53561.0,3,0.0
2018-03-05 20:00:00,130.944,131.005,130.82,130.986,27234.0,6,0.0
2018-03-06 00:00:00,130.994,131.499,130.931,131.38,28663.0,9,0.0
2018-03-06 04:00:00,131.381,131.544,131.06,131.175,31223.0,8,0.0
2018-03-06 08:00:00,131.176,131.197,130.673,130.675,41765.0,5,0.0
2018-03-06 12:00:00,130.677,132.015,130.596,131.567,50442.0,0,0.0
2018-03-06 16:00:00,131.581,131.676,131.244,131.634,54493.0,0,0.0
2018-03-06 20:00:00,131.633,131.774,131.568,131.619,28077.0,6,0.0
2018-03-07 00:00:00,131.625,131.729,130.92,131.36,42175.0,1,0.0
2018-03-07 04:00:00,131.361,131.403,131.096,131.189,34688.0,6,0.0
2018-03-07 08:00:00,131.188,131.336,131.096,131.204,44888.0,4,0.0
2018-03-07 12:00:00,131.203,131.543,131.11,131.383,42174.0,4,0.0
2018-03-07 16:00:00,131.385,131.614,131.176,131.336,54774.0,1,0.0
2018-03-07 20:00:00,131.337,131.742,131.217,131.625,32205.0,5,0.0
2018-03-08 00:00:00,131.628,131.83,131.562,131.613,26319.0,6,0.0
2018-03-08 04:00:00,131.614,131.637,131.408,131.445,27725.0,10,0.0
2018-03-08 08:00:00,131.442,131.535,131.312,131.361,37587.0,3,0.0
2018-03-08 12:00:00,131.362,131.978,131.205,131.564,46682.0,0,0.0
2018-03-08 16:00:00,131.563,131.625,130.515,130.739,58772.0,5,0.0
2018-03-08 20:00:00,130.741,130.874,130.57,130.758,32324.0,8,0.0
2018-03-09 00:00:00,130.756,131.591,130.671,131.43,34141.0,8,0.0
2018-03-09 04:00:00,131.429,131.451,131.196,131.327,32382.0,10,0.0
2018-03-09 08:00:00,131.328,131.505,131.247,131.354,37678.0,8,0.0
2018-03-09 12:00:00,131.355,131.545,131.196,131.378,45885.0,1,0.0
2018-03-09 16:00:00,131.377,131.89,131.345,131.565,52476.0,10,0.0
2018-03-09 20:00:00,131.566,131.611,131.394,131.414,27531.0,7,0.0
2018-03-12 00:00:00,131.459,131.695,131.248,131.27,29818.0,10,0.0
2018-03-12 04:00:00,131.272,131.425,131.082,131.37,32287.0,7,0.0
2018-03-12 08:00:00,131.369,131.533,131.172,131.174,35991.0,10,0.0
2018-03-12 12:00:00,131.175,131.236,130.962,131.102,33945.0,10,0.0
2018-03-12 16:00:00,131.105,131.354,131.082,131.346,39012.0,10,0.0
2018-03-12 20:00:00,131.347,131.372,131.185,131.271,24164.0,10,0.0
2018-03-13 00:00:00,131.28,131.323,131.109,131.248,19782.0,8,0.0
2018-03-13 04:00:00,131.249,131.684,131.176,131.635,28502.0,10,0.0
2018-03-13 08:00:00,131.634,132.213,131.594,132.099,34459.0,10,0.0
2018-03-13 12:00:00,132.1,132.427,132.021,132.221,48830.0,0,0.0
2018-03-13 16:00:00,132.223,132.329,131.988,132.106,56610.0,5,0.0
2018-03-13 20:00:00,132.104,132.236,131.87,131.905,28068.0,10,0.0
2018-03-14 00:00:00,131.918,132.278,131.856,132.118,21355.0,10,0.0
2018-03-14 04:00:00,132.119,132.188,131.99,132.055,25765.0,10,0.0
2018-03-14 08:00:00,132.057,132.176,131.719,131.789,39588.0,10,0.0
2018-03-14 12:00:00,131.787,131.87,131.552,131.586,41424.0,10,0.0
2018-03-14 16:00:00,131.587,131.65,131.018,131.589,51407.0,5,0.0
2018-03-14 20:00:00,131.588,131.623,131.357,131.478,30879.0,10,0.0
2018-03-15 00:00:00,131.479,131.534,130.971,131.099,27199.0,10,0.0
2018-03-15 04:00:00,131.1,131.299,130.979,131.078,24989.0,10,0.0
2018-03-15 08:00:00,131.079,131.299,130.822,130.945,33452.0,7,0.0
2018-03-15 12:00:00,130.944,130.997,130.558,130.622,44820.0,9,0.0
2018-03-15 16:00:00,130.623,131.032,130.57,130.736,49733.0,1,0.0
2018-03-15 20:00:00,130.735,130.899,130.591,130.837,32493.0,8,0.0
2018-03-16 00:00:00,130.835,130.888,130.28,130.384,26518.0,5,0.0
2018-03-16 04:00:00,130.383,130.477,130.298,130.352,26493.0,10,0.0
2018-03-16 08:00:00,130.355,130.583,130.125,130.267,32051.0,10,0.0
2018-03-16 12:00:00,130.266,130.369,130.135,130.27,39509.0,7,0.0
2018-03-16 16:00:00,130.271,130.449,130.073,130.369,42943.0,10,0.0
2018-03-16 20:00:00,130.372,130.41,130.179,130.23,17466.0,10,0.0
2018-03-19 00:00:00,130.318,130.32,129.719,129.827,29786.0,4,0.0
2018-03-19 04:00:00,129.826,129.915,129.625,129.661,26534.0,10,0.0
2018-03-19 08:00:00,129.66,130.252,129.602,130.193,36128.0,7,0.0
2018-03-19 12:00:00,130.192,130.966,130.191,130.651,51122.0,7,0.0
2018-03-19 16:00:00,130.649,130.791,130.414,130.751,46978.0,10,0.0
2018-03-19 20:00:00,130.75,131.066,130.706,130.782,30693.0,10,0.0
2018-03-20 00:00:00,130.785,131.28,130.725,131.178,26336.0,10,0.0
2018-03-20 04:00:00,131.177,131.254,131.074,131.129,23330.0,10,0.0
2018-03-20 08:00:00,131.13,131.711,130.854,130.971,40248.0,10,0.0
2018-03-20 12:00:00,130.973,131.123,130.541,130.576,40343.0,10,0.0
2018-03-20 16:00:00,130.591,130.816,130.339,130.452,43181.0,10,0.0
2018-03-20 20:00:00,130.453,130.505,130.383,130.417,21507.0,10,0.0
2018-03-21 00:00:00,130.415,130.537,130.403,130.49,11848.0,7,0.0
2018-03-21 04:00:00,130.489,130.589,130.459,130.485,13027.0,10,0.0
2018-03-21 08:00:00,130.484,130.633,130.404,130.527,30247.0,8,0.0
2018-03-21 12:00:00,130.528,130.638,130.181,130.561,42284.0,10,0.0
2018-03-21 16:00:00,130.562,130.606,130.304,130.386,36707.0,9,0.0
2018-03-21 20:00:00,130.383,131.062,130.335,130.859,62325.0,0,0.0
2018-03-22 00:00:00,130.861,130.963,130.56,130.663,30880.0,10,0.0
2018-03-22 04:00:00,130.665,130.859,130.559,130.738,24301.0,10,0.0
2018-03-22 08:00:00,130.737,131.015,130.172,130.275,45065.0,6,0.0
2018-03-22 12:00:00,130.274,130.305,129.635,129.916,56033.0,7,0.0
2018-03-22 16:00:00,129.908,130.239,129.493,130.112,74544.0,10,0.0
2018-03-22 20:00:00,130.113,130.185,129.491,129.588,43129.0,9,0.0
2018-03-23 00:00:00,129.591,129.631,128.944,129.364,40663.0,10,0.0
2018-03-23 04:00:00,129.365,129.405,129.181,129.229,31839.0,10,0.0
2018-03-23 08:00:00,129.23,129.567,129.157,129.249,49737.0,10,0.0
2018-03-23 12:00:00,129.25,129.972,129.222,129.709,54218.0,10,0.0
2018-03-23 16:00:00,129.71,129.92,129.478,129.836,63414.0,10,0.0
2018-03-23 20:00:00,129.837,129.858,129.329,129.349,42328.0,10,0.0
2018-03-26 00:00:00,129.281,129.889,129.243,129.851,20312.0,4,0.0
2018-03-26 04:00:00,129.852,129.925,129.72,129.762,27336.0,6,0.0
2018-03-26 08:00:00,129.763,130.242,129.697,130.062,39879.0,4,0.0
2018-03-26 12:00:00,130.061,130.527,130.049,130.432,38179.0,4,0.0
2018-03-26 16:00:00,130.433,130.896,130.355,130.824,59400.0,1,0.0
2018-03-26 20:00:00,130.823,131.375,130.796,131.145,35808.0,4,0.0
2018-03-27 00:00:00,131.144,131.562,131.124,131.456,21431.0,2,0.0
2018-03-27 04:00:00,131.455,131.596,131.426,131.5,27070.0,6,0.0
2018-03-27 08:00:00,131.499,131.815,131.178,131.212,37417.0,0,0.0
2018-03-27 12:00:00,131.213,131.279,130.923,130.975,37754.0,1,0.0
2018-03-27 16:00:00,130.97,131.268,130.884,131.256,56967.0,2,0.0
2018-03-27 20:00:00,131.257,131.296,130.576,130.62,52033.0,7,0.0
2018-03-28 00:00:00,130.621,131.043,130.565,130.931,27302.0,2,0.0
2018-03-28 04:00:00,130.93,131.174,130.885,130.956,28403.0,8,0.0
2018-03-28 08:00:00,130.955,131.033,130.585,130.84,37632.0,5,0.0
2018-03-28 12:00:00,130.839,131.705,130.753,131.351,38284.0,7,0.0
2018-03-28 16:00:00,131.348,131.402,130.866,131.359,58484.0,3,0.0
2018-03-28 20:00:00,131.358,131.621,131.337,131.461,44094.0,5,0.0
2018-03-29 00:00:00,131.458,131.601,131.359,131.547,19755.0,6,0.0
2018-03-29 04:00:00,131.545,131.566,131.233,131.258,32219.0,6,0.0
2018-03-29 08:00:00,131.256,131.387,131.055,131.238,29918.0,7,0.0
2018-03-29 12:00:00,131.239,131.346,131.042,131.22,27689.0,7,0.0
2018-03-29 16:00:00,131.216,131.336,130.61,130.779,44108.0,6,0.0
2018-03-29 20:00:00,130.78,131.134,130.749,130.882,34163.0,7,0.0
2018-03-30 00:00:00,130.883,131.057,130.619,130.715,24542.0,7,0.0
2018-03-30 04:00:00,130.714,131.081,130.644,130.824,36778.0,5,0.0
2018-03-30 08:00:00,130.825,130.961,130.616,130.882,20493.0,9,0.0
2018-03-30 12:00:00,130.883,130.928,130.791,130.873,12333.0,8,0.0
2018-03-30 16:00:00,130.873,130.959,130.756,130.902,30271.0,8,0.0
2018-03-30 20:00:00,130.903,130.986,130.828,130.894,25045.0,10,0.0
2018-04-02 00:00:00,131.014,131.087,130.803,130.956,22729.0,7,0.0
2018-04-02 04:00:00,130.957,131.129,130.924,130.965,22015.0,7,0.0
2018-04-02 08:00:00,130.964,131.083,130.898,131.035,14974.0,6,0.0
2018-04-02 12:00:00,131.034,131.291,131.01,131.285,14015.0,1,0.0
2018-04-02 16:00:00,131.287,131.294,130.117,130.332,59695.0,2,0.0
2018-04-02 20:00:00,130.333,130.35,129.977,130.256,46588.0,5,0.0
2018-04-03 00:00:00,130.226,130.295,129.984,130.179,18753.0,7,0.0
2018-04-03 04:00:00,130.178,130.431,130.159,130.399,23318.0,4,0.0
2018-04-03 08:00:00,130.4,130.919,130.297,130.674,38980.0,5,0.0
2018-04-03 12:00:00,130.673,130.824,130.454,130.693,36581.0,7,0.0
2018-04-03 16:00:00,130.698,130.809,130.376,130.564,61940.0,6,0.0
2018-04-03 20:00:00,130.565,130.871,130.514,130.798,43602.0,7,0.0
2018-04-04 00:00:00,130.766,130.851,130.629,130.794,20232.0,8,0.0
2018-04-04 04:00:00,130.796,130.849,130.665,130.828,23805.0,7,0.0
2018-04-04 08:00:00,130.827,130.869,130.394,130.53,43618.0,4,0.0
2018-04-04 12:00:00,130.527,130.71,130.228,130.645,42761.0,7,0.0
2018-04-04 16:00:00,130.643,131.151,130.524,131.069,61506.0,6,0.0
2018-04-04 20:00:00,131.068,131.189,130.827,131.091,38686.0,6,0.0
2018-04-05 00:00:00,131.092,131.308,131.05,131.292,21083.0,7,0.0
2018-04-05 04:00:00,131.293,131.412,131.175,131.281,27910.0,6,0.0
2018-04-05 08:00:00,131.28,131.442,131.105,131.371,34521.0,4,0.0
2018-04-05 12:00:00,131.372,131.471,131.058,131.171,37947.0,3,0.0
2018-04-05 16:00:00,131.169,131.484,131.149,131.445,51106.0,7,0.0
2018-04-05 20:00:00,131.448,131.496,131.286,131.427,28532.0,6,0.0
2018-04-06 00:00:00,131.426,131.489,131.084,131.249,28742.0,3,0.0
2018-04-06 04:00:00,131.25,131.47,131.109,131.378,39909.0,7,0.0
2018-04-06 08:00:00,131.376,131.444,131.211,131.419,41715.0,7,0.0
2018-04-06 12:00:00,131.42,131.493,131.205,131.323,42087.0,0,0.0
2018-04-06 16:00:00,131.325,131.618,131.156,131.481,70545.0,0,0.0
2018-04-06 20:00:00,131.48,131.481,131.172,131.299,51961.0,1,0.0
2018-04-09 00:00:00,131.39,131.423,131.104,131.199,27978.0,7,0.0
2018-04-09 04:00:00,131.2,131.401,131.125,131.386,32974.0,7,0.0
2018-04-09 08:00:00,131.387,131.574,131.208,131.501,45868.0,4,0.0
2018-04-09 12:00:00,131.502,131.722,131.388,131.708,37656.0,6,0.0
2018-04-09 16:00:00,131.711,131.992,131.672,131.724,45562.0,2,0.0
2018-04-09 20:00:00,131.725,131.78,131.373,131.505,35565.0,6,0.0
2018-04-10 00:00:00,131.511,131.592,131.42,131.489,18715.0,3,0.0
2018-04-10 04:00:00,131.488,132.032,131.469,131.95,43818.0,7,0.0
2018-04-10 08:00:00,131.949,132.043,131.675,131.855,41807.0,4,0.0
2018-04-10 12:00:00,131.854,132.474,131.821,132.238,40978.0,4,0.0
2018-04-10 16:00:00,132.234,132.617,132.174,132.314,58072.0,7,0.0
2018-04-10 20:00:00,132.316,132.59,132.307,132.441,41474.0,3,0.0
2018-04-11 00:00:00,132.426,132.535,132.251,132.382,21443.0,6,0.0
2018-04-11 04:00:00,132.383,132.43,132.278,132.314,27165.0,7,0.0
2018-04-11 08:00:00,132.313,132.606,132.175,132.379,33259.0,0,0.0
2018-04-11 12:00:00,132.378,132.431,132.145,132.207,39863.0,1,0.0
2018-04-11 16:00:00,132.208,132.399,132.067,132.24,52987.0,0,0.0
2018-04-11 20:00:00,132.242,132.296,132.026,132.059,43746.0,1,0.0
2018-04-12 00:00:00,132.029,132.282,132.029,132.235,19688.0,6,0.0
2018-04-12 04:00:00,132.234,132.317,132.09,132.118,24571.0,7,0.0
2018-04-12 08:00:00,132.119,132.266,131.879,131.88,32044.0,5,0.0
2018-04-12 12:00:00,131.881,132.318,131.8,132.064,45146.0,0,0.0
2018-04-12 16:00:00,132.061,132.276,132.019,132.244,51467.0,2,0.0
2018-04-12 20:00:00,132.243,132.334,132.113,132.261,39383.0,0,0.0
2018-04-13 00:00:00,132.259,132.367,132.17,132.323,18123.0,7,0.0
2018-04-13 04:00:00,132.324,132.513,132.28,132.38,24544.0,7,0.0
2018-04-13 08:00:00,132.379,132.894,132.356,132.738,41663.0,3,0.0
2018-04-13 12:00:00,132.736,132.817,132.545,132.641,33053.0,0,0.0
2018-04-13 16:00:00,132.642,132.784,132.428,132.542,47281.0,2,0.0
2018-04-13 20:00:00,132.543,132.621,132.337,132.337,43021.0,2,0.0
2018-04-16 00:00:00,132.562,132.646,132.4,132.606,20810.0,5,0.0
2018-04-16 04:00:00,132.608,132.62,132.178,132.246,27177.0,6,0.0
2018-04-16 08:00:00,132.245,132.605,132.111,132.535,37838.0,4,0.0
2018-04-16 12:00:00,132.534,132.904,132.468,132.861,30027.0,4,0.0
2018-04-16 16:00:00,132.862,132.969,132.59,132.637,40648.0,6,0.0
2018-04-16 20:00:00,132.638,132.662,132.494,132.591,26107.0,5,0.0
2018-04-17 00:00:00,132.556,132.669,132.515,132.585,19000.0,6,0.0
2018-04-17 04:00:00,132.587,132.591,132.451,132.561,23033.0,7,0.0
2018-04-17 08:00:00,132.562,132.767,132.457,132.476,33520.0,3,0.0
2018-04-17 12:00:00,132.47,132.566,132.292,132.295,31238.0,7,0.0
2018-04-17 16:00:00,132.294,132.395,132.107,132.129,40396.0,5,0.0
2018-04-17 20:00:00,132.126,132.451,132.103,132.355,28235.0,2,0.0
2018-04-18 00:00:00,132.34,132.614,132.301,132.584,18541.0,8,0.0
2018-04-18 04:00:00,132.583,132.905,132.542,132.87,25039.0,4,0.0
2018-04-18 08:00:00,132.869,132.897,132.551,132.591,38099.0,6,0.0
2018-04-18 12:00:00,132.59,132.878,132.423,132.865,33720.0,5,0.0
2018-04-18 16:00:00,132.857,132.859,132.65,132.777,42762.0,5,0.0
2018-04-18 20:00:00,132.776,132.851,132.662,132.67,24500.0,7,0.0
2018-04-19 00:00:00,132.666,132.955,132.652,132.916,20476.0,2,0.0
2018-04-19 04:00:00,132.917,133.025,132.881,132.98,26442.0,7,0.0
2018-04-19 08:00:00,132.979,133.089,132.719,132.761,42158.0,2,0.0
2018-04-19 12:00:00,132.76,132.949,132.692,132.884,39456.0,0,0.0
2018-04-19 16:00:00,132.891,132.957,132.426,132.427,50309.0,3,0.0
2018-04-19 20:00:00,132.426,132.735,132.352,132.527,37521.0,0,0.0
2018-04-20 00:00:00,132.502,132.781,132.502,132.684,20934.0,5,0.0
2018-04-20 04:00:00,132.685,132.971,132.625,132.842,25667.0,5,0.0
2018-04-20 08:00:00,132.845,132.89,132.495,132.524,40911.0,4,0.0
2018-04-20 12:00:00,132.522,132.525,132.335,132.359,38977.0,0,0.0
2018-04-20 16:00:00,132.361,132.387,132.036,132.201,52617.0,0,0.0
2018-04-20 20:00:00,132.202,132.284,132.086,132.241,26706.0,5,0.0
2018-04-23 00:00:00,132.264,132.444,132.224,132.297,27876.0,0,0.0
2018-04-23 04:00:00,132.298,132.4,132.248,132.295,30966.0,3,0.0
2018-04-23 08:00:00,132.294,132.559,132.103,132.171,37903.0,3,0.0
2018-04-23 12:00:00,132.17,132.463,132.136,132.455,35173.0,2,0.0
2018-04-23 16:00:00,132.454,132.785,132.381,132.744,43997.0,1,0.0
2018-04-23 20:00:00,132.742,132.759,132.554,132.695,29625.0,4,0.0
2018-04-24 00:00:00,132.689,132.825,132.666,132.748,16447.0,7,0.0
2018-04-24 04:00:00,132.746,132.89,132.61,132.889,31746.0,5,0.0
2018-04-24 08:00:00,132.89,132.959,132.626,132.792,34071.0,2,0.0
2018-04-24 12:00:00,132.793,133.075,132.741,133.05,32590.0,2,0.0
2018-04-24 16:00:00,133.04,133.483,132.995,133.078,57616.0,1,0.0
2018-04-24 20:00:00,133.077,133.131,132.861,133.098,41083.0,2,0.0
2018-04-25 00:00:00,133.073,133.217,133.065,133.164,19323.0,4,0.0
2018-04-25 04:00:00,133.165,133.28,133.022,133.203,27909.0,5,0.0
2018-04-25 08:00:00,133.204,133.334,133.074,133.117,40371.0,1,0.0
2018-04-25 12:00:00,133.116,133.256,132.909,133.04,43684.0,1,0.0
2018-04-25 16:00:00,133.041,133.254,132.959,133.109,57744.0,2,0.0
2018-04-25 20:00:00,133.106,133.215,133.056,133.065,29255.0,4,0.0
2018-04-26 00:00:00,133.041,133.208,132.976,133.187,19031.0,1,0.0
2018-04-26 04:00:00,133.188,133.25,133.081,133.133,29306.0,1,0.0
2018-04-26 08:00:00,133.132,133.247,132.962,133.109,30637.0,4,0.0
2018-04-26 12:00:00,133.107,133.23,132.666,133.186,40275.0,0,0.0
2018-04-26 16:00:00,133.19,133.215,132.286,132.42,50092.0,0,0.0
2018-04-26 20:00:00,132.421,132.503,132.285,132.29,21384.0,4,0.0
2018-04-27 00:00:00,132.261,132.393,132.24,132.293,16403.0,4,0.0
2018-04-27 04:00:00,132.292,132.321,132.155,132.232,21134.0,5,0.0
2018-04-27 08:00:00,132.235,132.345,131.94,132.033,37893.0,1,0.0
2018-04-27 12:00:00,132.034,132.225,131.882,132.097,36717.0,2,0.0
2018-04-27 16:00:00,132.096,132.16,131.882,132.117,45702.0,1,0.0
2018-04-27 20:00:00,132.116,132.36,132.054,132.236,22805.0,6,0.0
2018-04-30 00:00:00,132.199,132.325,132.156,132.28,12556.0,6,0.0
2018-04-30 04:00:00,132.279,132.374,132.243,132.365,18065.0,7,0.0
2018-04-30 08:00:00,132.364,132.539,132.278,132.301,31793.0,5,0.0
2018-04-30 12:00:00,132.3,132.409,132.03,132.131,32648.0,2,0.0
2018-04-30 16:00:00,132.129,132.231,131.858,132.033,44604.0,5,0.0
2018-04-30 20:00:00,132.032,132.079,131.945,132.03,25668.0,6,0.0
2018-05-01 00:00:00,132.035,132.13,131.865,132.058,15893.0,7,0.0
2018-05-01 04:00:00,132.057,132.131,132.033,132.079,13606.0,7,0.0
2018-05-01 08:00:00,132.08,132.091,131.818,131.89,22011.0,6,0.0
2018-05-01 12:00:00,131.892,132.023,131.806,131.922,24008.0,3,0.0
2018-05-01 16:00:00,131.923,131.949,131.569,131.714,36713.0,3,0.0
2018-05-01 20:00:00,131.713,131.82,131.581,131.768,21313.0,7,0.0
2018-05-02 00:00:00,131.761,131.824,131.634,131.698,11289.0,1,0.0
2018-05-02 04:00:00,131.699,131.781,131.689,131.751,13710.0,7,0.0
2018-05-02 08:00:00,131.752,132.11,131.67,131.776,31073.0,1,0.0
2018-05-02 12:00:00,131.769,131.909,131.749,131.887,29280.0,4,0.0
2018-05-02 16:00:00,131.889,131.899,131.453,131.505,37995.0,3,0.0
2018-05-02 20:00:00,131.504,131.838,131.249,131.291,42640.0,0,0.0
2018-05-03 00:00:00,131.261,131.409,131.231,131.278,15448.0,6,0.0
2018-05-03 04:00:00,131.279,131.462,131.253,131.457,21614.0,6,0.0
2018-05-03 08:00:00,131.456,131.665,131.317,131.426,34097.0,4,0.0
2018-05-03 12:00:00,131.431,131.431,130.797,130.889,43139.0,4,0.0
2018-05-03 16:00:00,130.893,130.999,130.264,130.85,55577.0,2,0.0
2018-05-03 20:00:00,130.852,131.132,130.696,130.9,34474.0,1,0.0
2018-05-04 00:00:00,130.881,130.938,130.77,130.83,14627.0,8,0.0
2018-05-04 04:00:00,130.831,130.865,130.619,130.765,16482.0,7,0.0
2018-05-04 08:00:00,130.766,130.795,130.445,130.447,29386.0,0,0.0
2018-05-04 12:00:00,130.446,130.519,129.984,130.196,38666.0,0,0.0
2018-05-04 16:00:00,130.195,130.435,129.88,130.354,53580.0,2,0.0
2018-05-04 20:00:00,130.353,130.535,130.335,130.416,23040.0,7,0.0
2018-05-07 00:00:00,130.43,130.58,130.311,130.35,20065.0,7,0.0
2018-05-07 04:00:00,130.351,130.522,130.189,130.498,24924.0,7,0.0
2018-05-07 08:00:00,130.497,130.505,130.194,130.388,28321.0,6,0.0
2018-05-07 12:00:00,130.387,130.423,130.112,130.225,26917.0,6,0.0
2018-05-07 16:00:00,130.221,130.29,130.095,130.144,33786.0,3,0.0
2018-05-07 20:00:00,130.142,130.155,129.942,130.043,21993.0,7,0.0
2018-05-08 00:00:00,130.022,130.11,129.929,129.973,18150.0,7,0.0
2018-05-08 04:00:00,129.972,129.983,129.808,129.899,21026.0,7,0.0
2018-05-08 08:00:00,129.898,130.003,129.546,129.624,37392.0,2,0.0
2018-05-08 12:00:00,129.625,129.631,129.214,129.443,32271.0,3,0.0
2018-05-08 16:00:00,129.442,129.719,129.315,129.544,48805.0,2,0.0
2018-05-08 20:00:00,129.543,129.607,129.236,129.449,37337.0,2,0.0
2018-05-09 00:00:00,129.448,129.641,129.342,129.615,21451.0,7,0.0
2018-05-09 04:00:00,129.614,129.864,129.614,129.763,30669.0,5,0.0
2018-05-09 08:00:00,129.762,130.155,129.671,130.118,38527.0,4,0.0
2018-05-09 12:00:00,130.117,130.442,130.017,130.328,40438.0,3,0.0
2018-05-09 16:00:00,130.327,130.487,129.92,129.991,41115.0,4,0.0
2018-05-09 20:00:00,129.99,130.147,129.967,130.035,22393.0,7,0.0
2018-05-10 00:00:00,130.009,130.214,129.93,130.165,22407.0,6,0.0
2018-05-10 04:00:00,130.168,130.231,130.003,130.23,25466.0,7,0.0
2018-05-10 08:00:00,130.229,130.562,130.175,130.338,38319.0,5,0.0
2018-05-10 12:00:00,130.337,130.555,130.097,130.509,48775.0,0,0.0
2018-05-10 16:00:00,130.508,130.764,130.106,130.352,53821.0,2,0.0
2018-05-10 20:00:00,130.351,130.496,130.298,130.399,33402.0,6,0.0
2018-05-11 00:00:00,130.4,130.544,130.193,130.235,19248.0,7,0.0
2018-05-11 04:00:00,130.236,130.474,130.207,130.397,22251.0,5,0.0
2018-05-11 08:00:00,130.395,130.449,129.992,130.256,34749.0,3,0.0
2018-05-11 12:00:00,130.255,130.605,130.236,130.551,29731.0,4,0.0
2018-05-11 16:00:00,130.552,130.686,130.52,130.614,39584.0,2,0.0
2018-05-11 20:00:00,130.609,130.641,130.48,130.529,24610.0,2,0.0
2018-05-14 00:00:00,130.57,130.742,130.492,130.727,18830.0,5,0.0
2018-05-14 04:00:00,130.726,130.871,130.651,130.787,20016.0,7,0.0
2018-05-14 08:00:00,130.785,131.311,130.768,131.294,36642.0,5,0.0
2018-05-14 12:00:00,131.293,131.384,131.187,131.25,27718.0,2,0.0
2018-05-14 16:00:00,131.249,131.38,131.029,131.054,34036.0,5,0.0
2018-05-14 20:00:00,131.053,131.078,130.751,130.759,23385.0,6,0.0
2018-05-15 00:00:00,130.758,130.981,130.747,130.962,17704.0,7,0.0
2018-05-15 04:00:00,130.963,130.999,130.902,130.937,21168.0,7,0.0
2018-05-15 08:00:00,130.938,131.133,130.907,131.04,36071.0,3,0.0
2018-05-15 12:00:00,131.043,131.11,130.542,130.551,42842.0,1,0.0
2018-05-15 16:00:00,130.55,130.978,130.43,130.854,50938.0,4,0.0
2018-05-15 20:00:00,130.856,130.887,130.601,130.601,33589.0,5,0.0
2018-05-16 00:00:00,130.58,130.666,130.299,130.514,24521.0,6,0.0
2018-05-16 04:00:00,130.515,130.521,130.318,130.443,25499.0,7,0.0
2018-05-16 08:00:00,130.442,130.563,130.3,130.409,40597.0,6,0.0
2018-05-16 12:00:00,130.404,130.404,129.516,129.557,49449.0,5,0.0
2018-05-16 16:00:00,129.555,130.349,129.53,130.028,49168.0,5,0.0
2018-05-16 20:00:00,130.026,130.35,130.019,130.325,22482.0,8,0.0
2018-05-17 00:00:00,130.303,130.412,130.227,130.313,20320.0,4,0.0
2018-05-17 04:00:00,130.311,130.442,130.255,130.383,28206.0,6,0.0
2018-05-17 08:00:00,130.384,130.842,130.297,130.76,50584.0,2,0.0
2018-05-17 12:00:00,130.759,130.85,130.27,130.748,43072.0,5,0.0
2018-05-17 16:00:00,130.749,130.765,130.511,130.61,43117.0,5,0.0
2018-05-17 20:00:00,130.608,130.703,130.511,130.609,21236.0,7,0.0
2018-05-18 00:00:00,130.593,130.943,130.585,130.901,20427.0,5,0.0
2018-05-18 04:00:00,130.9,131.017,130.885,130.943,22924.0,7,0.0
2018-05-18 08:00:00,130.942,131.13,130.88,130.996,34474.0,4,0.0
2018-05-18 12:00:00,130.995,131.068,130.519,130.586,39307.0,5,0.0
2018-05-18 16:00:00,130.584,130.637,130.229,130.349,47284.0,3,0.0
2018-05-18 20:00:00,130.348,130.38,130.254,130.336,21491.0,5,0.0
2018-05-21 00:00:00,130.511,130.569,130.365,130.421,23889.0,6,0.0
2018-05-21 04:00:00,130.423,130.729,130.385,130.703,34544.0,6,0.0
2018-05-21 08:00:00,130.702,130.867,130.482,130.685,38627.0,7,0.0
2018-05-21 12:00:00,130.686,131.006,130.559,130.941,31501.0,6,0.0
2018-05-21 16:00:00,130.94,130.999,130.577,130.682,38899.0,7,0.0
2018-05-21 20:00:00,130.683,130.933,130.636,130.928,20559.0,9,0.0
2018-05-22 00:00:00,130.899,130.965,130.772,130.844,19348.0,5,0.0
2018-05-22 04:00:00,130.843,130.86,130.597,130.616,23313.0,3,0.0
2018-05-22 08:00:00,130.617,131.353,130.593,131.066,46568.0,5,0.0
2018-05-22 12:00:00,131.065,131.2,130.625,130.66,39191.0,6,0.0
2018-05-22 16:00:00,130.659,130.87,130.599,130.73,42304.0,6,0.0
2018-05-22 20:00:00,130.729,130.79,130.583,130.609,21398.0,6,0.0
2018-05-23 00:00:00,130.638,130.684,130.5,130.602,22948.0,6,0.0
2018-05-23 04:00:00,130.6,130.612,129.684,129.983,36858.0,3,0.0
2018-05-23 08:00:00,129.982,130.027,128.456,128.839,60385.0,0,0.0
2018-05-23 12:00:00,128.84,128.917,128.213,128.58,52483.0,5,0.0
2018-05-23 16:00:00,128.579,129.043,128.486,128.908,58684.0,6,0.0
2018-05-23 20:00:00,128.905,128.925,128.632,128.713,40856.0,4,0.0
2018-05-24 00:00:00,128.709,128.86,128.312,128.371,29956.0,5,0.0
2018-05-24 04:00:00,128.37,128.441,127.957,128.18,40425.0,6,0.0
2018-05-24 08:00:00,128.179,128.859,127.967,128.764,57176.0,2,0.0
2018-05-24 12:00:00,128.763,128.814,128.32,128.554,42348.0,1,0.0
2018-05-24 16:00:00,128.553,128.563,127.703,128.248,60823.0,4,0.0
2018-05-24 20:00:00,128.249,128.4,128.002,128.009,30646.0,5,0.0
2018-05-25 00:00:00,127.984,128.409,127.913,128.32,26079.0,8,0.0
2018-05-25 04:00:00,128.321,128.5,128.221,128.249,27370.0,4,0.0
2018-05-25 08:00:00,128.248,128.456,127.752,128.44,50202.0,4,0.0
2018-05-25 12:00:00,128.441,128.514,127.496,127.671,52873.0,2,0.0
2018-05-25 16:00:00,127.669,127.729,127.134,127.595,49815.0,5,0.0
2018-05-25 20:00:00,127.596,127.739,127.344,127.384,26230.0,3,0.0
2018-05-28 00:00:00,128.22,128.351,128.005,128.053,35132.0,5,0.0
2018-05-28 04:00:00,128.055,128.269,127.968,128.262,35725.0,6,0.0
2018-05-28 08:00:00,128.261,128.527,127.705,127.734,45540.0,4,0.0
2018-05-28 12:00:00,127.733,127.817,126.852,126.932,50734.0,2,0.0
2018-05-28 16:00:00,126.934,127.257,126.847,127.224,29242.0,5,0.0
2018-05-28 20:00:00,127.223,127.227,127.082,127.152,18934.0,7,0.0
2018-05-29 00:00:00,127.157,127.268,126.871,126.966,26768.0,1,0.0
2018-05-29 04:00:00,126.964,126.993,126.501,126.838,39567.0,4,0.0
2018-05-29 08:00:00,126.837,126.93,125.085,125.342,77758.0,5,0.0
2018-05-29 12:00:00,125.341,126.16,125.034,126.098,79755.0,3,0.0
2018-05-29 16:00:00,126.101,126.435,125.321,125.573,72480.0,2,0.0
2018-05-29 20:00:00,125.574,125.581,124.609,125.473,49360.0,5,0.0
2018-05-30 00:00:00,125.455,125.475,124.987,125.127,25780.0,1,0.0
2018-05-30 04:00:00,125.126,125.592,124.976,125.37,36309.0,2,0.0
2018-05-30 08:00:00,125.369,126.342,125.138,126.153,71939.0,0,0.0
2018-05-30 12:00:00,126.157,126.88,125.885,126.527,67826.0,2,0.0
2018-05-30 16:00:00,126.528,127.314,126.232,127.034,65597.0,1,0.0
2018-05-30 20:00:00,127.033,127.09,126.765,127.007,27927.0,6,0.0
2018-05-31 00:00:00,126.973,127.062,126.505,126.788,21913.0,1,0.0
2018-05-31 04:00:00,126.786,126.963,126.456,126.804,27828.0,7,0.0
2018-05-31 08:00:00,126.805,127.685,126.698,127.668,62427.0,0,0.0
2018-05-31 12:00:00,127.67,127.722,126.957,127.014,53017.0,2,0.0
2018-05-31 16:00:00,127.02,127.304,126.318,126.896,76806.0,5,0.0
2018-05-31 20:00:00,126.895,127.313,126.806,127.198,36991.0,6,0.0
2018-06-01 00:00:00,127.199,127.365,127.12,127.303,20643.0,5,0.0
2018-06-01 04:00:00,127.305,127.68,127.153,127.411,34240.0,1,0.0
2018-06-01 08:00:00,127.41,127.798,127.203,127.577,52212.0,3,0.0
2018-06-01 12:00:00,127.576,128.072,127.507,127.873,56182.0,1,0.0
2018-06-01 16:00:00,127.872,128.134,127.169,127.725,59465.0,0,0.0
2018-06-01 20:00:00,127.724,127.755,127.572,127.656,23366.0,7,0.0
2018-06-04 00:00:00,127.59,128.146,127.568,128.112,28538.0,7,0.0
2018-06-04 04:00:00,128.113,128.223,127.954,128.162,33198.0,7,0.0
2018-06-04 08:00:00,128.163,128.391,127.896,128.257,47061.0,0,0.0
2018-06-04 12:00:00,128.256,128.687,128.22,128.294,39012.0,4,0.0
2018-06-04 16:00:00,128.297,128.468,127.994,128.173,36728.0,7,0.0
2018-06-04 20:00:00,128.174,128.487,128.174,128.439,14912.0,5,0.0
2018-06-05 00:00:00,128.43,128.699,128.346,128.498,20723.0,5,0.0
2018-06-05 04:00:00,128.497,128.578,128.304,128.496,26315.0,7,0.0
2018-06-05 08:00:00,128.497,128.681,128.351,128.458,43025.0,6,0.0
2018-06-05 12:00:00,128.459,128.505,127.903,127.944,40715.0,7,0.0
2018-06-05 16:00:00,127.948,128.464,127.787,128.369,48277.0,1,0.0
2018-06-05 20:00:00,128.37,128.665,128.37,128.651,21521.0,7,0.0
2018-06-06 00:00:00,128.649,128.928,128.563,128.77,18884.0,4,0.0
2018-06-06 04:00:00,128.769,128.961,128.734,128.802,20761.0,7,0.0
2018-06-06 08:00:00,128.8,129.586,128.794,129.237,55463.0,2,0.0
2018-06-06 12:00:00,129.24,129.833,129.238,129.543,39019.0,6,0.0
2018-06-06 16:00:00,129.529,129.752,129.427,129.693,39449.0,6,0.0
2018-06-06 20:00:00,129.692,129.808,129.552,129.715,17167.0,6,0.0
2018-06-07 00:00:00,129.706,129.954,129.661,129.898,22805.0,7,0.0
2018-06-07 04:00:00,129.897,129.931,129.528,129.623,33469.0,6,0.0
2018-06-07 08:00:00,129.621,130.135,129.619,129.975,41304.0,6,0.0
2018-06-07 12:00:00,129.974,130.283,129.897,130.164,36515.0,6,0.0
2018-06-07 16:00:00,130.167,130.223,129.524,129.626,46936.0,6,0.0
2018-06-07 20:00:00,129.628,129.686,129.309,129.414,38274.0,7,0.0
2018-06-08 00:00:00,129.41,129.692,129.283,129.631,19873.0,7,0.0
2018-06-08 04:00:00,129.632,129.733,129.347,129.456,29594.0,6,0.0
2018-06-08 08:00:00,129.457,129.554,128.537,128.598,52035.0,5,0.0
2018-06-08 12:00:00,128.599,128.772,128.103,128.684,42561.0,4,0.0
2018-06-08 16:00:00,128.685,128.95,128.58,128.905,44313.0,1,0.0
2018-06-08 20:00:00,128.908,128.934,128.738,128.903,18915.0,3,0.0
2018-06-11 00:00:00,128.689,129.158,128.673,129.127,27884.0,0,0.0
2018-06-11 04:00:00,129.126,129.575,129.073,129.542,40441.0,1,0.0
2018-06-11 08:00:00,129.543,130.058,129.398,129.578,42761.0,7,0.0
2018-06-11 12:00:00,129.579,129.774,129.424,129.667,37871.0,6,0.0
2018-06-11 16:00:00,129.671,129.901,129.603,129.687,41506.0,6,0.0
2018-06-11 20:00:00,129.685,129.767,129.644,129.644,22642.0,8,0.0
2018-06-12 00:00:00,129.646,130.013,129.573,129.653,29605.0,3,0.0
2018-06-12 04:00:00,129.654,129.978,129.504,129.919,43032.0,6,0.0
2018-06-12 08:00:00,129.918,130.274,129.687,129.998,52956.0,3,0.0
2018-06-12 12:00:00,129.995,130.142,129.844,130.133,44264.0,3,0.0
2018-06-12 16:00:00,130.131,130.132,129.806,129.814,40546.0,3,0.0
2018-06-12 20:00:00,129.815,129.831,129.565,129.636,31826.0,1,0.0
2018-06-13 00:00:00,129.588,129.843,129.563,129.757,21378.0,2,0.0
2018-06-13 04:00:00,129.756,129.989,129.749,129.929,22797.0,6,0.0
2018-06-13 08:00:00,129.93,130.005,129.702,129.913,29286.0,5,0.0
2018-06-13 12:00:00,129.912,130.132,129.871,130.08,27476.0,4,0.0
2018-06-13 16:00:00,130.079,130.185,129.856,130.169,32710.0,4,0.0
2018-06-13 20:00:00,130.17,130.345,129.96,130.087,60389.0,0,0.0
2018-06-14 00:00:00,130.076,130.149,129.905,130.104,23826.0,6,0.0
2018-06-14 04:00:00,130.103,130.164,129.976,130.07,25728.0,7,0.0
2018-06-14 08:00:00,130.071,130.096,129.819,130.023,39213.0,3,0.0
2018-06-14 12:00:00,130.024,130.348,128.664,128.77,56739.0,0,0.0
2018-06-14 16:00:00,128.769,128.948,128.314,128.481,59480.0,1,0.0
2018-06-14 20:00:00,128.48,128.552,127.861,127.933,35165.0,0,0.0
2018-06-15 00:00:00,127.934,128.164,127.701,127.798,28775.0,4,0.0
2018-06-15 04:00:00,127.797,128.143,127.73,128.139,29806.0,5,0.0
2018-06-15 08:00:00,128.14,128.328,127.867,128.097,48391.0,3,0.0
2018-06-15 12:00:00,128.095,128.416,127.788,128.208,49380.0,0,0.0
2018-06-15 16:00:00,128.209,128.5,128.182,128.344,53895.0,4,0.0
2018-06-15 20:00:00,128.342,128.46,128.291,128.407,25253.0,5,0.0
2018-06-18 00:00:00,128.262,128.443,127.965,127.995,27875.0,7,0.0
2018-06-18 04:00:00,127.996,128.125,127.814,128.083,30933.0,7,0.0
2018-06-18 08:00:00,128.082,128.145,127.83,128.103,33429.0,5,0.0
2018-06-18 12:00:00,128.1,128.418,128.093,128.201,35359.0,5,0.0
2018-06-18 16:00:00,128.2,128.325,128.059,128.183,34707.0,5,0.0
2018-06-18 20:00:00,128.184,128.49,128.183,128.482,17094.0,2,0.0
2018-06-19 00:00:00,128.483,128.508,127.994,128.099,31455.0,5,0.0
2018-06-19 04:00:00,128.1,128.135,127.515,127.563,40735.0,5,0.0
2018-06-19 08:00:00,127.564,127.622,126.632,126.897,62022.0,3,0.0
2018-06-19 12:00:00,126.896,127.062,126.686,126.976,48958.0,5,0.0
2018-06-19 16:00:00,126.98,127.46,126.837,127.207,54343.0,4,0.0
2018-06-19 20:00:00,127.206,127.6,127.16,127.514,24064.0,3,0.0
2018-06-20 00:00:00,127.515,127.69,127.334,127.335,25218.0,7,0.0
2018-06-20 04:00:00,127.334,127.69,127.193,127.451,35108.0,6,0.0
2018-06-20 08:00:00,127.45,127.739,127.067,127.255,47401.0,1,0.0
2018-06-20 12:00:00,127.254,127.612,127.183,127.566,32247.0,3,0.0
2018-06-20 16:00:00,127.567,127.788,127.384,127.701,47144.0,1,0.0
2018-06-20 20:00:00,127.702,127.936,127.662,127.683,18862.0,6,0.0
2018-06-21 00:00:00,127.681,127.861,127.627,127.777,20620.0,7,0.0
2018-06-21 04:00:00,127.779,128.013,127.661,127.928,38042.0,4,0.0
2018-06-21 08:00:00,127.927,128.031,127.201,127.245,49700.0,3,0.0
2018-06-21 12:00:00,127.244,127.988,126.986,127.8,53702.0,0,0.0
2018-06-21 16:00:00,127.794,127.892,127.377,127.625,51852.0,1,0.0
2018-06-21 20:00:00,127.622,127.853,127.568,127.587,24481.0,4,0.0
2018-06-22 00:00:00,127.594,127.764,127.479,127.722,32383.0,7,0.0
2018-06-22 04:00:00,127.723,127.785,127.614,127.783,36111.0,5,0.0
2018-06-22 08:00:00,127.784,128.6,127.746,128.528,50471.0,1,0.0
2018-06-22 12:00:00,128.527,128.573,128.06,128.264,39190.0,3,0.0
2018-06-22 16:00:00,128.267,128.437,127.667,128.06,43280.0,1,0.0
2018-06-22 20:00:00,128.059,128.276,128.058,128.163,24546.0,4,0.0
2018-06-25 00:00:00,128.152,128.281,127.715,127.784,28843.0,7,0.0
2018-06-25 04:00:00,127.785,127.843,127.537,127.576,39489.0,7,0.0
2018-06-25 08:00:00,127.577,127.845,127.28,127.617,49094.0,4,0.0
2018-06-25 12:00:00,127.618,128.229,127.426,128.09,35431.0,3,0.0
2018-06-25 16:00:00,128.092,128.272,127.856,128.074,42436.0,5,0.0
2018-06-25 20:00:00,128.073,128.833,128.0,128.448,27500.0,1,0.0
2018-06-26 00:00:00,128.432,128.474,128.139,128.232,27460.0,2,0.0
2018-06-26 04:00:00,128.233,128.377,128.059,128.223,40962.0,5,0.0
2018-06-26 08:00:00,128.222,128.453,127.98,127.987,47274.0,4,0.0
2018-06-26 12:00:00,127.986,128.114,127.797,128.036,43953.0,5,0.0
2018-06-26 16:00:00,128.039,128.375,127.961,128.233,41195.0,3,0.0
2018-06-26 20:00:00,128.232,128.364,128.122,128.151,25070.0,4,0.0
2018-06-27 00:00:00,128.152,128.344,128.056,128.12,25038.0,6,0.0
2018-06-27 04:00:00,128.121,128.241,127.896,128.183,42789.0,6,0.0
2018-06-27 08:00:00,128.187,128.215,127.577,127.643,50937.0,1,0.0
2018-06-27 12:00:00,127.641,128.313,127.603,127.852,53207.0,0,0.0
2018-06-27 16:00:00,127.85,128.219,127.725,127.81,48636.0,1,0.0
2018-06-27 20:00:00,127.809,127.846,127.257,127.361,32262.0,4,0.0
2018-06-28 00:00:00,127.362,127.494,127.139,127.259,39467.0,6,0.0
2018-06-28 04:00:00,127.258,127.603,127.206,127.522,41592.0,5,0.0
2018-06-28 08:00:00,127.524,127.637,127.208,127.457,48080.0,3,0.0
2018-06-28 12:00:00,127.458,127.856,127.361,127.379,44873.0,0,0.0
2018-06-28 16:00:00,127.38,127.921,127.311,127.809,54934.0,3,0.0
2018-06-28 20:00:00,127.81,127.921,127.71,127.808,28624.0,6,0.0
2018-06-29 00:00:00,127.781,127.857,127.657,127.782,23792.0,3,0.0
2018-06-29 04:00:00,127.78,129.147,127.766,128.988,60802.0,0,0.0
2018-06-29 08:00:00,128.986,129.061,128.504,128.999,53368.0,0,0.0
2018-06-29 12:00:00,129.002,129.158,128.64,128.797,49019.0,2,0.0
2018-06-29 16:00:00,128.794,129.422,128.736,129.357,49068.0,1,0.0
2018-06-29 20:00:00,129.358,129.468,129.233,129.286,31364.0,5,0.0
2018-07-02 00:00:00,129.123,129.348,129.07,129.292,32623.0,4,0.0
2018-07-02 04:00:00,129.293,129.498,129.059,129.078,43147.0,4,0.0
2018-07-02 08:00:00,129.079,129.08,128.626,129.015,52025.0,4,0.0
2018-07-02 12:00:00,129.012,129.089,128.729,128.745,34249.0,5,0.0
2018-07-02 16:00:00,128.748,128.792,128.418,128.577,37039.0,3,0.0
2018-07-02 20:00:00,128.576,129.107,128.549,129.064,23264.0,6,0.0
2018-07-03 00:00:00,129.036,129.18,128.928,129.098,22897.0,8,0.0
2018-07-03 04:00:00,129.097,129.269,128.731,128.934,52364.0,4,0.0
2018-07-03 08:00:00,128.935,129.562,128.874,129.335,56270.0,1,0.0
2018-07-03 12:00:00,129.336,129.374,128.887,128.988,32889.0,4,0.0
2018-07-03 16:00:00,128.995,129.056,128.745,128.819,37398.0,5,0.0
2018-07-03 20:00:00,128.869,128.985,128.851,128.888,6590.0,7,0.0
2018-07-04 00:00:00,128.887,128.95,128.701,128.714,27171.0,7,0.0
2018-07-04 04:00:00,128.715,128.956,128.699,128.824,45936.0,3,0.0
2018-07-04 08:00:00,128.823,128.925,128.613,128.653,34567.0,3,0.0
2018-07-04 12:00:00,128.655,128.705,128.5,128.639,20343.0,4,0.0
2018-07-04 16:00:00,128.644,128.966,128.599,128.885,22777.0,1,0.0
2018-07-04 20:00:00,128.884,128.947,128.725,128.775,40595.0,5,0.0
2018-07-05 00:00:00,128.773,128.95,128.704,128.748,37131.0,5,0.0
2018-07-05 04:00:00,128.746,128.886,128.576,128.67,47451.0,6,0.0
2018-07-05 08:00:00,128.669,129.519,128.608,129.338,44858.0,3,0.0
2018-07-05 12:00:00,129.337,129.631,129.254,129.523,31674.0,2,0.0
2018-07-05 16:00:00,129.525,129.526,129.317,129.413,40502.0,1,0.0
2018-07-05 20:00:00,129.409,129.448,129.116,129.325,25003.0,2,0.0
2018-07-06 00:00:00,129.312,129.459,129.226,129.423,24587.0,6,0.0
2018-07-06 04:00:00,129.422,129.537,129.244,129.33,44380.0,3,0.0
2018-07-06 08:00:00,129.331,129.745,129.293,129.588,39491.0,5,0.0
2018-07-06 12:00:00,129.589,129.964,129.471,129.84,28095.0,3,0.0
2018-07-06 16:00:00,129.841,129.969,129.659,129.755,43765.0,2,0.0
2018-07-06 20:00:00,129.754,129.799,129.628,129.708,19941.0,5,0.0
2018-07-09 00:00:00,129.621,129.916,129.606,129.852,35636.0,6,0.0
2018-07-09 04:00:00,129.853,129.97,129.683,129.902,41316.0,4,0.0
2018-07-09 08:00:00,129.901,130.171,129.861,130.045,40923.0,2,0.0
2018-07-09 12:00:00,130.046,130.217,129.909,130.139,27105.0,5,0.0
2018-07-09 16:00:00,130.142,130.258,130.012,130.177,40704.0,3,0.0
2018-07-09 20:00:00,130.183,130.26,130.068,130.23,23427.0,4,0.0
2018-07-10 00:00:00,130.219,130.585,130.188,130.566,17853.0,11,0.0
2018-07-10 04:00:00,130.565,130.587,130.405,130.524,27413.0,15,0.0
2018-07-10 08:00:00,130.525,130.612,130.272,130.347,38230.0,15,0.0
2018-07-10 12:00:00,130.35,130.456,130.106,130.304,35529.0,15,0.0
2018-07-10 16:00:00,130.303,130.645,130.244,130.57,35077.0,15,0.0
2018-07-10 20:00:00,130.573,130.749,130.279,130.34,21806.0,12,0.0
2018-07-11 00:00:00,130.353,130.376,129.972,129.99,39836.0,0,0.0
2018-07-11 04:00:00,129.994,130.425,129.919,130.207,50719.0,0,0.0
2018-07-11 08:00:00,130.206,130.385,130.091,130.161,44276.0,4,0.0
2018-07-11 12:00:00,130.16,130.707,130.064,130.607,43557.0,0,0.0
2018-07-11 16:00:00,130.604,130.968,130.379,130.917,54282.0,2,0.0
2018-07-11 20:00:00,130.916,130.928,130.682,130.724,50336.0,1,0.0
2018-07-12 00:00:00,130.74,130.947,130.672,130.906,33292.0,6,0.0
2018-07-12 04:00:00,130.912,131.191,130.843,131.086,30655.0,0,0.0
2018-07-12 08:00:00,131.088,131.404,131.039,131.209,37362.0,5,0.0
2018-07-12 12:00:00,131.21,131.484,131.1,131.308,38717.0,0,0.0
2018-07-12 16:00:00,131.301,131.486,131.223,131.375,40303.0,1,0.0
2018-07-12 20:00:00,131.374,131.42,131.243,131.35,26850.0,5,0.0
2018-07-13 00:00:00,131.334,131.542,131.234,131.485,27203.0,4,0.0
2018-07-13 04:00:00,131.484,131.533,131.322,131.36,30892.0,0,0.0
2018-07-13 08:00:00,131.361,131.373,130.949,131.079,36615.0,0,0.0
2018-07-13 12:00:00,131.08,131.081,130.812,131.03,37700.0,2,0.0
2018-07-13 16:00:00,131.029,131.308,130.938,131.268,40117.0,0,0.0
2018-07-13 20:00:00,131.271,131.335,131.118,131.266,19725.0,2,0.0
2018-07-16 00:00:00,131.183,131.475,131.069,131.43,23084.0,6,0.0
2018-07-16 04:00:00,131.432,131.578,131.367,131.452,28209.0,6,0.0
2018-07-16 08:00:00,131.454,131.606,131.442,131.564,39311.0,0,0.0
2018-07-16 12:00:00,131.565,131.709,131.524,131.58,31227.0,3,0.0
2018-07-16 16:00:00,131.577,131.665,131.415,131.506,31591.0,4,0.0
2018-07-16 20:00:00,131.505,131.581,131.472,131.491,16793.0,4,0.0
2018-07-17 00:00:00,131.467,131.72,131.454,131.626,34082.0,4,0.0
2018-07-17 04:00:00,131.626,131.773,131.563,131.708,38842.0,4,0.0
2018-07-17 08:00:00,131.709,131.95,131.635,131.924,37568.0,4,0.0
2018-07-17 12:00:00,131.926,131.942,131.734,131.787,34749.0,4,0.0
2018-07-17 16:00:00,131.791,131.997,131.545,131.553,45096.0,3,0.0
2018-07-17 20:00:00,131.554,131.67,131.539,131.618,22411.0,3,0.0
2018-07-18 00:00:00,131.598,131.784,131.569,131.722,32515.0,1,0.0
2018-07-18 04:00:00,131.724,131.734,131.523,131.562,31420.0,5,0.0
2018-07-18 08:00:00,131.564,131.61,131.242,131.372,44573.0,2,0.0
2018-07-18 12:00:00,131.371,131.404,130.885,131.133,36558.0,4,0.0
2018-07-18 16:00:00,131.137,131.504,131.101,131.452,37730.0,4,0.0
2018-07-18 20:00:00,131.451,131.477,131.322,131.352,15868.0,3,0.0
2018-07-19 00:00:00,131.329,131.436,131.271,131.34,34981.0,8,0.0
2018-07-19 04:00:00,131.341,131.426,131.192,131.317,38189.0,5,0.0
2018-07-19 08:00:00,131.316,131.391,131.067,131.158,49770.0,5,0.0
2018-07-19 12:00:00,131.159,131.225,130.924,131.026,42132.0,0,0.0
2018-07-19 16:00:00,131.033,131.177,130.935,131.004,31924.0,1,0.0
2018-07-19 20:00:00,131.003,131.075,130.735,130.899,48521.0,0,0.0
2018-07-20 00:00:00,130.894,131.21,130.894,131.15,33083.0,0,0.0
2018-07-20 04:00:00,131.15,131.218,130.604,130.899,64855.0,5,0.0
2018-07-20 08:00:00,130.899,131.135,130.781,130.907,48023.0,5,0.0
2018-07-20 12:00:00,130.908,131.087,130.804,130.918,51949.0,0,0.0
2018-07-20 16:00:00,130.919,131.049,130.741,130.784,50364.0,0,0.0
2018-07-20 20:00:00,130.785,130.832,130.55,130.579,21604.0,2,0.0
2018-07-23 00:00:00,130.616,130.749,130.214,130.285,31699.0,0,0.0
2018-07-23 04:00:00,130.284,130.474,130.128,130.173,36924.0,0,0.0
2018-07-23 08:00:00,130.172,130.313,130.04,130.065,35100.0,2,0.0
2018-07-23 12:00:00,130.064,130.419,129.868,130.392,28994.0,2,0.0
2018-07-23 16:00:00,130.391,130.455,130.237,130.374,31359.0,4,0.0
2018-07-23 20:00:00,130.373,130.43,130.161,130.161,17275.0,6,0.0
2018-07-24 00:00:00,130.146,130.384,130.045,130.062,31499.0,0,0.0
2018-07-24 04:00:00,130.061,130.146,129.821,130.017,33972.0,5,0.0
2018-07-24 08:00:00,130.018,130.138,129.747,129.985,36458.0,1,0.0
2018-07-24 12:00:00,129.984,130.091,129.921,130.01,31663.0,1,0.0
2018-07-24 16:00:00,130.008,130.104,129.933,129.996,34704.0,3,0.0
2018-07-24 20:00:00,129.997,130.011,129.782,129.924,18988.0,6,0.0
2018-07-25 00:00:00,129.891,130.129,129.826,130.081,31637.0,6,0.0
2018-07-25 04:00:00,130.081,130.19,129.943,129.954,31008.0,6,0.0
2018-07-25 08:00:00,129.955,130.096,129.877,130.064,31827.0,5,0.0
2018-07-25 12:00:00,130.063,130.117,129.758,129.917,27831.0,5,0.0
2018-07-25 16:00:00,129.915,130.001,129.389,129.588,42017.0,0,0.0
2018-07-25 20:00:00,129.587,130.257,129.428,130.135,38144.0,0,0.0
2018-07-26 00:00:00,130.112,130.262,129.902,129.957,35777.0,7,0.0
2018-07-26 04:00:00,129.956,130.112,129.908,129.97,26477.0,5,0.0
2018-07-26 08:00:00,129.971,129.986,129.636,129.671,34185.0,5,0.0
2018-07-26 12:00:00,129.673,130.015,129.64,129.769,32617.0,0,0.0
2018-07-26 16:00:00,129.767,129.823,129.425,129.553,42472.0,3,0.0
2018-07-26 20:00:00,129.552,129.636,129.452,129.481,18168.0,6,0.0
2018-07-27 00:00:00,129.484,129.499,129.315,129.349,18819.0,4,0.0
2018-07-27 04:00:00,129.351,129.365,129.181,129.286,26072.0,3,0.0
2018-07-27 08:00:00,129.287,129.419,129.188,129.252,32298.0,4,0.0
2018-07-27 12:00:00,129.256,129.323,129.107,129.149,27869.0,2,0.0
2018-07-27 16:00:00,129.148,129.398,129.148,129.205,34264.0,3,0.0
2018-07-27 20:00:00,129.204,129.452,129.183,129.397,18299.0,3,0.0
2018-07-30 00:00:00,129.277,129.483,129.249,129.433,24639.0,0,0.0
2018-07-30 04:00:00,129.434,129.537,129.368,129.45,28905.0,1,0.0
2018-07-30 08:00:00,129.449,129.712,129.428,129.697,25174.0,4,0.0
2018-07-30 12:00:00,129.696,129.898,129.674,129.888,22110.0,6,0.0
2018-07-30 16:00:00,129.889,130.086,129.857,129.989,26268.0,4,0.0
2018-07-30 20:00:00,129.988,130.057,129.947,129.959,13376.0,7,0.0
2018-07-31 00:00:00,129.948,130.044,129.858,129.93,26227.0,5,0.0
2018-07-31 04:00:00,129.93,130.413,129.693,130.109,43525.0,0,0.0
2018-07-31 08:00:00,130.108,130.864,130.085,130.8,38627.0,3,0.0
2018-07-31 12:00:00,130.799,130.958,130.688,130.796,24622.0,5,0.0
2018-07-31 16:00:00,130.793,131.171,130.774,130.883,42704.0,0,0.0
2018-07-31 20:00:00,130.884,130.925,130.712,130.788,19366.0,0,0.0
2018-08-01 00:00:00,130.791,130.834,130.573,130.733,30978.0,5,0.0
2018-08-01 04:00:00,130.732,130.813,130.612,130.781,27735.0,7,0.0
2018-08-01 08:00:00,130.782,131.122,130.709,130.855,31145.0,1,0.0
2018-08-01 12:00:00,130.856,130.902,130.676,130.854,23839.0,2,0.0
2018-08-01 16:00:00,130.861,130.88,130.245,130.304,34418.0,4,0.0
2018-08-01 20:00:00,130.301,130.318,130.031,130.246,24450.0,1,0.0
2018-08-02 00:00:00,130.228,130.289,130.166,130.258,24652.0,9,0.0
2018-08-02 04:00:00,130.256,130.286,129.896,129.977,25545.0,3,0.0
2018-08-02 08:00:00,129.978,130.057,129.629,129.635,27931.0,4,0.0
2018-08-02 12:00:00,129.634,129.652,129.237,129.506,34564.0,5,0.0
2018-08-02 16:00:00,129.501,129.608,129.355,129.578,30116.0,3,0.0
2018-08-02 20:00:00,129.577,129.579,129.31,129.327,24690.0,6,0.0
2018-08-03 00:00:00,129.33,129.516,129.28,129.46,27348.0,4,0.0
2018-08-03 04:00:00,129.459,129.489,129.306,129.458,21779.0,7,0.0
2018-08-03 08:00:00,129.458,129.526,129.2,129.345,27332.0,2,0.0
2018-08-03 12:00:00,129.346,129.516,129.177,129.225,36901.0,4,0.0
2018-08-03 16:00:00,129.225,129.238,128.669,128.962,39212.0,0,0.0
2018-08-03 20:00:00,128.961,128.971,128.622,128.657,16223.0,5,0.0
2018-08-06 00:00:00,128.664,128.713,128.553,128.561,15377.0,0,0.0
2018-08-06 04:00:00,128.56,128.749,128.513,128.677,21549.0,5,0.0
2018-08-06 08:00:00,128.676,128.749,128.497,128.537,23726.0,3,0.0
2018-08-06 12:00:00,128.538,128.74,128.519,128.645,22905.0,5,0.0
2018-08-06 16:00:00,128.646,128.873,128.624,128.815,20120.0,3,0.0
2018-08-06 20:00:00,128.817,128.823,128.656,128.688,12019.0,2,0.0
2018-08-07 00:00:00,128.665,128.721,128.586,128.622,26685.0,2,0.0
2018-08-07 04:00:00,128.621,128.72,128.615,128.677,15338.0,4,0.0
2018-08-07 08:00:00,128.676,128.976,128.595,128.935,23632.0,5,0.0
2018-08-07 12:00:00,128.936,128.993,128.764,128.829,20932.0,3,0.0
2018-08-07 16:00:00,128.831,128.992,128.802,128.95,19913.0,3,0.0
2018-08-07 20:00:00,128.951,129.231,128.929,129.167,13684.0,0,0.0
2018-08-08 00:00:00,129.06,129.272,129.06,129.236,20164.0,0,0.0
2018-08-08 04:00:00,129.235,129.457,129.214,129.319,21495.0,6,0.0
2018-08-08 08:00:00,129.32,129.38,128.555,128.586,26092.0,2,0.0
2018-08-08 12:00:00,128.585,128.822,128.562,128.701,23904.0,5,0.0
2018-08-08 16:00:00,128.7,128.826,128.599,128.664,23840.0,5,0.0
2018-08-08 20:00:00,128.663,128.949,128.661,128.827,14072.0,3,0.0
2018-08-09 00:00:00,128.825,128.882,128.583,128.632,25598.0,6,0.0
2018-08-09 04:00:00,128.633,128.758,128.487,128.738,22189.0,5,0.0
2018-08-09 08:00:00,128.736,128.923,128.573,128.831,30845.0,3,0.0
2018-08-09 12:00:00,128.83,129.009,128.698,128.736,22920.0,1,0.0
2018-08-09 16:00:00,128.735,128.738,128.2,128.285,27646.0,5,0.0
2018-08-09 20:00:00,128.284,128.302,128.02,128.02,17752.0,4,0.0
2018-08-10 00:00:00,128.022,128.107,127.794,127.866,23705.0,5,0.0
2018-08-10 04:00:00,127.865,128.053,127.561,127.589,26161.0,5,0.0
2018-08-10 08:00:00,127.586,127.632,126.782,127.014,66109.0,0,0.0
2018-08-10 12:00:00,127.015,127.389,126.791,127.07,42114.0,4,0.0
2018-08-10 16:00:00,127.07,127.157,126.078,126.234,54493.0,0,0.0
2018-08-10 20:00:00,126.233,126.81,126.002,126.509,27380.0,1,0.0
2018-08-13 00:00:00,125.593,126.357,125.582,125.705,27836.0,0,0.0
2018-08-13 04:00:00,125.708,125.777,125.144,125.206,34678.0,2,0.0
2018-08-13 08:00:00,125.205,125.863,125.201,125.627,49795.0,1,0.0
2018-08-13 12:00:00,125.629,126.544,125.486,126.447,41896.0,0,0.0
2018-08-13 16:00:00,126.439,126.776,125.974,126.137,39269.0,3,0.0
2018-08-13 20:00:00,126.136,126.346,125.976,126.27,22817.0,6,0.0
2018-08-14 00:00:00,126.323,126.41,126.047,126.328,21088.0,2,0.0
2018-08-14 04:00:00,126.33,126.568,126.241,126.358,23792.0,5,0.0
2018-08-14 08:00:00,126.358,126.993,126.266,126.42,40654.0,0,0.0
2018-08-14 12:00:00,126.419,126.788,126.246,126.313,30436.0,0,0.0
2018-08-14 16:00:00,126.312,126.33,125.807,125.995,34125.0,4,0.0
2018-08-14 20:00:00,125.994,126.247,125.993,126.066,20017.0,4,0.0
2018-08-15 00:00:00,126.057,126.3,126.039,126.255,25136.0,4,0.0
2018-08-15 04:00:00,126.254,126.371,125.865,126.046,29251.0,7,0.0
2018-08-15 08:00:00,126.045,126.313,125.885,126.043,32711.0,4,0.0
2018-08-15 12:00:00,126.044,126.112,125.445,125.459,31998.0,0,0.0
2018-08-15 16:00:00,125.462,125.677,124.901,125.605,50520.0,1,0.0
2018-08-15 20:00:00,125.606,125.719,125.366,125.617,20867.0,6,0.0
2018-08-16 00:00:00,125.621,125.683,125.282,125.431,28240.0,0,0.0
2018-08-16 04:00:00,125.433,126.293,125.296,126.1,43796.0,0,0.0
2018-08-16 08:00:00,126.099,126.372,125.871,126.117,40512.0,0,0.0
2018-08-16 12:00:00,126.114,126.164,125.704,125.749,29033.0,4,0.0
2018-08-16 16:00:00,125.753,126.489,125.724,126.048,38827.0,3,0.0
2018-08-16 20:00:00,126.046,126.181,125.872,126.136,17102.0,7,0.0
2018-08-17 00:00:00,126.123,126.27,126.017,126.096,29269.0,0,0.0
2018-08-17 04:00:00,126.095,126.271,126.034,126.155,18747.0,6,0.0
2018-08-17 08:00:00,126.155,126.433,126.023,126.193,27680.0,0,0.0
2018-08-17 12:00:00,126.191,126.209,125.577,125.904,34301.0,1,0.0
2018-08-17 16:00:00,125.905,126.168,125.862,125.959,30324.0,0,0.0
2018-08-17 20:00:00,125.96,126.609,125.884,126.407,30325.0,0,0.0
2018-08-20 00:00:00,126.496,126.506,126.263,126.325,20806.0,3,0.0
2018-08-20 04:00:00,126.325,126.452,126.233,126.395,28353.0,6,0.0
2018-08-20 08:00:00,126.394,126.42,126.161,126.222,29065.0,6,0.0
2018-08-20 12:00:00,126.219,126.318,126.076,126.155,24003.0,0,0.0
2018-08-20 16:00:00,126.157,126.464,126.12,126.402,26875.0,0,0.0
2018-08-20 20:00:00,126.403,126.46,126.277,126.356,15471.0,0,0.0
2018-08-21 00:00:00,126.247,126.778,126.247,126.577,28904.0,0,0.0
2018-08-21 04:00:00,126.577,126.951,126.506,126.894,29508.0,0,0.0
2018-08-21 08:00:00,126.893,127.165,126.646,127.09,31331.0,0,0.0
2018-08-21 12:00:00,127.089,127.115,126.852,126.973,25099.0,5,0.0
2018-08-21 16:00:00,126.975,127.726,126.875,127.689,31655.0,0,0.0
2018-08-21 20:00:00,127.687,128.069,127.493,127.595,31791.0,2,0.0
2018-08-22 00:00:00,127.597,127.612,127.35,127.55,30744.0,5,0.0
2018-08-22 04:00:00,127.551,127.913,127.483,127.842,27445.0,3,0.0
2018-08-22 08:00:00,127.843,127.911,127.525,127.772,24642.0,5,0.0
2018-08-22 12:00:00,127.773,128.247,127.718,128.232,31727.0,2,0.0
2018-08-22 16:00:00,128.23,128.27,127.967,128.115,29596.0,1,0.0
2018-08-22 20:00:00,128.117,128.282,128.036,128.194,22489.0,2,0.0
2018-08-23 00:00:00,128.106,128.278,128.001,128.112,24286.0,0,0.0
2018-08-23 04:00:00,128.109,128.255,127.929,128.06,31154.0,5,0.0
2018-08-23 08:00:00,128.059,128.289,128.0,128.208,30487.0,2,0.0
2018-08-23 12:00:00,128.206,128.437,128.085,128.338,25455.0,0,0.0
2018-08-23 16:00:00,128.337,128.779,128.257,128.579,36207.0,0,0.0
2018-08-23 20:00:00,128.578,128.58,128.256,128.396,20295.0,3,0.0
2018-08-24 00:00:00,128.37,128.713,128.349,128.656,31668.0,0,0.0
2018-08-24 04:00:00,128.656,128.851,128.522,128.835,25676.0,5,0.0
2018-08-24 08:00:00,128.834,128.989,128.727,128.867,26268.0,1,0.0
2018-08-24 12:00:00,128.868,129.136,128.819,129.083,26657.0,4,0.0
2018-08-24 16:00:00,129.085,129.434,129.067,129.278,38113.0,0,0.0
2018-08-24 20:00:00,129.281,129.358,129.155,129.263,20096.0,6,0.0
2018-08-27 00:00:00,129.311,129.696,129.311,129.441,20611.0,5,0.0
2018-08-27 04:00:00,129.44,129.44,128.989,129.083,27640.0,3,0.0
2018-08-27 08:00:00,129.082,129.188,128.809,129.09,27004.0,3,0.0
2018-08-27 12:00:00,129.089,129.241,128.976,129.221,20265.0,5,0.0
2018-08-27 16:00:00,129.223,129.842,129.181,129.807,28443.0,0,0.0
2018-08-27 20:00:00,129.806,129.851,129.713,129.715,14041.0,4,0.0
2018-08-28 00:00:00,129.703,130.049,129.651,130.033,24142.0,1,0.0
2018-08-28 04:00:00,130.032,130.065,129.862,129.862,21223.0,7,0.0
2018-08-28 08:00:00,129.86,130.034,129.723,129.898,25681.0,4,0.0
2018-08-28 12:00:00,129.897,130.185,129.87,130.159,27204.0,0,0.0
2018-08-28 16:00:00,130.159,130.289,130.084,130.176,32593.0,3,0.0
2018-08-28 20:00:00,130.177,130.211,130.011,130.032,22498.0,4,0.0
2018-08-29 00:00:00,130.012,130.093,129.924,130.019,20532.0,5,0.0
2018-08-29 04:00:00,130.018,130.22,129.989,130.108,20569.0,0,0.0
2018-08-29 08:00:00,130.107,130.128,129.679,129.755,33975.0,4,0.0
2018-08-29 12:00:00,129.757,129.929,129.598,129.914,24896.0,4,0.0
2018-08-29 16:00:00,129.915,130.864,129.898,130.81,47450.0,0,0.0
2018-08-29 20:00:00,130.809,130.826,130.546,130.741,19927.0,5,0.0
2018-08-30 00:00:00,130.745,130.882,130.707,130.776,18598.0,4,0.0
2018-08-30 04:00:00,130.775,130.829,130.492,130.648,23381.0,7,0.0
2018-08-30 08:00:00,130.647,130.803,130.269,130.407,29570.0,5,0.0
2018-08-30 12:00:00,130.406,130.716,130.053,130.054,30109.0,1,0.0
2018-08-30 16:00:00,130.059,130.133,129.43,129.684,43464.0,0,0.0
2018-08-30 20:00:00,129.683,129.787,129.448,129.493,31501.0,0,0.0
2018-08-31 00:00:00,129.454,129.587,129.34,129.453,22244.0,5,0.0
2018-08-31 04:00:00,129.447,129.66,129.408,129.56,23373.0,2,0.0
2018-08-31 08:00:00,129.561,129.859,129.253,129.282,35655.0,0,0.0
2018-08-31 12:00:00,129.281,129.393,128.891,128.953,31252.0,0,0.0
2018-08-31 16:00:00,128.954,129.156,128.573,128.805,48198.0,1,0.0
2018-08-31 20:00:00,128.804,129.031,128.686,128.846,28059.0,4,0.0
2018-09-03 00:00:00,128.853,128.977,128.674,128.728,18206.0,0,0.0
2018-09-03 04:00:00,128.727,128.793,128.591,128.739,23620.0,7,0.0
2018-09-03 08:00:00,128.738,129.014,128.609,128.917,31466.0,0,0.0
2018-09-03 12:00:00,128.916,129.134,128.783,128.992,23145.0,0,0.0
2018-09-03 16:00:00,128.989,129.164,128.977,129.079,22297.0,4,0.0
2018-09-03 20:00:00,129.079,129.116,129.01,129.041,17804.0,5,0.0
2018-09-04 00:00:00,129.047,129.088,128.762,128.894,17036.0,3,0.0
2018-09-04 04:00:00,128.895,129.024,128.731,128.987,24332.0,5,0.0
2018-09-04 08:00:00,128.986,129.163,128.813,128.908,32844.0,3,0.0
2018-09-04 12:00:00,128.909,128.92,128.52,128.715,29980.0,0,0.0
2018-09-04 16:00:00,128.717,129.041,128.335,129.012,44591.0,0,0.0
2018-09-04 20:00:00,129.011,129.209,128.958,128.976,18774.0,4,0.0
2018-09-05 00:00:00,129.023,129.366,128.966,129.35,20098.0,0,0.0
2018-09-05 04:00:00,129.351,129.545,129.304,129.347,23899.0,3,0.0
2018-09-05 08:00:00,129.346,129.35,128.615,129.027,33788.0,2,0.0
2018-09-05 12:00:00,129.025,129.452,129.001,129.152,30483.0,3,0.0
2018-09-05 16:00:00,129.156,129.996,129.153,129.575,55042.0,0,0.0
2018-09-05 20:00:00,129.574,129.763,129.565,129.7,19609.0,1,0.0
2018-09-06 00:00:00,129.692,129.853,129.514,129.589,23974.0,4,0.0
2018-09-06 04:00:00,129.588,129.689,129.448,129.584,27504.0,6,0.0
2018-09-06 08:00:00,129.587,129.641,129.321,129.581,33713.0,1,0.0
2018-09-06 12:00:00,129.582,129.664,129.308,129.468,29234.0,3,0.0
2018-09-06 16:00:00,129.47,129.506,128.588,128.749,50258.0,0,0.0
2018-09-06 20:00:00,128.746,128.998,128.508,128.705,29351.0,4,0.0
2018-09-07 00:00:00,128.714,128.714,128.239,128.399,21999.0,6,0.0
2018-09-07 04:00:00,128.4,128.614,128.351,128.599,29388.0,6,0.0
2018-09-07 08:00:00,128.6,129.023,128.472,128.942,31268.0,0,0.0
2018-09-07 12:00:00,128.941,129.12,128.429,128.455,37685.0,4,0.0
2018-09-07 16:00:00,128.457,128.85,128.029,128.346,56361.0,0,0.0
2018-09-07 20:00:00,128.347,128.493,128.242,128.29,24902.0,3,0.0
2018-09-10 00:00:00,128.257,128.407,128.154,128.32,19966.0,3,0.0
2018-09-10 04:00:00,128.321,128.321,128.077,128.143,26085.0,4,0.0
2018-09-10 08:00:00,128.144,128.574,127.88,128.519,27988.0,5,0.0
2018-09-10 12:00:00,128.52,128.975,128.489,128.962,22497.0,2,0.0
2018-09-10 16:00:00,128.968,129.086,128.87,128.942,33668.0,0,0.0
2018-09-10 20:00:00,128.941,129.015,128.812,128.816,13337.0,5,0.0
2018-09-11 00:00:00,128.804,129.244,128.786,129.126,13105.0,0,0.0
2018-09-11 04:00:00,129.125,129.307,128.977,129.25,22587.0,4,0.0
2018-09-11 08:00:00,129.249,129.841,129.235,129.399,27725.0,0,0.0
2018-09-11 12:00:00,129.397,129.424,128.785,128.996,29592.0,1,0.0
2018-09-11 16:00:00,128.998,129.412,128.955,129.357,32292.0,4,0.0
2018-09-11 20:00:00,129.358,129.579,129.267,129.55,18009.0,4,0.0
2018-09-12 00:00:00,129.494,129.559,129.268,129.368,17145.0,4,0.0
2018-09-12 04:00:00,129.367,129.388,129.166,129.22,15434.0,4,0.0
2018-09-12 08:00:00,129.219,129.405,129.058,129.225,25459.0,0,0.0
2018-09-12 12:00:00,129.225,129.351,129.018,129.031,28093.0,0,0.0
2018-09-12 16:00:00,129.034,129.826,128.951,129.459,42306.0,0,0.0
2018-09-12 20:00:00,129.458,129.513,129.327,129.347,20874.0,5,0.0
2018-09-13 00:00:00,129.313,129.665,129.273,129.659,21548.0,8,0.0
2018-09-13 04:00:00,129.66,129.77,129.52,129.524,18549.0,7,0.0
2018-09-13 08:00:00,129.525,129.654,129.453,129.524,20411.0,7,0.0
2018-09-13 12:00:00,129.523,130.225,129.453,130.21,30733.0,0,0.0
2018-09-13 16:00:00,130.225,130.838,130.089,130.655,39204.0,0,0.0
2018-09-13 20:00:00,130.656,130.958,130.614,130.847,18908.0,5,0.0
2018-09-14 00:00:00,130.77,131.054,130.77,131.022,25395.0,4,0.0
2018-09-14 04:00:00,131.023,131.03,130.724,130.827,20522.0,5,0.0
2018-09-14 08:00:00,130.828,131.129,130.778,130.935,23236.0,4,0.0
2018-09-14 12:00:00,130.935,130.971,130.725,130.749,26438.0,1,0.0
2018-09-14 16:00:00,130.748,130.822,130.216,130.397,41651.0,0,0.0
2018-09-14 20:00:00,130.393,130.394,130.193,130.263,19148.0,3,0.0
2018-09-17 00:00:00,130.231,130.388,130.135,130.386,10799.0,5,0.0
2018-09-17 04:00:00,130.385,130.424,130.179,130.315,15000.0,7,0.0
2018-09-17 08:00:00,130.315,130.572,130.114,130.49,24077.0,4,0.0
2018-09-17 12:00:00,130.487,130.899,130.392,130.889,27312.0,4,0.0
2018-09-17 16:00:00,130.888,131.013,130.774,130.986,30260.0,5,0.0
2018-09-17 20:00:00,130.987,131.059,130.589,130.655,23061.0,5,0.0
2018-09-18 00:00:00,130.657,130.735,130.314,130.493,20118.0,5,0.0
2018-09-18 04:00:00,130.492,131.043,130.434,130.956,29573.0,3,0.0
2018-09-18 08:00:00,130.956,131.498,130.684,130.866,41074.0,0,0.0
2018-09-18 12:00:00,130.865,131.377,130.721,131.34,30668.0,5,0.0
2018-09-18 16:00:00,131.342,131.514,130.891,131.008,43965.0,1,0.0
2018-09-18 20:00:00,131.009,131.183,130.94,131.071,16576.0,4,0.0
2018-09-19 00:00:00,131.07,131.259,130.992,130.994,14872.0,7,0.0
2018-09-19 04:00:00,130.995,131.27,130.929,131.181,20289.0,3,0.0
2018-09-19 08:00:00,131.181,131.695,131.133,131.512,28537.0,1,0.0
2018-09-19 12:00:00,131.513,131.541,130.93,131.17,30280.0,3,0.0
2018-09-19 16:00:00,131.17,131.33,130.794,131.108,36701.0,0,0.0
2018-09-19 20:00:00,131.107,131.128,130.992,131.045,15273.0,4,0.0
2018-09-20 00:00:00,131.042,131.217,131.012,131.184,30528.0,0,0.0
2018-09-20 04:00:00,131.183,131.202,130.963,131.044,17318.0,5,0.0
2018-09-20 08:00:00,131.043,131.497,130.918,131.267,28288.0,5,0.0
2018-09-20 12:00:00,131.268,132.074,131.205,131.985,39220.0,0,0.0
2018-09-20 16:00:00,131.975,132.376,131.724,132.284,39170.0,3,0.0
2018-09-20 20:00:00,132.285,132.534,132.277,132.498,19068.0,5,0.0
2018-09-21 00:00:00,132.465,132.654,132.428,132.594,15520.0,4,0.0
2018-09-21 04:00:00,132.593,132.897,132.503,132.804,23466.0,4,0.0
2018-09-21 08:00:00,132.805,133.145,132.663,132.879,36538.0,0,0.0
2018-09-21 12:00:00,132.878,132.929,132.393,132.554,29022.0,3,0.0
2018-09-21 16:00:00,132.556,132.561,132.173,132.232,40039.0,0,0.0
2018-09-21 20:00:00,132.231,132.372,132.164,132.225,14741.0,5,0.0
2018-09-24 00:00:00,132.061,132.317,132.03,132.294,19374.0,9,0.0
2018-09-24 04:00:00,132.296,132.298,132.129,132.23,16018.0,8,0.0
2018-09-24 08:00:00,132.229,132.612,131.918,132.605,26979.0,3,0.0
2018-09-24 12:00:00,132.604,132.693,132.364,132.389,24666.0,5,0.0
2018-09-24 16:00:00,132.387,133.088,132.363,132.56,41118.0,0,0.0
2018-09-24 20:00:00,132.56,132.605,132.437,132.501,14342.0,3,0.0
2018-09-25 00:00:00,132.51,132.805,132.477,132.712,30908.0,4,0.0
2018-09-25 04:00:00,132.709,132.74,132.385,132.539,23550.0,5,0.0
2018-09-25 08:00:00,132.539,132.981,132.476,132.767,40651.0,0,0.0
2018-09-25 12:00:00,132.766,132.983,132.694,132.917,29713.0,0,0.0
2018-09-25 16:00:00,132.922,133.124,132.795,132.948,31071.0,2,0.0
2018-09-25 20:00:00,132.947,132.998,132.823,132.914,13675.0,5,0.0
2018-09-26 00:00:00,132.919,132.983,132.815,132.824,19677.0,0,0.0
2018-09-26 04:00:00,132.825,132.934,132.8,132.838,19330.0,6,0.0
2018-09-26 08:00:00,132.836,132.93,132.637,132.837,24381.0,3,0.0
2018-09-26 12:00:00,132.839,132.885,132.566,132.669,27075.0,6,0.0
2018-09-26 16:00:00,132.668,132.831,132.539,132.716,27895.0,0,0.0
2018-09-26 20:00:00,132.717,133.13,132.239,132.357,46761.0,0,0.0
2018-09-27 00:00:00,132.357,132.684,132.295,132.658,23090.0,5,0.0
2018-09-27 04:00:00,132.657,132.693,132.38,132.464,22879.0,8,0.0
2018-09-27 08:00:00,132.463,132.499,131.585,132.045,51718.0,0,0.0
2018-09-27 12:00:00,132.042,132.208,131.904,131.947,34964.0,3,0.0
2018-09-27 16:00:00,131.946,132.538,131.907,132.436,38667.0,0,0.0
2018-09-27 20:00:00,132.433,132.436,131.973,131.978,20366.0,3,0.0
2018-09-28 00:00:00,131.966,132.102,131.874,132.082,15553.0,4,0.0
2018-09-28 04:00:00,132.083,132.322,132.072,132.227,23081.0,4,0.0
2018-09-28 08:00:00,132.226,132.305,131.652,131.825,44487.0,4,0.0
2018-09-28 12:00:00,131.826,131.879,131.189,131.362,44073.0,3,0.0
2018-09-28 16:00:00,131.361,132.045,131.27,131.822,39877.0,0,0.0
2018-09-28 20:00:00,131.823,131.991,131.807,131.915,17970.0,6,0.0
2018-10-01 00:00:00,132.11,132.203,131.998,132.14,16393.0,2,0.0
2018-10-01 04:00:00,132.141,132.227,131.986,132.117,26041.0,5,0.0
2018-10-01 08:00:00,132.118,132.307,131.925,132.288,34780.0,4,0.0
2018-10-01 12:00:00,132.287,132.478,132.081,132.281,33550.0,0,0.0
2018-10-01 16:00:00,132.278,132.314,131.751,131.867,38026.0,3,0.0
2018-10-01 20:00:00,131.868,132.005,131.799,131.876,14442.0,3,0.0
2018-10-02 00:00:00,131.826,132.011,131.826,131.914,10058.0,7,0.0
2018-10-02 04:00:00,131.912,131.928,131.777,131.862,12696.0,6,0.0
2018-10-02 08:00:00,131.862,131.867,130.823,130.845,45730.0,0,0.0
2018-10-02 12:00:00,130.844,131.51,130.715,131.318,38865.0,0,0.0
2018-10-02 16:00:00,131.319,131.526,131.093,131.368,36741.0,2,0.0
2018-10-02 20:00:00,131.369,131.435,131.175,131.198,18698.0,5,0.0
2018-10-03 00:00:00,131.199,131.306,131.144,131.149,13271.0,9,0.0
2018-10-03 04:00:00,131.148,131.991,130.979,131.598,25681.0,1,0.0
2018-10-03 08:00:00,131.597,131.978,131.585,131.792,39263.0,0,0.0
2018-10-03 12:00:00,131.792,131.792,131.261,131.297,34439.0,3,0.0
2018-10-03 16:00:00,131.3,131.785,131.266,131.694,39362.0,4,0.0
2018-10-03 20:00:00,131.693,131.845,131.295,131.45,25981.0,5,0.0
2018-10-04 00:00:00,131.45,131.501,131.225,131.297,19429.0,4,0.0
2018-10-04 04:00:00,131.299,131.308,131.013,131.166,23479.0,7,0.0
2018-10-04 08:00:00,131.167,131.455,131.096,131.328,41969.0,3,0.0
2018-10-04 12:00:00,131.327,131.586,131.157,131.363,37995.0,0,0.0
2018-10-04 16:00:00,131.359,131.588,130.764,130.925,53802.0,0,0.0
2018-10-04 20:00:00,130.925,131.215,130.754,131.11,24594.0,3,0.0
2018-10-05 00:00:00,131.103,131.375,131.093,131.297,22959.0,5,0.0
2018-10-05 04:00:00,131.297,131.369,131.049,131.161,23871.0,3,0.0
2018-10-05 08:00:00,131.159,131.199,130.825,130.849,36971.0,5,0.0
2018-10-05 12:00:00,130.85,131.344,130.803,131.229,39878.0,2,0.0
2018-10-05 16:00:00,131.23,131.425,130.611,130.857,54500.0,0,0.0
2018-10-05 20:00:00,130.858,131.189,130.802,130.975,29094.0,0,0.0
2018-10-08 00:00:00,131.114,131.255,130.964,131.155,14490.0,0,0.0
2018-10-08 04:00:00,131.155,131.259,131.039,131.078,19577.0,8,0.0
2018-10-08 08:00:00,131.078,131.121,129.939,129.993,32069.0,4,0.0
2018-10-08 12:00:00,129.992,130.213,129.963,129.986,27665.0,6,0.0
2018-10-08 16:00:00,129.985,130.079,129.63,129.669,34991.0,3,0.0
2018-10-08 20:00:00,129.67,130.145,129.52,130.1,26792.0,5,0.0
2018-10-09 00:00:00,130.089,130.114,129.794,129.899,25655.0,0,0.0
2018-10-09 04:00:00,129.9,130.129,129.748,130.014,26328.0,6,0.0
2018-10-09 08:00:00,130.013,130.24,129.75,129.887,41777.0,5,0.0
2018-10-09 12:00:00,129.888,129.933,129.342,129.751,44613.0,0,0.0
2018-10-09 16:00:00,129.75,130.187,129.561,129.824,52570.0,0,0.0
2018-10-09 20:00:00,129.825,130.017,129.702,129.79,24315.0,5,0.0
2018-10-10 00:00:00,129.788,130.136,129.736,130.118,16757.0,0,0.0
2018-10-10 04:00:00,130.117,130.245,130.0,130.108,19233.0,5,0.0
2018-10-10 08:00:00,130.107,130.196,129.829,130.023,33734.0,4,0.0
2018-10-10 12:00:00,130.022,130.374,129.983,130.253,31673.0,0,0.0
2018-10-10 16:00:00,130.259,130.511,129.765,130.056,57238.0,1,0.0
2018-10-10 20:00:00,130.057,130.213,129.277,129.314,41989.0,0,0.0
2018-10-11 00:00:00,129.316,129.595,129.21,129.54,27366.0,6,0.0
2018-10-11 04:00:00,129.541,129.828,129.376,129.708,37361.0,5,0.0
2018-10-11 08:00:00,129.709,129.776,129.42,129.61,53112.0,0,0.0
2018-10-11 12:00:00,129.609,130.224,129.535,129.978,49475.0,0,0.0
2018-10-11 16:00:00,129.985,130.173,129.547,129.996,73473.0,0,0.0
2018-10-11 20:00:00,129.997,130.097,129.678,130.03,56667.0,1,0.0
2018-10-12 00:00:00,130.031,130.12,129.856,130.091,21553.0,7,0.0
2018-10-12 04:00:00,130.09,130.437,130.062,130.392,29064.0,5,0.0
2018-10-12 08:00:00,130.391,130.511,129.976,130.08,39853.0,6,0.0
2018-10-12 12:00:00,130.081,130.179,129.689,129.793,39850.0,4,0.0
2018-10-12 16:00:00,129.79,129.874,129.359,129.486,53598.0,0,0.0
2018-10-12 20:00:00,129.487,129.73,129.386,129.67,45301.0,3,0.0
2018-10-15 00:00:00,129.396,129.649,129.31,129.36,13876.0,0,0.0
2018-10-15 04:00:00,129.36,129.59,129.284,129.4,27515.0,6,0.0
2018-10-15 08:00:00,129.4,129.443,129.125,129.211,42163.0,3,0.0
2018-10-15 12:00:00,129.21,129.793,129.17,129.79,37394.0,0,0.0
2018-10-15 16:00:00,129.789,129.805,129.338,129.518,48890.0,4,0.0
2018-10-15 20:00:00,129.517,129.618,129.394,129.402,26072.0,7,0.0
2018-10-16 00:00:00,129.373,129.677,129.373,129.634,19865.0,0,0.0
2018-10-16 04:00:00,129.632,129.838,129.553,129.652,32474.0,6,0.0
2018-10-16 08:00:00,129.653,130.07,129.631,129.922,38134.0,3,0.0
2018-10-16 12:00:00,129.92,129.982,129.576,129.98,33903.0,3,0.0
2018-10-16 16:00:00,129.979,130.306,129.854,129.939,43034.0,4,0.0
2018-10-16 20:00:00,129.942,130.021,129.861,129.909,19776.0,0,0.0
2018-10-17 00:00:00,129.912,130.165,129.88,130.13,19377.0,6,0.0
2018-10-17 04:00:00,130.131,130.153,129.731,129.766,25117.0,7,0.0
2018-10-17 08:00:00,129.764,129.923,129.579,129.773,40766.0,5,0.0
2018-10-17 12:00:00,129.773,129.869,129.327,129.497,39269.0,2,0.0
2018-10-17 16:00:00,129.498,129.595,129.17,129.449,48764.0,4,0.0
2018-10-17 20:00:00,129.448,129.578,129.305,129.528,33164.0,2,0.0
2018-10-18 00:00:00,129.53,129.635,129.46,129.59,26619.0,5,0.0
2018-10-18 04:00:00,129.591,129.611,129.32,129.39,30052.0,6,0.0
2018-10-18 08:00:00,129.391,129.719,129.114,129.651,40065.0,5,0.0
2018-10-18 12:00:00,129.65,129.735,129.377,129.436,37056.0,6,0.0
2018-10-18 16:00:00,129.431,129.469,128.575,128.671,64299.0,0,0.0
2018-10-18 20:00:00,128.67,128.692,128.319,128.485,41728.0,0,0.0
2018-10-19 00:00:00,128.461,128.706,128.44,128.69,19116.0,6,0.0
2018-10-19 04:00:00,128.69,128.865,128.602,128.744,28387.0,3,0.0
2018-10-19 08:00:00,128.745,129.029,128.555,128.724,51791.0,5,0.0
2018-10-19 12:00:00,128.721,129.141,128.586,128.923,46326.0,0,0.0
2018-10-19 16:00:00,128.924,129.696,128.843,129.548,57754.0,0,0.0
2018-10-19 20:00:00,129.549,129.696,129.434,129.509,30073.0,4,0.0
2018-10-22 00:00:00,129.664,129.686,129.209,129.348,23205.0,5,0.0
2018-10-22 04:00:00,129.347,129.751,129.323,129.629,30617.0,7,0.0
2018-10-22 08:00:00,129.628,130.217,129.614,129.867,41244.0,0,0.0
2018-10-22 12:00:00,129.871,129.982,129.507,129.507,40649.0,3,0.0
2018-10-22 16:00:00,129.508,129.554,129.221,129.257,50258.0,0,0.0
2018-10-22 20:00:00,129.256,129.43,129.234,129.313,20000.0,4,0.0
2018-10-23 00:00:00,129.303,129.382,129.136,129.206,17246.0,7,0.0
2018-10-23 04:00:00,129.207,129.318,128.838,128.927,29947.0,6,0.0
2018-10-23 08:00:00,128.926,129.021,128.594,128.7,52975.0,0,0.0
2018-10-23 12:00:00,128.699,128.995,128.575,128.605,47688.0,0,0.0
2018-10-23 16:00:00,128.599,128.933,128.205,128.846,61790.0,0,0.0
2018-10-23 20:00:00,128.847,129.087,128.753,128.955,34398.0,4,0.0
2018-10-24 00:00:00,128.931,129.041,128.881,128.955,21843.0,8,0.0
2018-10-24 04:00:00,128.956,129.22,128.771,129.171,37074.0,0,0.0
2018-10-24 08:00:00,129.172,129.196,128.281,128.42,59044.0,0,0.0
2018-10-24 12:00:00,128.422,128.656,128.272,128.49,50395.0,0,0.0
2018-10-24 16:00:00,128.492,128.515,128.05,128.234,59355.0,0,0.0
2018-10-24 20:00:00,128.233,128.237,127.762,127.847,42815.0,4,0.0
2018-10-25 00:00:00,127.79,127.85,127.49,127.691,24027.0,0,0.0
2018-10-25 04:00:00,127.692,127.988,127.595,127.915,30388.0,4,0.0
2018-10-25 08:00:00,127.914,128.18,127.73,128.11,52578.0,2,0.0
2018-10-25 12:00:00,128.109,128.44,127.979,128.378,47099.0,1,0.0
2018-10-25 16:00:00,128.386,128.403,127.714,128.059,62660.0,0,0.0
2018-10-25 20:00:00,128.061,128.093,127.797,127.854,28512.0,0,0.0
2018-10-26 00:00:00,127.857,127.889,127.678,127.785,25679.0,0,0.0
2018-10-26 04:00:00,127.786,127.84,127.419,127.572,38865.0,0,0.0
2018-10-26 08:00:00,127.572,127.691,127.304,127.45,50827.0,0,0.0
2018-10-26 12:00:00,127.449,127.452,126.932,127.209,54779.0,0,0.0
2018-10-26 16:00:00,127.211,127.739,126.63,127.591,72510.0,0,0.0
2018-10-26 20:00:00,127.587,127.756,127.467,127.584,50369.0,0,0.0
2018-10-29 00:00:00,127.525,127.668,127.324,127.389,34030.0,7,0.0
2018-10-29 04:00:00,127.388,127.62,127.348,127.584,27060.0,4,0.0
2018-10-29 08:00:00,127.586,127.778,127.25,127.645,48368.0,0,0.0
2018-10-29 12:00:00,127.644,128.244,127.637,127.936,57570.0,0,0.0
2018-10-29 16:00:00,127.935,128.196,127.898,128.074,47457.0,0,0.0
2018-10-29 20:00:00,128.076,128.142,127.752,127.772,30130.0,4,0.0
2018-10-30 00:00:00,127.772,128.146,127.738,128.131,28230.0,0,0.0
2018-10-30 04:00:00,128.13,128.315,128.063,128.221,23524.0,3,0.0
2018-10-30 08:00:00,128.222,128.409,128.135,128.215,40590.0,6,0.0
2018-10-30 12:00:00,128.204,128.451,128.02,128.4,51125.0,0,0.0
2018-10-30 16:00:00,128.404,128.446,127.982,128.104,53467.0,2,0.0
2018-10-30 20:00:00,128.105,128.353,127.972,128.28,23245.0,5,0.0
2018-10-31 00:00:00,128.281,128.554,128.242,128.462,23722.0,5,0.0
2018-10-31 04:00:00,128.463,128.553,128.323,128.483,19708.0,6,0.0
2018-10-31 08:00:00,128.483,128.548,128.175,128.272,40149.0,0,0.0
2018-10-31 12:00:00,128.272,128.422,128.111,128.333,41841.0,4,0.0
2018-10-31 16:00:00,128.334,128.391,127.658,127.816,51982.0,0,0.0
2018-10-31 20:00:00,127.817,127.978,127.685,127.765,27911.0,0,0.0
2018-11-01 00:00:00,127.765,128.023,127.617,128.007,26559.0,4,0.0
2018-11-01 04:00:00,128.006,128.105,127.904,128.062,24643.0,5,0.0
2018-11-01 08:00:00,128.061,128.608,127.948,128.589,42159.0,0,0.0
2018-11-01 12:00:00,128.588,128.779,128.376,128.422,43250.0,0,0.0
2018-11-01 16:00:00,128.416,128.704,128.383,128.574,48494.0,0,0.0
2018-11-01 20:00:00,128.575,128.666,128.434,128.453,20557.0,6,0.0
2018-11-02 00:00:00,128.452,128.71,128.375,128.454,20207.0,3,0.0
2018-11-02 04:00:00,128.453,129.159,128.433,129.088,34054.0,0,0.0
2018-11-02 08:00:00,129.087,129.341,128.925,128.993,46739.0,0,0.0
2018-11-02 12:00:00,128.992,129.287,128.807,128.954,52764.0,0,0.0
2018-11-02 16:00:00,128.954,129.082,128.607,128.867,57877.0,0,0.0
2018-11-02 20:00:00,128.863,129.157,128.823,128.883,23354.0,4,0.0
2018-11-05 00:00:00,128.873,129.047,128.793,128.866,35337.0,2,0.0
2018-11-05 04:00:00,128.865,129.058,128.826,129.001,26082.0,7,0.0
2018-11-05 08:00:00,129.002,129.138,128.777,128.927,29848.0,3,0.0
2018-11-05 12:00:00,128.928,128.996,128.598,128.826,30946.0,0,0.0
2018-11-05 16:00:00,128.822,129.113,128.817,128.968,36854.0,2,0.0
2018-11-05 20:00:00,128.967,129.337,128.965,129.114,21032.0,6,0.0
2018-11-06 00:00:00,128.952,129.314,128.952,129.227,19904.0,0,0.0
2018-11-06 04:00:00,129.226,129.278,129.173,129.266,20504.0,7,0.0
2018-11-06 08:00:00,129.27,129.477,129.1,129.121,33031.0,5,0.0
2018-11-06 12:00:00,129.12,129.411,128.863,129.354,36252.0,0,0.0
2018-11-06 16:00:00,129.355,129.57,129.283,129.512,42075.0,0,0.0
2018-11-06 20:00:00,129.512,129.643,129.384,129.597,19565.0,5,0.0
2018-11-07 00:00:00,129.493,129.753,129.419,129.695,49935.0,0,0.0
2018-11-07 04:00:00,129.696,129.91,129.567,129.586,46602.0,0,0.0
2018-11-07 08:00:00,129.584,129.944,129.404,129.927,46132.0,0,0.0
2018-11-07 12:00:00,129.926,130.162,129.832,130.043,41633.0,0,0.0
2018-11-07 16:00:00,130.045,130.144,129.827,129.94,48368.0,0,0.0
2018-11-07 20:00:00,129.939,129.993,129.665,129.679,32227.0,5,0.0
2018-11-08 00:00:00,129.694,129.974,129.676,129.887,20654.0,4,0.0
2018-11-08 04:00:00,129.891,130.0,129.839,129.958,22179.0,7,0.0
2018-11-08 08:00:00,129.96,130.142,129.739,129.873,35842.0,4,0.0
2018-11-08 12:00:00,129.872,129.989,129.709,129.912,38651.0,0,0.0
2018-11-08 16:00:00,129.906,130.108,129.777,129.84,43948.0,3,0.0
2018-11-08 20:00:00,129.84,129.904,129.397,129.616,34102.0,6,0.0
2018-11-09 00:00:00,129.617,129.652,129.348,129.441,23949.0,6,0.0
2018-11-09 04:00:00,129.445,129.455,129.188,129.286,24533.0,5,0.0
2018-11-09 08:00:00,129.286,129.329,128.921,129.116,36600.0,2,0.0
2018-11-09 12:00:00,129.115,129.296,128.97,129.28,35248.0,0,0.0
2018-11-09 16:00:00,129.281,129.378,128.739,128.952,51644.0,0,0.0
2018-11-09 20:00:00,128.952,129.042,128.873,128.943,21919.0,6,0.0
2018-11-12 00:00:00,128.849,129.136,128.831,129.072,41809.0,6,0.0
2018-11-12 04:00:00,129.075,129.198,128.935,128.998,32742.0,9,0.0
2018-11-12 08:00:00,128.999,129.069,128.208,128.242,53866.0,0,0.0
2018-11-12 12:00:00,128.245,128.397,128.13,128.286,38991.0,0,0.0
2018-11-12 16:00:00,128.289,128.299,127.81,127.948,43275.0,0,0.0
2018-11-12 20:00:00,127.95,128.023,127.641,127.683,28219.0,7,0.0
2018-11-13 00:00:00,127.683,127.777,127.491,127.763,35110.0,6,0.0
2018-11-13 04:00:00,127.764,128.31,127.669,128.122,36505.0,5,0.0
2018-11-13 08:00:00,128.123,128.413,128.035,128.192,48115.0,2,0.0
2018-11-13 12:00:00,128.191,128.42,128.083,128.313,45797.0,0,0.0
2018-11-13 16:00:00,128.316,128.763,128.206,128.53,56264.0,0,0.0
2018-11-13 20:00:00,128.53,128.589,128.199,128.485,31346.0,3,0.0
2018-11-14 00:00:00,128.491,128.986,128.407,128.807,20990.0,0,0.0
2018-11-14 04:00:00,128.807,128.848,128.576,128.616,19401.0,4,0.0
2018-11-14 08:00:00,128.613,128.719,128.316,128.353,35983.0,3,0.0
2018-11-14 12:00:00,128.354,128.834,128.281,128.652,41434.0,0,0.0
2018-11-14 16:00:00,128.653,129.24,128.266,128.333,58686.0,0,0.0
2018-11-14 20:00:00,128.331,128.807,128.132,128.476,51374.0,0,0.0
2018-11-15 00:00:00,128.458,128.679,128.397,128.47,18563.0,4,0.0
2018-11-15 04:00:00,128.469,128.686,128.456,128.667,18581.0,0,0.0
2018-11-15 08:00:00,128.661,128.849,127.965,127.975,45187.0,0,0.0
2018-11-15 12:00:00,127.974,128.45,127.8,127.905,52026.0,2,0.0
2018-11-15 16:00:00,127.906,128.686,127.77,128.278,66979.0,0,0.0
2018-11-15 20:00:00,128.28,129.065,128.226,128.699,37982.0,0,0.0
2018-11-16 00:00:00,128.701,128.793,128.568,128.657,20165.0,5,0.0
2018-11-16 04:00:00,128.656,128.675,128.471,128.555,15600.0,6,0.0
2018-11-16 08:00:00,128.55,128.765,128.413,128.593,25893.0,0,0.0
2018-11-16 12:00:00,128.592,128.592,128.127,128.585,25616.0,0,0.0
2018-11-16 16:00:00,128.584,128.9,128.473,128.803,31013.0,0,0.0
2018-11-16 20:00:00,128.793,128.903,128.689,128.787,17537.0,4,0.0
2018-11-19 00:00:00,128.734,128.858,128.477,128.609,30186.0,3,0.0
2018-11-19 04:00:00,128.608,128.609,128.495,128.585,18209.0,5,0.0
2018-11-19 08:00:00,128.584,128.932,128.533,128.75,28756.0,5,0.0
2018-11-19 12:00:00,128.751,129.01,128.683,128.95,31270.0,1,0.0
2018-11-19 16:00:00,128.951,129.077,128.654,128.843,45346.0,0,0.0
2018-11-19 20:00:00,128.844,128.969,128.774,128.908,24732.0,4,0.0
2018-11-20 00:00:00,128.908,128.987,128.8,128.951,18371.0,4,0.0
2018-11-20 04:00:00,128.95,129.005,128.802,128.872,13288.0,4,0.0
2018-11-20 08:00:00,128.872,129.046,128.368,128.526,29179.0,0,0.0
2018-11-20 12:00:00,128.526,128.685,128.154,128.206,33695.0,3,0.0
2018-11-20 16:00:00,128.203,128.594,128.017,128.243,52482.0,0,0.0
2018-11-20 20:00:00,128.244,128.304,128.073,128.242,23742.0,3,0.0
2018-11-21 00:00:00,128.247,128.436,128.085,128.374,15155.0,5,0.0
2018-11-21 04:00:00,128.375,128.516,128.357,128.436,13833.0,5,0.0
2018-11-21 08:00:00,128.434,128.809,128.399,128.624,23302.0,0,0.0
2018-11-21 12:00:00,128.623,129.09,128.603,128.853,39631.0,0,0.0
2018-11-21 16:00:00,128.849,128.993,128.706,128.826,39234.0,0,0.0
2018-11-21 20:00:00,128.827,128.871,128.704,128.704,14882.0,6,0.0
2018-11-22 00:00:00,128.675,128.843,128.635,128.749,17915.0,1,0.0
2018-11-22 04:00:00,128.745,128.849,128.722,128.83,9659.0,5,0.0
2018-11-22 08:00:00,128.829,129.011,128.707,128.805,19089.0,0,0.0
2018-11-22 12:00:00,128.804,129.111,128.776,128.837,31407.0,0,0.0
2018-11-22 16:00:00,128.838,128.925,128.714,128.884,21325.0,5,0.0
2018-11-22 20:00:00,128.884,128.907,128.69,128.71,37007.0,9,0.0
2018-11-23 00:00:00,128.717,128.871,128.677,128.843,10827.0,0,0.0
2018-11-23 04:00:00,128.844,128.93,128.783,128.819,9752.0,0,0.0
2018-11-23 08:00:00,128.821,128.888,128.306,128.352,17562.0,0,0.0
2018-11-23 12:00:00,128.351,128.4,127.936,127.992,21258.0,0,0.0
2018-11-23 16:00:00,127.99,128.096,127.87,127.905,21357.0,0,0.0
2018-11-23 20:00:00,127.906,128.023,127.831,128.023,11271.0,4,0.0
2018-11-26 00:00:00,128.037,128.343,127.94,128.298,25975.0,0,0.0
2018-11-26 04:00:00,128.299,128.51,128.263,128.469,19613.0,5,0.0
2018-11-26 08:00:00,128.471,128.929,128.426,128.794,30461.0,0,0.0
2018-11-26 12:00:00,128.795,128.828,128.588,128.778,27155.0,6,0.0
2018-11-26 16:00:00,128.773,128.88,128.663,128.726,30808.0,0,0.0
2018-11-26 20:00:00,128.725,128.793,128.599,128.649,13742.0,5,0.0
2018-11-27 00:00:00,128.641,128.706,128.506,128.524,25282.0,0,0.0
2018-11-27 04:00:00,128.523,128.751,128.518,128.719,19343.0,6,0.0
2018-11-27 08:00:00,128.718,128.857,128.389,128.522,41182.0,0,0.0
2018-11-27 12:00:00,128.523,128.728,128.491,128.645,32521.0,3,0.0
2018-11-27 16:00:00,128.651,128.746,128.365,128.412,43871.0,0,0.0
2018-11-27 20:00:00,128.411,128.573,128.376,128.398,19515.0,0,0.0
2018-11-28 00:00:00,128.435,128.616,128.376,128.439,22148.0,0,0.0
2018-11-28 04:00:00,128.44,128.69,128.428,128.636,17957.0,0,0.0
2018-11-28 08:00:00,128.637,128.7,128.259,128.329,27495.0,0,0.0
2018-11-28 12:00:00,128.328,128.524,128.315,128.499,25895.0,0,0.0
2018-11-28 16:00:00,128.498,129.058,128.394,128.995,45474.0,0,0.0
2018-11-28 20:00:00,128.996,129.269,128.934,129.205,25043.0,3,0.0
2018-11-29 00:00:00,129.208,129.225,128.985,129.019,21171.0,10,0.0
2018-11-29 04:00:00,129.024,129.077,128.927,128.955,22113.0,5,0.0
2018-11-29 08:00:00,128.956,129.124,128.775,128.814,31074.0,0,0.0
2018-11-29 12:00:00,128.816,129.106,128.682,128.89,34373.0,0,0.0
2018-11-29 16:00:00,128.887,129.147,128.818,129.049,46299.0,0,0.0
2018-11-29 20:00:00,129.053,129.3,129.024,129.29,17521.0,4,0.0
2018-11-30 00:00:00,129.29,129.29,129.064,129.173,20580.0,0,0.0
2018-11-30 04:00:00,129.174,129.279,129.132,129.189,18928.0,4,0.0
2018-11-30 08:00:00,129.19,129.245,129.025,129.059,26592.0,0,0.0
2018-11-30 12:00:00,129.06,129.151,128.937,128.945,35869.0,0,0.0
2018-11-30 16:00:00,128.943,129.013,128.428,128.591,46736.0,0,0.0
2018-11-30 20:00:00,128.59,128.634,128.393,128.43,20322.0,0,0.0
2018-12-03 00:00:00,129.028,129.053,128.746,128.883,29974.0,0,0.0
2018-12-03 04:00:00,128.882,129.046,128.786,129.009,30672.0,4,0.0
2018-12-03 08:00:00,129.008,129.162,128.808,128.936,31245.0,1,0.0
2018-12-03 12:00:00,128.937,128.947,128.555,128.591,31160.0,4,0.0
2018-12-03 16:00:00,128.584,129.068,128.578,129.015,35633.0,0,0.0
2018-12-03 20:00:00,129.014,129.064,128.882,129.031,14770.0,1,0.0
2018-12-04 00:00:00,129.033,129.046,128.741,128.81,29363.0,0,0.0
2018-12-04 04:00:00,128.81,128.893,128.616,128.699,34132.0,6,0.0
2018-12-04 08:00:00,128.698,128.849,128.49,128.67,39860.0,0,0.0
2018-12-04 12:00:00,128.669,128.733,128.471,128.59,33509.0,3,0.0
2018-12-04 16:00:00,128.592,128.686,127.726,127.923,49899.0,0,0.0
2018-12-04 20:00:00,127.924,128.037,127.629,127.922,30475.0,4,0.0
2018-12-05 00:00:00,127.913,128.098,127.799,128.096,27838.0,0,0.0
2018-12-05 04:00:00,128.095,128.095,127.894,127.98,25068.0,4,0.0
2018-12-05 08:00:00,127.981,128.185,127.96,128.094,25811.0,4,0.0
2018-12-05 12:00:00,128.094,128.437,128.088,128.399,22323.0,0,0.0
2018-12-05 16:00:00,128.401,128.49,128.023,128.422,28066.0,0,0.0
2018-12-05 20:00:00,128.423,128.464,128.364,128.401,8876.0,6,0.0
2018-12-06 00:00:00,128.393,128.428,127.951,128.02,38955.0,2,0.0
2018-12-06 04:00:00,128.018,128.071,127.697,127.912,34270.0,7,0.0
2018-12-06 08:00:00,127.911,128.205,127.686,127.714,46989.0,0,0.0
2018-12-06 12:00:00,127.713,128.205,127.665,128.001,40604.0,0,0.0
2018-12-06 16:00:00,128.0,128.212,127.672,128.142,72124.0,0,0.0
2018-12-06 20:00:00,128.138,128.307,127.989,128.135,30210.0,7,0.0
2018-12-07 00:00:00,128.095,128.263,128.087,128.18,25596.0,6,0.0
2018-12-07 04:00:00,128.179,128.428,128.137,128.35,19432.0,8,0.0
2018-12-07 08:00:00,128.349,128.442,128.186,128.261,28482.0,2,0.0
2018-12-07 12:00:00,128.26,128.586,128.223,128.429,41530.0,2,0.0
2018-12-07 16:00:00,128.43,128.6,128.23,128.454,62732.0,0,0.0
2018-12-07 20:00:00,128.453,128.68,128.286,128.309,36813.0,5,0.0
2018-12-10 00:00:00,128.284,128.512,128.177,128.44,40356.0,6,0.0
2018-12-10 04:00:00,128.44,128.647,128.39,128.628,30017.0,7,0.0
2018-12-10 08:00:00,128.63,128.825,128.554,128.651,37845.0,5,0.0
2018-12-10 12:00:00,128.652,128.897,128.489,128.793,37348.0,0,0.0
2018-12-10 16:00:00,128.794,128.951,128.265,128.513,64015.0,0,0.0
2018-12-10 20:00:00,128.515,128.737,128.457,128.698,26853.0,0,0.0
2018-12-11 00:00:00,128.692,128.692,128.43,128.483,26848.0,6,0.0
2018-12-11 04:00:00,128.478,128.644,128.447,128.602,22377.0,6,0.0
2018-12-11 08:00:00,128.601,128.758,128.521,128.658,28505.0,6,0.0
2018-12-11 12:00:00,128.66,128.994,128.65,128.734,35675.0,0,0.0
2018-12-11 16:00:00,128.733,128.764,128.187,128.252,57164.0,0,0.0
2018-12-11 20:00:00,128.251,128.494,128.175,128.284,28797.0,0,0.0
2018-12-12 00:00:00,128.284,128.637,128.253,128.602,33082.0,6,0.0
2018-12-12 04:00:00,128.601,128.631,128.482,128.558,22459.0,5,0.0
2018-12-12 08:00:00,128.557,128.643,128.366,128.608,35922.0,6,0.0
2018-12-12 12:00:00,128.608,128.808,128.438,128.757,42303.0,0,0.0
2018-12-12 16:00:00,128.755,128.876,128.602,128.784,50051.0,0,0.0
2018-12-12 20:00:00,128.786,128.856,128.599,128.784,27030.0,4,0.0
2018-12-13 00:00:00,128.785,128.956,128.676,128.955,22464.0,7,0.0
2018-12-13 04:00:00,128.954,129.044,128.93,128.978,18945.0,8,0.0
2018-12-13 08:00:00,128.977,129.27,128.946,129.115,28876.0,0,0.0
2018-12-13 12:00:00,129.116,129.214,128.72,128.805,35701.0,2,0.0
2018-12-13 16:00:00,128.801,129.167,128.729,129.062,51158.0,0,0.0
2018-12-13 20:00:00,129.059,129.157,128.978,129.04,22812.0,5,0.0
2018-12-14 00:00:00,129.052,129.136,128.858,128.94,23774.0,6,0.0
2018-12-14 04:00:00,128.941,128.968,128.853,128.916,18953.0,5,0.0
2018-12-14 08:00:00,128.917,129.01,128.11,128.193,39489.0,0,0.0
2018-12-14 12:00:00,128.192,128.381,128.055,128.103,34555.0,0,0.0
2018-12-14 16:00:00,128.105,128.252,128.038,128.072,40218.0,0,0.0
2018-12-14 20:00:00,128.071,128.188,127.976,128.149,25257.0,6,0.0
2018-12-17 00:00:00,128.17,128.353,128.103,128.287,29609.0,10,0.0
2018-12-17 04:00:00,128.286,128.388,128.272,128.318,20550.0,9,0.0
2018-12-17 08:00:00,128.319,128.489,128.253,128.406,33361.0,0,0.0
2018-12-17 12:00:00,128.406,128.599,128.364,128.412,38315.0,6,0.0
2018-12-17 16:00:00,128.415,128.418,127.977,128.037,40080.0,4,0.0
2018-12-17 20:00:00,128.036,128.093,127.859,128.021,24379.0,7,0.0
2018-12-18 00:00:00,128.023,128.107,127.818,128.03,27912.0,5,0.0
2018-12-18 04:00:00,128.029,128.03,127.635,127.733,31107.0,5,0.0
2018-12-18 08:00:00,127.731,127.995,127.643,127.861,39863.0,2,0.0
2018-12-18 12:00:00,127.859,128.048,127.798,127.92,39514.0,4,0.0
2018-12-18 16:00:00,127.913,128.029,127.819,127.899,40958.0,5,0.0
2018-12-18 20:00:00,127.898,127.995,127.755,127.791,28536.0,1,0.0
2018-12-19 00:00:00,127.791,128.106,127.707,128.006,34666.0,6,0.0
2018-12-19 04:00:00,128.009,128.011,127.762,127.944,23694.0,6,0.0
2018-12-19 08:00:00,127.943,128.202,127.909,127.964,35571.0,0,0.0
2018-12-19 12:00:00,127.963,128.213,127.891,128.082,32789.0,0,0.0
2018-12-19 16:00:00,128.077,128.387,128.068,128.198,38998.0,0,0.0
2018-12-19 20:00:00,128.2,128.37,127.542,127.95,42019.0,0,0.0
2018-12-20 00:00:00,127.954,128.178,127.736,128.06,23388.0,4,0.0
2018-12-20 04:00:00,128.059,128.064,127.543,127.665,28843.0,8,0.0
2018-12-20 08:00:00,127.666,128.398,127.458,128.248,57744.0,0,0.0
2018-12-20 12:00:00,128.244,128.342,127.763,127.769,52362.0,0,0.0
2018-12-20 16:00:00,127.771,127.895,127.214,127.404,63033.0,2,0.0
2018-12-20 20:00:00,127.404,127.616,127.21,127.372,39907.0,2,0.0
2018-12-21 00:00:00,127.355,127.452,127.223,127.354,19552.0,0,0.0
2018-12-21 04:00:00,127.354,127.57,127.249,127.554,33727.0,8,0.0
2018-12-21 08:00:00,127.55,127.681,126.869,127.023,45782.0,0,0.0
2018-12-21 12:00:00,127.026,127.076,126.769,126.823,51528.0,5,0.0
2018-12-21 16:00:00,126.821,127.029,126.53,126.752,71199.0,2,0.0
2018-12-21 20:00:00,126.751,126.781,126.362,126.429,42942.0,5,0.0
2018-12-24 00:00:00,126.148,126.38,126.082,126.328,29508.0,0,0.0
2018-12-24 04:00:00,126.329,126.536,126.284,126.514,32428.0,9,0.0
2018-12-24 08:00:00,126.512,126.61,126.263,126.532,51287.0,0,0.0
2018-12-24 12:00:00,126.533,126.709,126.194,126.234,52250.0,4,0.0
2018-12-24 16:00:00,126.234,126.313,125.852,125.857,66814.0,0,0.0
2018-12-24 20:00:00,125.856,125.998,125.774,125.898,16568.0,0,0.0
2018-12-26 00:00:00,125.572,126.204,125.542,126.002,26008.0,3,0.0
2018-12-26 04:00:00,126.003,126.068,125.796,125.895,23518.0,0,0.0
2018-12-26 08:00:00,125.896,126.008,125.789,125.839,21607.0,6,0.0
2018-12-26 12:00:00,125.837,125.947,125.791,125.831,29569.0,4,0.0
2018-12-26 16:00:00,125.833,126.21,125.765,125.962,39815.0,0,0.0
2018-12-26 20:00:00,125.961,126.415,125.9,126.383,28740.0,3,0.0
2018-12-27 00:00:00,126.342,126.447,126.175,126.246,39312.0,0,0.0
2018-12-27 04:00:00,126.252,126.651,126.23,126.62,46772.0,7,0.0
2018-12-27 08:00:00,126.622,126.624,126.234,126.343,70776.0,4,0.0
2018-12-27 12:00:00,126.343,126.446,125.963,126.22,71725.0,5,0.0
2018-12-27 16:00:00,126.221,126.651,126.17,126.526,78383.0,0,0.0
2018-12-27 20:00:00,126.525,127.074,126.484,126.859,55600.0,8,0.0
2018-12-28 00:00:00,126.88,126.951,126.726,126.813,44121.0,3,0.0
2018-12-28 04:00:00,126.813,126.999,126.633,126.776,30082.0,0,0.0
2018-12-28 08:00:00,126.775,126.782,126.287,126.317,43579.0,1,0.0
2018-12-28 12:00:00,126.316,126.592,126.278,126.499,50567.0,5,0.0
2018-12-28 16:00:00,126.501,126.556,126.254,126.332,62683.0,0,0.0
2018-12-28 20:00:00,126.332,126.384,126.092,126.181,47942.0,6,0.0
2018-12-31 00:00:00,126.155,126.411,126.102,126.31,32359.0,0,0.0
2018-12-31 04:00:00,126.311,126.372,126.115,126.169,20712.0,10,0.0
2018-12-31 08:00:00,126.168,126.22,125.826,125.981,41983.0,6,0.0
2018-12-31 12:00:00,125.98,126.129,125.775,125.943,51078.0,3,0.0
2018-12-31 16:00:00,125.945,125.948,125.371,125.581,58031.0,0,0.0
2018-12-31 20:00:00,125.581,125.65,125.518,125.62,17971.0,5,0.0
2019-01-02 00:00:00,125.62,125.815,125.461,125.51,27435.0,9,0.0
2019-01-02 04:00:00,125.51,125.512,125.131,125.453,41156.0,1,0.0
2019-01-02 08:00:00,125.452,125.541,124.351,124.558,56042.0,5,0.0
2019-01-02 12:00:00,124.559,124.843,123.847,124.157,54501.0,4,0.0
2019-01-02 16:00:00,124.153,124.307,123.92,124.047,62847.0,4,0.0
2019-01-02 20:00:00,124.045,124.054,123.482,123.482,33635.0,0,0.0
2019-01-03 00:00:00,123.457,123.498,118.789,122.014,42776.0,0,0.0
2019-01-03 04:00:00,122.014,122.027,121.261,121.5,41211.0,4,0.0
2019-01-03 08:00:00,121.501,122.806,121.324,122.449,64243.0,0,0.0
2019-01-03 12:00:00,122.448,122.468,121.917,122.437,50771.0,3,0.0
2019-01-03 16:00:00,122.438,123.39,122.037,123.113,85160.0,0,0.0
2019-01-03 20:00:00,123.114,123.116,122.376,122.613,37166.0,4,0.0
2019-01-04 00:00:00,122.605,123.083,122.554,122.959,45019.0,0,0.0
2019-01-04 04:00:00,122.96,123.563,122.918,123.283,35556.0,4,0.0
2019-01-04 08:00:00,123.285,123.33,122.91,123.169,44141.0,4,0.0
2019-01-04 12:00:00,123.171,123.329,123.028,123.13,43331.0,3,0.0
2019-01-04 16:00:00,123.131,123.776,122.822,123.67,74486.0,0,0.0
2019-01-04 20:00:00,123.669,123.837,123.569,123.59,32808.0,6,0.0
2019-01-07 00:00:00,123.631,123.894,123.585,123.747,34022.0,0,0.0
2019-01-07 04:00:00,123.748,123.758,123.416,123.57,34763.0,0,0.0
2019-01-07 08:00:00,123.581,123.835,123.384,123.77,38712.0,0,0.0
2019-01-07 12:00:00,123.77,124.147,123.708,124.133,28562.0,4,0.0
2019-01-07 16:00:00,124.132,124.571,124.046,124.545,44151.0,0,0.0
2019-01-07 20:00:00,124.546,124.783,124.526,124.7,25428.0,0,0.0
2019-01-08 00:00:00,124.691,124.844,124.238,124.267,30480.0,0,0.0
2019-01-08 04:00:00,124.265,124.684,124.222,124.475,32444.0,0,0.0
2019-01-08 08:00:00,124.469,124.787,124.412,124.661,35470.0,2,0.0
2019-01-08 12:00:00,124.661,124.705,124.311,124.393,37032.0,2,0.0
2019-01-08 16:00:00,124.392,124.599,124.099,124.36,45820.0,0,0.0
2019-01-08 20:00:00,124.361,124.482,124.25,124.356,22905.0,1,0.0
2019-01-09 00:00:00,124.367,124.693,124.336,124.631,24000.0,6,0.0
2019-01-09 04:00:00,124.63,124.843,124.63,124.739,29505.0,8,0.0
2019-01-09 08:00:00,124.741,124.949,124.636,124.796,35243.0,0,0.0
2019-01-09 12:00:00,124.796,124.834,124.535,124.629,31814.0,5,0.0
2019-01-09 16:00:00,124.628,125.078,124.442,124.901,64185.0,0,0.0
2019-01-09 20:00:00,124.902,125.033,124.666,124.815,42383.0,0,0.0
2019-01-10 00:00:00,124.817,125.051,124.509,124.745,39527.0,2,0.0
2019-01-10 04:00:00,124.741,124.836,124.593,124.738,36276.0,5,0.0
2019-01-10 08:00:00,124.741,124.773,124.44,124.561,43161.0,6,0.0
2019-01-10 12:00:00,124.56,124.763,124.486,124.634,36246.0,0,0.0
2019-01-10 16:00:00,124.636,124.775,124.339,124.709,49048.0,4,0.0
2019-01-10 20:00:00,124.71,124.771,124.448,124.671,33401.0,5,0.0
2019-01-11 00:00:00,124.655,124.876,124.602,124.835,28186.0,8,0.0
2019-01-11 04:00:00,124.841,124.908,124.706,124.811,28472.0,7,0.0
2019-01-11 08:00:00,124.812,124.982,124.712,124.79,32654.0,4,0.0
2019-01-11 12:00:00,124.791,124.956,124.635,124.714,37961.0,4,0.0
2019-01-11 16:00:00,124.712,124.747,124.212,124.464,46213.0,0,0.0
2019-01-11 20:00:00,124.465,124.475,124.33,124.423,21637.0,5,0.0
2019-01-14 00:00:00,124.361,124.411,124.117,124.15,25049.0,9,0.0
2019-01-14 04:00:00,124.151,124.215,123.928,124.065,22142.0,8,0.0
2019-01-14 08:00:00,124.066,124.184,123.854,123.939,40693.0,0,0.0
2019-01-14 12:00:00,123.938,124.041,123.743,123.964,46092.0,6,0.0
2019-01-14 16:00:00,123.965,124.322,123.846,124.14,38998.0,4,0.0
2019-01-14 20:00:00,124.139,124.154,124.005,124.013,14740.0,7,0.0
2019-01-15 00:00:00,123.973,124.594,123.973,124.491,27347.0,6,0.0
2019-01-15 04:00:00,124.49,124.839,124.481,124.825,29892.0,0,0.0
2019-01-15 08:00:00,124.83,124.841,124.0,124.105,38129.0,6,0.0
2019-01-15 12:00:00,124.104,124.261,123.613,123.922,46227.0,5,0.0
2019-01-15 16:00:00,123.924,124.305,123.655,123.693,48657.0,0,0.0
2019-01-15 20:00:00,123.692,124.067,123.372,123.97,36116.0,1,0.0
2019-01-16 00:00:00,123.983,124.027,123.525,123.564,24909.0,5,0.0
2019-01-16 04:00:00,123.563,123.815,123.5,123.766,24736.0,5,0.0
2019-01-16 08:00:00,123.758,124.01,123.638,123.928,37880.0,6,0.0
2019-01-16 12:00:00,123.93,124.055,123.766,123.91,37898.0,6,0.0
2019-01-16 16:00:00,123.912,124.214,123.87,124.198,39984.0,0,0.0
2019-01-16 20:00:00,124.197,124.398,124.088,124.239,25182.0,0,0.0
2019-01-17 00:00:00,124.215,124.338,124.016,124.062,28401.0,5,0.0
2019-01-17 04:00:00,124.063,124.16,124.001,124.044,22445.0,9,0.0
2019-01-17 08:00:00,124.041,124.044,123.717,123.869,36035.0,8,0.0
2019-01-17 12:00:00,123.871,124.132,123.836,124.039,36455.0,2,0.0
2019-01-17 16:00:00,124.038,124.177,123.884,124.064,40843.0,0,0.0
2019-01-17 20:00:00,124.063,124.662,124.025,124.391,33732.0,0,0.0
2019-01-18 00:00:00,124.396,124.648,124.212,124.594,26367.0,0,0.0
2019-01-18 04:00:00,124.595,124.659,124.505,124.539,20934.0,5,0.0
2019-01-18 08:00:00,124.538,124.89,124.505,124.872,29158.0,5,0.0
2019-01-18 12:00:00,124.873,124.961,124.656,124.707,29014.0,3,0.0
2019-01-18 16:00:00,124.708,124.816,124.411,124.742,46768.0,0,0.0
2019-01-18 20:00:00,124.743,124.808,124.638,124.708,21417.0,7,0.0
2019-01-21 00:00:00,124.617,124.735,124.492,124.577,31249.0,7,0.0
2019-01-21 04:00:00,124.579,124.812,124.566,124.627,22438.0,5,0.0
2019-01-21 08:00:00,124.63,124.786,124.591,124.697,26311.0,0,0.0
2019-01-21 12:00:00,124.7,124.761,124.539,124.58,19788.0,8,0.0
2019-01-21 16:00:00,124.581,124.655,124.526,124.621,17800.0,8,0.0
2019-01-21 20:00:00,124.619,124.688,124.568,124.594,9961.0,10,0.0
2019-01-22 00:00:00,124.621,124.694,124.507,124.629,15069.0,4,0.0
2019-01-22 04:00:00,124.63,124.643,124.222,124.261,20648.0,6,0.0
2019-01-22 08:00:00,124.262,124.381,124.084,124.337,30665.0,6,0.0
2019-01-22 12:00:00,124.338,124.433,124.095,124.147,25148.0,7,0.0
2019-01-22 16:00:00,124.146,124.355,124.027,124.268,37847.0,5,0.0
2019-01-22 20:00:00,124.267,124.305,124.02,124.22,28118.0,0,0.0
2019-01-23 00:00:00,124.205,124.641,124.179,124.619,29105.0,2,0.0
2019-01-23 04:00:00,124.618,124.77,124.563,124.608,22818.0,5,0.0
2019-01-23 08:00:00,124.61,124.738,124.368,124.518,28889.0,5,0.0
2019-01-23 12:00:00,124.516,124.753,124.481,124.708,28995.0,6,0.0
2019-01-23 16:00:00,124.707,124.924,124.594,124.69,42406.0,4,0.0
2019-01-23 20:00:00,124.69,124.827,124.63,124.701,20380.0,5,0.0
2019-01-24 00:00:00,124.662,124.851,124.615,124.651,30004.0,7,0.0
2019-01-24 04:00:00,124.65,124.79,124.577,124.785,25229.0,6,0.0
2019-01-24 08:00:00,124.781,124.884,124.336,124.51,32884.0,0,0.0
2019-01-24 12:00:00,124.511,124.637,123.959,124.167,38024.0,0,0.0
2019-01-24 16:00:00,124.166,124.58,123.839,123.897,50386.0,0,0.0
2019-01-24 20:00:00,123.898,123.951,123.764,123.869,23576.0,5,0.0
2019-01-25 00:00:00,123.87,124.131,123.766,124.068,31541.0,3,0.0
2019-01-25 04:00:00,124.069,124.395,124.061,124.297,26314.0,5,0.0
2019-01-25 08:00:00,124.296,124.501,124.163,124.384,34409.0,2,0.0
2019-01-25 12:00:00,124.383,124.822,124.347,124.802,30137.0,0,0.0
2019-01-25 16:00:00,124.801,125.307,124.703,125.188,46169.0,0,0.0
2019-01-25 20:00:00,125.19,125.259,124.879,124.929,24326.0,5,0.0
2019-01-28 00:00:00,124.874,125.027,124.713,124.888,30146.0,3,0.0
2019-01-28 04:00:00,124.89,124.981,124.706,124.725,21953.0,1,0.0
2019-01-28 08:00:00,124.726,124.802,124.58,124.78,29711.0,6,0.0
2019-01-28 12:00:00,124.779,124.991,124.772,124.909,27057.0,5,0.0
2019-01-28 16:00:00,124.908,124.981,124.634,124.918,39144.0,4,0.0
2019-01-28 20:00:00,124.917,124.994,124.877,124.903,17590.0,4,0.0
2019-01-29 00:00:00,124.911,124.947,124.668,124.729,25983.0,2,0.0
2019-01-29 04:00:00,124.728,124.975,124.722,124.968,22767.0,5,0.0
2019-01-29 08:00:00,124.972,125.223,124.877,125.207,28988.0,4,0.0
2019-01-29 12:00:00,125.208,125.223,124.986,125.085,27106.0,4,0.0
2019-01-29 16:00:00,125.084,125.088,124.729,124.98,40425.0,2,0.0
2019-01-29 20:00:00,124.978,125.101,124.838,125.03,31032.0,0,0.0
2019-01-30 00:00:00,124.986,125.136,124.872,124.981,28116.0,0,0.0
2019-01-30 04:00:00,124.98,125.123,124.956,125.046,25689.0,5,0.0
2019-01-30 08:00:00,125.043,125.094,124.868,124.988,35252.0,4,0.0
2019-01-30 12:00:00,124.989,125.213,124.957,125.177,28250.0,5,0.0
2019-01-30 16:00:00,125.175,125.28,125.015,125.054,31294.0,0,0.0
2019-01-30 20:00:00,125.055,125.449,125.008,125.14,40875.0,0,0.0
2019-01-31 00:00:00,125.118,125.242,125.047,125.139,27329.0,6,0.0
2019-01-31 04:00:00,125.14,125.28,125.049,125.087,23720.0,7,0.0
2019-01-31 08:00:00,125.087,125.164,124.64,124.651,33727.0,3,0.0
2019-01-31 12:00:00,124.652,124.879,124.555,124.765,33917.0,6,0.0
2019-01-31 16:00:00,124.763,124.931,124.467,124.573,41879.0,0,0.0
2019-01-31 20:00:00,124.574,124.658,124.469,124.586,20469.0,5,0.0
2019-02-01 00:00:00,124.574,124.728,124.338,124.485,26508.0,7,0.0
2019-02-01 04:00:00,124.486,124.663,124.441,124.509,23460.0,8,0.0
2019-02-01 08:00:00,124.513,124.871,124.464,124.87,26086.0,7,0.0
2019-02-01 12:00:00,124.871,125.1,124.816,125.026,31406.0,0,0.0
2019-02-01 16:00:00,125.025,125.726,125.006,125.641,41980.0,0,0.0
2019-02-01 20:00:00,125.64,125.657,125.37,125.391,17217.0,8,0.0
2019-02-04 00:00:00,125.355,125.535,125.337,125.5,22770.0,0,0.0
2019-02-04 04:00:00,125.499,125.609,125.433,125.568,19967.0,5,0.0
2019-02-04 08:00:00,125.571,125.853,125.542,125.74,24528.0,0,0.0
2019-02-04 12:00:00,125.741,125.921,125.69,125.914,24784.0,0,0.0
2019-02-04 16:00:00,125.915,125.927,125.589,125.615,33872.0,2,0.0
2019-02-04 20:00:00,125.614,125.69,125.544,125.628,13217.0,8,0.0
2019-02-05 00:00:00,125.637,125.851,125.582,125.826,22163.0,5,0.0
2019-02-05 04:00:00,125.825,125.834,125.51,125.547,15102.0,8,0.0
2019-02-05 08:00:00,125.545,125.642,125.388,125.593,21239.0,0,0.0
2019-02-05 12:00:00,125.594,125.639,125.459,125.561,25950.0,0,0.0
2019-02-05 16:00:00,125.56,125.616,125.26,125.391,31212.0,6,0.0
2019-02-05 20:00:00,125.389,125.488,125.29,125.388,16432.0,7,0.0
2019-02-06 00:00:00,125.388,125.431,125.162,125.38,23465.0,3,0.0
2019-02-06 04:00:00,125.379,125.416,125.014,125.064,22889.0,6,0.0
2019-02-06 08:00:00,125.065,125.077,124.798,124.861,24073.0,6,0.0
2019-02-06 12:00:00,124.86,125.09,124.83,124.995,21800.0,7,0.0
2019-02-06 16:00:00,124.996,124.998,124.794,124.825,30258.0,5,0.0
2019-02-06 20:00:00,124.826,125.018,124.793,124.912,19067.0,4,0.0
2019-02-07 00:00:00,124.932,125.051,124.684,124.752,23606.0,0,0.0
2019-02-07 04:00:00,124.751,124.94,124.665,124.885,19095.0,7,0.0
2019-02-07 08:00:00,124.879,124.974,124.684,124.796,24366.0,6,0.0
2019-02-07 12:00:00,124.799,124.802,124.327,124.361,34026.0,6,0.0
2019-02-07 16:00:00,124.36,124.711,124.354,124.596,38265.0,4,0.0
2019-02-07 20:00:00,124.595,124.72,124.453,124.491,20426.0,7,0.0
2019-02-08 00:00:00,124.463,124.541,124.352,124.402,26461.0,7,0.0
2019-02-08 04:00:00,124.401,124.524,124.284,124.43,23215.0,5,0.0
2019-02-08 08:00:00,124.425,124.49,124.346,124.387,26018.0,3,0.0
2019-02-08 12:00:00,124.386,124.676,124.386,124.604,23644.0,2,0.0
2019-02-08 16:00:00,124.602,124.626,124.153,124.3,35483.0,5,0.0
2019-02-08 20:00:00,124.302,124.365,124.149,124.195,14980.0,6,0.0
2019-02-11 00:00:00,124.238,124.381,124.222,124.355,21579.0,0,0.0
2019-02-11 04:00:00,124.357,124.527,124.331,124.526,19324.0,6,0.0
2019-02-11 08:00:00,124.527,124.715,124.372,124.593,23512.0,0,0.0
2019-02-11 12:00:00,124.592,124.823,124.493,124.804,26172.0,0,0.0
2019-02-11 16:00:00,124.805,124.858,124.393,124.468,30050.0,5,0.0
2019-02-11 20:00:00,124.469,124.487,124.399,124.437,17422.0,9,0.0
2019-02-12 00:00:00,124.382,124.651,124.381,124.61,31195.0,0,0.0
2019-02-12 04:00:00,124.608,124.8,124.504,124.701,24101.0,3,0.0
2019-02-12 08:00:00,124.698,124.864,124.5,124.614,23183.0,1,0.0
2019-02-12 12:00:00,124.615,124.766,124.593,124.69,18798.0,5,0.0
2019-02-12 16:00:00,124.691,125.126,124.64,125.08,26109.0,4,0.0
2019-02-12 20:00:00,125.079,125.251,125.029,125.083,13988.0,7,0.0
2019-02-13 00:00:00,125.073,125.35,125.061,125.327,27297.0,6,0.0
2019-02-13 04:00:00,125.325,125.52,125.32,125.413,20533.0,0,0.0
2019-02-13 08:00:00,125.412,125.45,125.234,125.282,22257.0,2,0.0
2019-02-13 12:00:00,125.285,125.322,125.059,125.145,23940.0,0,0.0
2019-02-13 16:00:00,125.145,125.202,124.996,125.02,25829.0,4,0.0
2019-02-13 20:00:00,125.021,125.117,124.95,124.968,13072.0,7,0.0
2019-02-14 00:00:00,124.961,125.102,124.837,125.047,23509.0,5,0.0
2019-02-14 04:00:00,125.048,125.358,125.013,125.215,19437.0,2,0.0
2019-02-14 08:00:00,125.216,125.431,124.919,125.029,26485.0,0,0.0
2019-02-14 12:00:00,125.029,125.226,124.969,124.992,28595.0,0,0.0
2019-02-14 16:00:00,124.993,125.026,124.717,124.909,42182.0,3,0.0
2019-02-14 20:00:00,124.912,124.997,124.718,124.739,15569.0,6,0.0
2019-02-15 00:00:00,124.723,124.843,124.477,124.529,27158.0,7,0.0
2019-02-15 04:00:00,124.53,124.539,124.441,124.495,17438.0,7,0.0
2019-02-15 08:00:00,124.497,124.657,124.23,124.548,22976.0,4,0.0
2019-02-15 12:00:00,124.549,124.596,124.211,124.401,29164.0,0,0.0
2019-02-15 16:00:00,124.402,124.633,124.382,124.617,36280.0,0,0.0
2019-02-15 20:00:00,124.616,124.827,124.594,124.68,17522.0,6,0.0
2019-02-18 00:00:00,124.705,125.004,124.668,124.982,27901.0,5,0.0
2019-02-18 04:00:00,124.981,125.14,124.942,124.976,19234.0,4,0.0
2019-02-18 08:00:00,124.972,125.118,124.906,125.065,21842.0,7,0.0
2019-02-18 12:00:00,125.063,125.251,125.021,125.191,17865.0,8,0.0
2019-02-18 16:00:00,125.19,125.251,124.98,125.039,16195.0,7,0.0
2019-02-18 20:00:00,125.038,125.143,125.017,125.041,19090.0,6,0.0
2019-02-19 00:00:00,125.03,125.126,124.833,124.909,18511.0,9,0.0
2019-02-19 04:00:00,124.91,125.021,124.749,124.979,19877.0,8,0.0
2019-02-19 08:00:00,124.978,125.452,124.936,125.182,23415.0,8,0.0
2019-02-19 12:00:00,125.181,125.33,124.855,124.977,24753.0,6,0.0
2019-02-19 16:00:00,124.976,125.535,124.939,125.416,35755.0,4,0.0
2019-02-19 20:00:00,125.415,125.563,125.366,125.435,15280.0,0,0.0
2019-02-20 00:00:00,125.424,125.933,125.338,125.881,25594.0,0,0.0
2019-02-20 04:00:00,125.882,125.883,125.597,125.699,21135.0,8,0.0
2019-02-20 08:00:00,125.699,125.9,125.595,125.702,24117.0,4,0.0
2019-02-20 12:00:00,125.703,125.727,125.482,125.603,20705.0,6,0.0
2019-02-20 16:00:00,125.602,125.873,125.582,125.777,28319.0,3,0.0
2019-02-20 20:00:00,125.78,125.854,125.598,125.657,25455.0,6,0.0
2019-02-21 00:00:00,125.637,125.74,125.341,125.479,24291.0,9,0.0
2019-02-21 04:00:00,125.48,125.796,125.478,125.512,28448.0,8,0.0
2019-02-21 08:00:00,125.517,125.865,125.319,125.391,32852.0,1,0.0
2019-02-21 12:00:00,125.39,125.767,125.352,125.706,28270.0,4,0.0
2019-02-21 16:00:00,125.708,125.754,125.443,125.537,31319.0,4,0.0
2019-02-21 20:00:00,125.539,125.556,125.42,125.442,15410.0,7,0.0
2019-02-22 00:00:00,125.434,125.577,125.368,125.511,24246.0,0,0.0
2019-02-22 04:00:00,125.513,125.591,125.488,125.573,25700.0,9,0.0
2019-02-22 08:00:00,125.574,125.741,125.56,125.678,20426.0,0,0.0
2019-02-22 12:00:00,125.676,125.772,125.444,125.478,22650.0,6,0.0
2019-02-22 16:00:00,125.477,125.65,125.384,125.45,33661.0,4,0.0
2019-02-22 20:00:00,125.451,125.55,125.32,125.341,17503.0,4,0.0
2019-02-25 00:00:00,125.389,125.782,125.341,125.557,29913.0,5,0.0
2019-02-25 04:00:00,125.557,125.588,125.378,125.481,31344.0,8,0.0
2019-02-25 08:00:00,125.48,125.704,125.444,125.622,22445.0,7,0.0
2019-02-25 12:00:00,125.621,125.898,125.598,125.813,23869.0,0,0.0
2019-02-25 16:00:00,125.815,126.217,125.717,126.173,37088.0,0,0.0
2019-02-25 20:00:00,126.172,126.299,126.093,126.119,16584.0,6,0.0
2019-02-26 00:00:00,126.107,126.221,125.945,125.962,24779.0,6,0.0
2019-02-26 04:00:00,125.961,125.962,125.808,125.839,21358.0,8,0.0
2019-02-26 08:00:00,125.841,126.001,125.726,125.988,23239.0,5,0.0
2019-02-26 12:00:00,125.989,126.027,125.823,125.868,25909.0,7,0.0
2019-02-26 16:00:00,125.866,126.028,125.714,125.993,35766.0,4,0.0
2019-02-26 20:00:00,125.991,126.016,125.84,125.925,16999.0,7,0.0
2019-02-27 00:00:00,125.9,125.98,125.835,125.922,25945.0,0,0.0
2019-02-27 04:00:00,125.923,125.94,125.79,125.804,29991.0,9,0.0
2019-02-27 08:00:00,125.805,125.841,125.533,125.825,25794.0,3,0.0
2019-02-27 12:00:00,125.826,126.142,125.791,126.016,25324.0,6,0.0
2019-02-27 16:00:00,126.021,126.342,125.949,126.129,36568.0,0,0.0
2019-02-27 20:00:00,126.128,126.273,126.124,126.179,13712.0,7,0.0
2019-02-28 00:00:00,126.175,126.218,126.05,126.16,23533.0,5,0.0
2019-02-28 04:00:00,126.159,126.19,126.032,126.048,20508.0,7,0.0
2019-02-28 08:00:00,126.047,126.217,125.881,126.195,27440.0,0,0.0
2019-02-28 12:00:00,126.196,126.517,126.179,126.493,32034.0,4,0.0
2019-02-28 16:00:00,126.492,126.9,126.421,126.707,40031.0,0,0.0
2019-02-28 20:00:00,126.706,126.858,126.604,126.635,15929.0,7,0.0
2019-03-01 00:00:00,126.611,127.014,126.581,126.963,21837.0,1,0.0
2019-03-01 04:00:00,126.964,127.084,126.925,127.018,21329.0,8,0.0
2019-03-01 08:00:00,127.017,127.249,127.017,127.116,23996.0,4,0.0
2019-03-01 12:00:00,127.116,127.366,127.086,127.3,25535.0,0,0.0
2019-03-01 16:00:00,127.302,127.51,127.226,127.251,35205.0,3,0.0
2019-03-01 20:00:00,127.25,127.286,127.117,127.143,16951.0,8,0.0
2019-03-04 00:00:00,127.278,127.377,127.145,127.314,33193.0,9,0.0
2019-03-04 04:00:00,127.315,127.318,127.198,127.209,24968.0,9,0.0
2019-03-04 08:00:00,127.208,127.282,126.804,126.864,31774.0,8,0.0
2019-03-04 12:00:00,126.863,126.974,126.725,126.944,22781.0,8,0.0
2019-03-04 16:00:00,126.943,126.964,126.441,126.592,32565.0,8,0.0
2019-03-04 20:00:00,126.593,126.725,126.526,126.683,13413.0,3,0.0
2019-03-05 00:00:00,126.62,126.878,126.617,126.722,24580.0,6,0.0
2019-03-05 04:00:00,126.72,126.84,126.713,126.776,23606.0,9,0.0
2019-03-05 08:00:00,126.778,126.92,126.662,126.82,22374.0,7,0.0
2019-03-05 12:00:00,126.817,126.933,126.715,126.791,19697.0,5,0.0
2019-03-05 16:00:00,126.789,126.823,126.355,126.436,34611.0,1,0.0
2019-03-05 20:00:00,126.434,126.514,126.398,126.502,11675.0,6,0.0
2019-03-06 00:00:00,126.511,126.516,126.25,126.304,20835.0,5,0.0
2019-03-06 04:00:00,126.305,126.352,126.184,126.31,19255.0,6,0.0
2019-03-06 08:00:00,126.311,126.525,126.264,126.413,19595.0,8,0.0
2019-03-06 12:00:00,126.412,126.515,126.166,126.377,21870.0,3,0.0
2019-03-06 16:00:00,126.378,126.53,126.268,126.298,29502.0,6,0.0
2019-03-06 20:00:00,126.296,126.44,126.286,126.355,12404.0,8,0.0
2019-03-07 00:00:00,126.329,126.393,126.202,126.233,12695.0,8,0.0
2019-03-07 04:00:00,126.232,126.307,126.215,126.291,14799.0,9,0.0
2019-03-07 08:00:00,126.292,126.423,126.255,126.323,18013.0,4,0.0
2019-03-07 12:00:00,126.322,126.4,125.734,125.799,30060.0,6,0.0
2019-03-07 16:00:00,125.797,125.805,125.065,125.294,41676.0,1,0.0
2019-03-07 20:00:00,125.292,125.295,124.66,124.858,20411.0,4,0.0
2019-03-08 00:00:00,124.861,125.018,124.661,124.742,20126.0,7,0.0
2019-03-08 04:00:00,124.743,124.906,124.354,124.415,22019.0,9,0.0
2019-03-08 08:00:00,124.414,124.609,124.263,124.562,27779.0,5,0.0
2019-03-08 12:00:00,124.563,124.744,124.391,124.536,32021.0,5,0.0
2019-03-08 16:00:00,124.538,124.98,124.424,124.803,36945.0,5,0.0
2019-03-08 20:00:00,124.804,124.922,124.724,124.807,14309.0,5,0.0
2019-03-11 00:00:00,124.823,124.889,124.472,124.734,24376.0,8,0.0
2019-03-11 04:00:00,124.733,124.842,124.689,124.81,20266.0,9,0.0
2019-03-11 08:00:00,124.806,125.194,124.806,125.14,22979.0,6,0.0
2019-03-11 12:00:00,125.139,125.149,124.839,124.943,29881.0,5,0.0
2019-03-11 16:00:00,124.941,125.071,124.795,125.027,23518.0,5,0.0
2019-03-11 20:00:00,125.028,125.138,124.954,125.092,15878.0,5,0.0
2019-03-12 00:00:00,125.093,125.478,125.068,125.443,21057.0,6,0.0
2019-03-12 04:00:00,125.444,125.469,125.243,125.28,14419.0,10,0.0
2019-03-12 08:00:00,125.278,125.762,125.225,125.554,20674.0,8,0.0
2019-03-12 12:00:00,125.553,125.571,125.065,125.384,33634.0,6,0.0
2019-03-12 16:00:00,125.386,125.821,125.251,125.659,25719.0,7,0.0
2019-03-12 20:00:00,125.66,125.794,125.605,125.676,18711.0,7,0.0
2019-03-13 00:00:00,125.677,125.727,125.482,125.493,16045.0,7,0.0
2019-03-13 04:00:00,125.492,125.687,125.451,125.638,16292.0,9,0.0
2019-03-13 08:00:00,125.637,125.822,125.551,125.714,16744.0,8,0.0
2019-03-13 12:00:00,125.716,125.949,125.698,125.897,22878.0,7,0.0
2019-03-13 16:00:00,125.898,125.953,125.681,125.725,20984.0,7,0.0
2019-03-13 20:00:00,125.723,126.088,125.638,126.07,22690.0,4,0.0
2019-03-14 00:00:00,126.07,126.28,125.933,126.255,19888.0,0,0.0
2019-03-14 04:00:00,126.254,126.417,126.208,126.293,21221.0,9,0.0
2019-03-14 08:00:00,126.294,126.564,126.227,126.401,21708.0,8,0.0
2019-03-14 12:00:00,126.4,126.405,126.043,126.063,31779.0,6,0.0
2019-03-14 16:00:00,126.062,126.363,126.011,126.253,21458.0,7,0.0
2019-03-14 20:00:00,126.252,126.355,126.115,126.214,11509.0,7,0.0
2019-03-15 00:00:00,126.22,126.569,126.21,126.505,10473.0,8,0.0
2019-03-15 04:00:00,126.506,126.552,126.247,126.359,12783.0,7,0.0
2019-03-15 08:00:00,126.355,126.54,126.34,126.41,14129.0,8,0.0
2019-03-15 12:00:00,126.411,126.512,126.119,126.302,16589.0,6,0.0
2019-03-15 16:00:00,126.303,126.501,126.166,126.21,17897.0,5,0.0
2019-03-15 20:00:00,126.211,126.32,126.162,126.231,5466.0,8,0.0
2019-03-18 00:00:00,126.207,126.363,126.196,126.333,9113.0,8,0.0
2019-03-18 04:00:00,126.332,126.498,126.332,126.454,9280.0,10,0.0
2019-03-18 08:00:00,126.453,126.586,126.438,126.543,13824.0,8,0.0
2019-03-18 12:00:00,126.542,126.69,126.469,126.536,12585.0,9,0.0
2019-03-18 16:00:00,126.534,126.592,126.145,126.217,14306.0,8,0.0
2019-03-18 20:00:00,126.218,126.406,126.199,126.327,9101.0,0,0.0
2019-03-19 00:00:00,126.325,126.338,126.098,126.205,9942.0,7,0.0
2019-03-19 04:00:00,126.206,126.296,126.092,126.229,7186.0,8,0.0
2019-03-19 08:00:00,126.228,126.397,126.2,126.331,10571.0,8,0.0
2019-03-19 12:00:00,126.331,126.615,126.231,126.39,14039.0,8,0.0
2019-03-19 16:00:00,126.391,126.524,126.286,126.45,14372.0,6,0.0
2019-03-19 20:00:00,126.451,126.539,126.356,126.457,10660.0,5,0.0
2019-03-20 00:00:00,126.456,126.747,126.449,126.676,9670.0,0,0.0
2019-03-20 04:00:00,126.675,126.704,126.582,126.588,4549.0,8,0.0
2019-03-20 08:00:00,126.587,126.707,126.54,126.607,10263.0,9,0.0
2019-03-20 12:00:00,126.608,126.737,126.533,126.595,11546.0,8,0.0
2019-03-20 16:00:00,126.596,126.665,126.433,126.646,15174.0,6,0.0
2019-03-20 20:00:00,126.647,126.789,126.236,126.38,33078.0,0,0.0
2019-03-21 00:00:00,126.38,126.603,126.362,126.484,10297.0,8,0.0
2019-03-21 04:00:00,126.483,126.504,126.112,126.222,8450.0,8,0.0
2019-03-21 08:00:00,126.227,126.235,125.682,126.006,16909.0,7,0.0
2019-03-21 12:00:00,126.005,126.118,125.762,126.067,21308.0,6,0.0
2019-03-21 16:00:00,126.066,126.137,125.706,125.846,25878.0,2,0.0
2019-03-21 20:00:00,125.845,126.097,125.757,126.063,19036.0,7,0.0
2019-03-22 00:00:00,126.064,126.096,125.783,125.915,10836.0,8,0.0
2019-03-22 04:00:00,125.916,126.103,125.89,126.065,8954.0,10,0.0
2019-03-22 08:00:00,126.068,126.178,124.767,124.929,31690.0,0,0.0
2019-03-22 12:00:00,124.93,125.021,124.38,124.391,28838.0,7,0.0
2019-03-22 16:00:00,124.391,124.524,123.812,124.294,39969.0,0,0.0
2019-03-22 20:00:00,124.292,124.385,124.15,124.191,11736.0,8,0.0
2019-03-25 00:00:00,124.243,124.424,123.869,124.049,14369.0,7,0.0
2019-03-25 04:00:00,124.048,124.395,123.982,124.306,11282.0,9,0.0
2019-03-25 08:00:00,124.307,124.797,124.169,124.76,24768.0,7,0.0
2019-03-25 12:00:00,124.759,124.814,124.394,124.441,22642.0,7,0.0
2019-03-25 16:00:00,124.44,124.752,124.256,124.258,22869.0,4,0.0
2019-03-25 20:00:00,124.26,124.532,124.23,124.404,15600.0,7,0.0
2019-03-26 00:00:00,124.404,124.783,124.397,124.577,12316.0,7,0.0
2019-03-26 04:00:00,124.576,124.628,124.457,124.534,10204.0,8,0.0
2019-03-26 08:00:00,124.532,124.938,124.422,124.917,19696.0,0,0.0
2019-03-26 12:00:00,124.916,125.005,124.667,124.862,25530.0,7,0.0
2019-03-26 16:00:00,124.862,124.987,124.603,124.632,22666.0,8,0.0
2019-03-26 20:00:00,124.631,124.694,124.514,124.663,11612.0,7,0.0
2019-03-27 00:00:00,124.66,124.674,124.338,124.436,15902.0,7,0.0
2019-03-27 04:00:00,124.435,124.531,124.257,124.531,11413.0,8,0.0
2019-03-27 08:00:00,124.532,124.732,124.396,124.566,22188.0,8,0.0
2019-03-27 12:00:00,124.567,124.605,124.228,124.282,31161.0,7,0.0
2019-03-27 16:00:00,124.284,124.408,124.044,124.341,31136.0,7,0.0
2019-03-27 20:00:00,124.34,124.396,124.208,124.263,11981.0,6,0.0
2019-03-28 00:00:00,124.264,124.344,123.805,123.873,15671.0,8,0.0
2019-03-28 04:00:00,123.875,124.044,123.863,123.911,12308.0,9,0.0
2019-03-28 08:00:00,123.908,124.322,123.645,124.173,25214.0,7,0.0
2019-03-28 12:00:00,124.174,124.314,123.802,124.255,29973.0,5,0.0
2019-03-28 16:00:00,124.254,124.421,124.049,124.216,27098.0,5,0.0
2019-03-28 20:00:00,124.217,124.247,124.074,124.198,9456.0,9,0.0
2019-03-29 00:00:00,124.198,124.551,124.158,124.354,14334.0,0,0.0
2019-03-29 04:00:00,124.356,124.464,124.254,124.401,12272.0,0,0.0
2019-03-29 08:00:00,124.406,124.46,124.199,124.214,20779.0,6,0.0
2019-03-29 12:00:00,124.213,124.566,124.137,124.416,24537.0,7,0.0
2019-03-29 16:00:00,124.417,124.632,124.184,124.291,28426.0,0,0.0
2019-03-29 20:00:00,124.292,124.38,124.256,124.314,8724.0,8,0.0
2019-04-01 00:00:00,124.638,124.717,124.433,124.716,12887.0,8,0.0
2019-04-01 04:00:00,124.717,124.829,124.667,124.714,11344.0,5,0.0
2019-04-01 08:00:00,124.713,124.949,124.652,124.835,21013.0,6,0.0
2019-04-01 12:00:00,124.836,124.867,124.557,124.633,19670.0,3,0.0
2019-04-01 16:00:00,124.632,124.877,124.588,124.862,24100.0,0,0.0
2019-04-01 20:00:00,124.861,124.878,124.801,124.841,7658.0,8,0.0
2019-04-02 00:00:00,124.841,124.889,124.716,124.813,10937.0,9,0.0
2019-04-02 04:00:00,124.814,124.823,124.667,124.727,9820.0,9,0.0
2019-04-02 08:00:00,124.726,124.856,124.635,124.729,14621.0,8,0.0
2019-04-02 12:00:00,124.73,124.83,124.673,124.796,15758.0,8,0.0
2019-04-02 16:00:00,124.795,124.817,124.472,124.676,18103.0,9,0.0
2019-04-02 20:00:00,124.674,124.856,124.638,124.7,10837.0,7,0.0
2019-04-03 00:00:00,124.625,125.058,124.602,125.032,11199.0,7,0.0
2019-04-03 04:00:00,125.033,125.196,124.929,124.977,11293.0,6,0.0
2019-04-03 08:00:00,124.976,125.395,124.967,125.372,20871.0,7,0.0
2019-04-03 12:00:00,125.371,125.448,125.212,125.218,15253.0,7,0.0
2019-04-03 16:00:00,125.217,125.375,125.092,125.338,19530.0,7,0.0
2019-04-03 20:00:00,125.339,125.387,125.137,125.181,8394.0,8,0.0
2019-04-04 00:00:00,125.156,125.392,125.137,125.35,9963.0,9,0.0
2019-04-04 04:00:00,125.352,125.389,125.179,125.228,8412.0,8,0.0
2019-04-04 08:00:00,125.227,125.349,125.1,125.134,13847.0,7,0.0
2019-04-04 12:00:00,125.133,125.177,124.965,125.049,16323.0,8,0.0
2019-04-04 16:00:00,125.047,125.202,124.985,125.144,19071.0,6,0.0
2019-04-04 20:00:00,125.143,125.299,125.086,125.264,6831.0,7,0.0
2019-04-05 00:00:00,125.153,125.489,125.084,125.391,12147.0,8,0.0
2019-04-05 04:00:00,125.392,125.426,125.335,125.399,6883.0,10,0.0
2019-04-05 08:00:00,125.397,125.505,125.298,125.421,12194.0,9,0.0
2019-04-05 12:00:00,125.422,125.512,125.323,125.437,17116.0,0,0.0
2019-04-05 16:00:00,125.438,125.471,125.284,125.302,17661.0,9,0.0
2019-04-05 20:00:00,125.303,125.307,125.237,125.249,7005.0,8,0.0
2019-04-08 00:00:00,125.247,125.35,124.996,125.08,10804.0,7,0.0
2019-04-08 04:00:00,125.078,125.124,124.981,125.102,11115.0,8,0.0
2019-04-08 08:00:00,125.1,125.284,125.025,125.206,12506.0,9,0.0
2019-04-08 12:00:00,125.205,125.455,125.166,125.401,14107.0,0,0.0
2019-04-08 16:00:00,125.402,125.586,125.392,125.576,18639.0,6,0.0
2019-04-08 20:00:00,125.578,125.615,125.464,125.464,6665.0,7,0.0
2019-04-09 00:00:00,125.463,125.617,125.417,125.426,11081.0,8,0.0
2019-04-09 04:00:00,125.427,125.507,125.343,125.45,10797.0,6,0.0
2019-04-09 08:00:00,125.451,125.609,125.306,125.58,15558.0,0,0.0
2019-04-09 12:00:00,125.579,125.594,125.281,125.286,20286.0,1,0.0
2019-04-09 16:00:00,125.289,125.352,125.16,125.239,19963.0,8,0.0
2019-04-09 20:00:00,125.24,125.265,125.104,125.156,7034.0,7,0.0
2019-04-10 00:00:00,125.104,125.227,125.103,125.147,9659.0,7,0.0
2019-04-10 04:00:00,125.146,125.212,125.033,125.134,11011.0,4,0.0
2019-04-10 08:00:00,125.136,125.308,125.115,125.25,13608.0,9,0.0
2019-04-10 12:00:00,125.249,125.447,125.114,125.141,20460.0,0,0.0
2019-04-10 16:00:00,125.142,125.17,124.774,125.009,26293.0,6,0.0
2019-04-10 20:00:00,125.01,125.156,124.955,125.132,12104.0,1,0.0
2019-04-11 00:00:00,125.12,125.305,125.014,125.238,13792.0,5,0.0
2019-04-11 04:00:00,125.239,125.303,125.177,125.266,12631.0,7,0.0
2019-04-11 08:00:00,125.265,125.448,125.256,125.322,22670.0,7,0.0
2019-04-11 12:00:00,125.324,125.411,125.248,125.345,23023.0,15,0.0
2019-04-11 16:00:00,125.344,125.702,125.324,125.604,25059.0,15,0.0
2019-04-11 20:00:00,125.605,125.716,125.545,125.618,11016.0,16,0.0
2019-04-12 00:00:00,125.607,126.233,125.605,126.12,15938.0,9,0.0
2019-04-12 04:00:00,126.121,126.236,126.027,126.177,15138.0,13,0.0
2019-04-12 08:00:00,126.174,126.621,126.127,126.555,20906.0,15,0.0
2019-04-12 12:00:00,126.554,126.772,126.48,126.739,27525.0,13,0.0
2019-04-12 16:00:00,126.74,126.768,126.538,126.581,24438.0,12,0.0
2019-04-12 20:00:00,126.58,126.624,126.478,126.516,9576.0,13,0.0
2019-04-15 00:00:00,126.516,126.723,126.491,126.567,16895.0,15,0.0
2019-04-15 04:00:00,126.566,126.727,126.535,126.597,14602.0,15,0.0
2019-04-15 08:00:00,126.6,126.753,126.5,126.723,17798.0,16,0.0
2019-04-15 12:00:00,126.722,126.797,126.57,126.739,18541.0,10,0.0
2019-04-15 16:00:00,126.738,126.761,126.56,126.604,19842.0,16,0.0
2019-04-15 20:00:00,126.603,126.674,126.551,126.633,7524.0,17,0.0
2019-04-16 00:00:00,126.618,126.689,126.538,126.603,14192.0,12,0.0
2019-04-16 04:00:00,126.605,126.621,126.378,126.567,13237.0,17,0.0
2019-04-16 08:00:00,126.568,126.654,126.429,126.554,21204.0,12,0.0
2019-04-16 12:00:00,126.55,126.648,126.207,126.516,27960.0,20,0.0
2019-04-16 16:00:00,126.515,126.596,126.356,126.392,25531.0,20,0.0
2019-04-16 20:00:00,126.392,126.444,126.341,126.341,10804.0,21,0.0
2019-04-17 00:00:00,126.34,126.535,126.246,126.518,12627.0,20,0.0
2019-04-17 04:00:00,126.518,126.622,126.337,126.526,15404.0,21,0.0
2019-04-17 08:00:00,126.527,126.815,126.521,126.719,19725.0,20,0.0
2019-04-17 12:00:00,126.717,126.776,126.506,126.555,20041.0,20,0.0
2019-04-17 16:00:00,126.554,126.61,126.398,126.49,25819.0,20,0.0
2019-04-17 20:00:00,126.49,126.651,126.481,126.537,11155.0,21,0.0
2019-04-18 00:00:00,126.54,126.61,126.449,126.489,11699.0,20,0.0
2019-04-18 04:00:00,126.489,126.53,126.322,126.365,14770.0,20,0.0
2019-04-18 08:00:00,126.366,126.495,125.693,125.973,30113.0,20,0.0
2019-04-18 12:00:00,125.974,125.982,125.764,125.841,27404.0,20,0.0
2019-04-18 16:00:00,125.839,125.899,125.722,125.743,27984.0,20,0.0
2019-04-18 20:00:00,125.744,125.771,125.655,125.698,13543.0,21,0.0
2019-04-19 00:00:00,125.668,125.854,125.652,125.812,17059.0,22,0.0
2019-04-19 04:00:00,125.814,125.839,125.72,125.762,5819.0,21,0.0
2019-04-19 08:00:00,125.761,125.866,125.761,125.857,12527.0,20,0.0
2019-04-19 12:00:00,125.858,125.868,125.819,125.85,16747.0,23,0.0
2019-04-19 16:00:00,125.849,125.887,125.827,125.845,22609.0,22,0.0
2019-04-19 20:00:00,125.844,125.862,125.732,125.75,12058.0,29,0.0
2019-04-22 00:00:00,125.766,125.93,125.738,125.891,10237.0,20,0.0
2019-04-22 04:00:00,125.893,125.918,125.753,125.789,10822.0,21,0.0
2019-04-22 08:00:00,125.79,125.872,125.767,125.87,10602.0,20,0.0
2019-04-22 12:00:00,125.869,125.965,125.862,125.896,8988.0,20,0.0
2019-04-22 16:00:00,125.896,126.07,125.889,126.02,16574.0,21,0.0
2019-04-22 20:00:00,126.021,126.058,126.003,126.007,9918.0,21,0.0
2019-04-23 00:00:00,126.007,126.06,125.603,125.609,11579.0,20,0.0
2019-04-23 04:00:00,125.609,125.878,125.582,125.851,12859.0,20,0.0
2019-04-23 08:00:00,125.852,125.941,125.74,125.852,19434.0,20,0.0
2019-04-23 12:00:00,125.853,125.957,125.574,125.617,18647.0,20,0.0
2019-04-23 16:00:00,125.616,125.626,125.283,125.36,25453.0,20,0.0
2019-04-23 20:00:00,125.36,125.605,125.321,125.577,10793.0,20,0.0
2019-04-24 00:00:00,125.577,125.606,125.446,125.531,15149.0,21,0.0
2019-04-24 04:00:00,125.532,125.6,125.294,125.432,17889.0,20,0.0
2019-04-24 08:00:00,125.431,125.475,125.172,125.454,22473.0,20,0.0
2019-04-24 12:00:00,125.455,125.577,125.275,125.301,21044.0,20,0.0
2019-04-24 16:00:00,125.3,125.306,124.856,124.884,28916.0,20,0.0
2019-04-24 20:00:00,124.885,125.255,124.804,125.12,20909.0,20,0.0
2019-04-25 00:00:00,125.116,125.232,125.076,125.13,22226.0,20,0.0
2019-04-25 04:00:00,125.131,125.141,124.897,125.015,20823.0,20,0.0
2019-04-25 08:00:00,125.014,125.026,124.649,124.788,27741.0,18,0.0
2019-04-25 12:00:00,124.789,124.801,124.469,124.542,25686.0,18,0.0
2019-04-25 16:00:00,124.542,124.619,124.207,124.35,27306.0,18,0.0
2019-04-25 20:00:00,124.351,124.409,124.272,124.306,13569.0,19,0.0
2019-04-26 00:00:00,124.299,124.387,124.089,124.341,16658.0,19,0.0
2019-04-26 04:00:00,124.342,124.539,124.305,124.419,18021.0,18,0.0
2019-04-26 08:00:00,124.419,124.564,124.387,124.499,21656.0,18,0.0
2019-04-26 12:00:00,124.498,124.64,124.486,124.569,22640.0,18,0.0
2019-04-26 16:00:00,124.57,124.715,124.459,124.633,30490.0,18,0.0
2019-04-26 20:00:00,124.634,124.651,124.263,124.276,13724.0,19,0.0
2019-04-29 00:00:00,124.399,124.519,124.399,124.497,5882.0,18,0.0
2019-04-29 04:00:00,124.496,124.61,124.469,124.598,8151.0,19,0.0
2019-04-29 08:00:00,124.599,124.855,124.569,124.82,13805.0,18,0.0
2019-04-29 12:00:00,124.822,124.825,124.628,124.818,16003.0,18,0.0
2019-04-29 16:00:00,124.817,125.077,124.778,125.07,19010.0,18,0.0
2019-04-29 20:00:00,125.068,125.099,124.92,124.944,8721.0,18,0.0
2019-04-30 00:00:00,124.942,124.985,124.87,124.974,7358.0,19,0.0
2019-04-30 04:00:00,124.973,124.973,124.787,124.821,9921.0,18,0.0
2019-04-30 08:00:00,124.821,124.88,124.474,124.854,20139.0,18,0.0
2019-04-30 12:00:00,124.852,125.064,124.776,125.008,19996.0,18,0.0
2019-04-30 16:00:00,125.009,125.089,124.743,124.921,24392.0,18,0.0
2019-04-30 20:00:00,124.919,125.072,124.881,125.006,13956.0,18,0.0
2019-05-01 00:00:00,125.006,125.041,124.973,125.025,8685.0,18,0.0
2019-05-01 04:00:00,125.026,125.154,125.007,125.121,5145.0,19,0.0
2019-05-01 08:00:00,125.12,125.23,125.103,125.157,7133.0,18,0.0
2019-05-01 12:00:00,125.156,125.197,125.059,125.11,13825.0,18,0.0
2019-05-01 16:00:00,125.112,125.126,124.966,125.015,18537.0,18,0.0
2019-05-01 20:00:00,125.016,125.211,124.73,124.736,26077.0,18,0.0
2019-05-02 00:00:00,124.672,125.004,124.672,125.003,12054.0,18,0.0
2019-05-02 04:00:00,125.003,125.11,124.96,125.045,12101.0,19,0.0
2019-05-02 08:00:00,125.045,125.123,124.81,125.021,19558.0,19,0.0
2019-05-02 12:00:00,125.02,125.099,124.854,124.876,22973.0,18,0.0
2019-05-02 16:00:00,124.876,124.942,124.553,124.649,28600.0,18,0.0
2019-05-02 20:00:00,124.653,124.67,124.565,124.567,12393.0,19,0.0
2019-05-03 00:00:00,124.566,124.654,124.513,124.535,13732.0,19,0.0
2019-05-03 04:00:00,124.535,124.616,124.476,124.523,8791.0,19,0.0
2019-05-03 08:00:00,124.522,124.581,124.437,124.492,18656.0,18,0.0
2019-05-03 12:00:00,124.496,124.526,124.279,124.369,22239.0,18,0.0
2019-05-03 16:00:00,124.368,124.597,124.287,124.532,31461.0,18,0.0
2019-05-03 20:00:00,124.534,124.564,124.354,124.426,14303.0,19,0.0
2019-05-06 00:00:00,123.565,124.099,123.37,123.415,23800.0,3,0.0
2019-05-06 04:00:00,123.413,124.051,123.365,124.035,17549.0,18,0.0
2019-05-06 08:00:00,124.035,124.06,123.784,123.817,20367.0,18,0.0
2019-05-06 12:00:00,123.816,124.209,123.816,124.034,20533.0,18,0.0
2019-05-06 16:00:00,124.032,124.222,123.963,124.138,23013.0,18,0.0
2019-05-06 20:00:00,124.139,124.296,123.99,123.991,13194.0,18,0.0
2019-05-07 00:00:00,123.992,124.161,123.785,123.986,17730.0,19,0.0
2019-05-07 04:00:00,123.986,124.101,123.905,124.079,15999.0,18,0.0
2019-05-07 08:00:00,124.079,124.251,123.772,123.775,24253.0,18,0.0
2019-05-07 12:00:00,123.776,123.931,123.616,123.744,20269.0,18,0.0
2019-05-07 16:00:00,123.745,123.75,123.202,123.29,28423.0,18,0.0
2019-05-07 20:00:00,123.291,123.466,123.106,123.36,19273.0,18,0.0
2019-05-08 00:00:00,123.357,123.455,123.203,123.296,14253.0,19,0.0
2019-05-08 04:00:00,123.297,123.371,123.123,123.22,17196.0,18,0.0
2019-05-08 08:00:00,123.22,123.498,123.188,123.332,22111.0,18,0.0
2019-05-08 12:00:00,123.332,123.473,123.108,123.318,26698.0,18,0.0
2019-05-08 16:00:00,123.319,123.516,123.168,123.23,29757.0,18,0.0
2019-05-08 20:00:00,123.229,123.28,123.157,123.196,12839.0,18,0.0
2019-05-09 00:00:00,123.201,123.263,122.923,123.063,16548.0,19,0.0
2019-05-09 04:00:00,123.062,123.194,122.906,123.051,15420.0,19,0.0
2019-05-09 08:00:00,123.05,123.114,122.485,122.745,25408.0,17,0.0
2019-05-09 12:00:00,122.745,122.99,122.731,122.888,22058.0,18,0.0
2019-05-09 16:00:00,122.888,123.262,122.846,123.118,31263.0,18,0.0
2019-05-09 20:00:00,123.117,123.214,122.944,123.001,17586.0,18,0.0
2019-05-10 00:00:00,122.989,123.397,122.989,123.39,17769.0,18,0.0
2019-05-10 04:00:00,123.389,123.613,123.12,123.125,26630.0,18,0.0
2019-05-10 08:00:00,123.125,123.379,123.042,123.376,24198.0,18,0.0
2019-05-10 12:00:00,123.375,123.472,123.164,123.299,24268.0,18,0.0
2019-05-10 16:00:00,123.3,123.374,123.094,123.23,29632.0,18,0.0
2019-05-10 20:00:00,123.229,123.589,123.22,123.497,17826.0,18,0.0
2019-05-13 00:00:00,123.308,123.452,123.141,123.221,14345.0,19,0.0
2019-05-13 04:00:00,123.22,123.341,123.209,123.271,12680.0,18,0.0
2019-05-13 08:00:00,123.27,123.334,123.045,123.139,21237.0,18,0.0
2019-05-13 12:00:00,123.14,123.285,122.791,122.854,23610.0,18,0.0
2019-05-13 16:00:00,122.854,122.915,122.546,122.615,30320.0,18,0.0
2019-05-13 20:00:00,122.612,122.864,122.574,122.632,19249.0,18,0.0
2019-05-14 00:00:00,122.62,122.952,122.574,122.941,14965.0,18,0.0
2019-05-14 04:00:00,122.941,123.298,122.9,123.253,16984.0,18,0.0
2019-05-14 08:00:00,123.254,123.4,123.078,123.274,17979.0,18,0.0
2019-05-14 12:00:00,123.274,123.356,122.643,122.852,21102.0,18,0.0
2019-05-14 16:00:00,122.849,122.984,122.746,122.922,23526.0,18,0.0
2019-05-14 20:00:00,122.921,123.021,122.784,122.784,11720.0,18,0.0
2019-05-15 00:00:00,122.783,122.908,122.684,122.779,15350.0,19,0.0
2019-05-15 04:00:00,122.778,122.938,122.71,122.91,14324.0,18,0.0
2019-05-15 08:00:00,122.911,122.989,122.667,122.684,18917.0,18,0.0
2019-05-15 12:00:00,122.684,122.739,122.078,122.208,25423.0,18,0.0
2019-05-15 16:00:00,122.209,123.092,122.106,122.637,29697.0,18,0.0
2019-05-15 20:00:00,122.637,122.783,122.623,122.749,12108.0,19,0.0
2019-05-16 00:00:00,122.75,122.8,122.594,122.663,12599.0,18,0.0
2019-05-16 04:00:00,122.664,122.77,122.54,122.705,17687.0,18,0.0
2019-05-16 08:00:00,122.704,122.948,122.554,122.923,19108.0,18,0.0
2019-05-16 12:00:00,122.924,122.964,122.734,122.779,22159.0,18,0.0
2019-05-16 16:00:00,122.779,122.921,122.693,122.783,24392.0,18,0.0
2019-05-16 20:00:00,122.785,122.809,122.636,122.734,12757.0,19,0.0
2019-05-17 00:00:00,122.726,122.902,122.703,122.88,14729.0,18,0.0
2019-05-17 04:00:00,122.879,122.972,122.583,122.653,19275.0,18,0.0
2019-05-17 08:00:00,122.653,122.707,122.43,122.482,22923.0,18,0.0
2019-05-17 12:00:00,122.481,122.575,122.274,122.51,26606.0,18,0.0
2019-05-17 16:00:00,122.51,122.765,122.436,122.749,28529.0,18,0.0
2019-05-17 20:00:00,122.75,122.994,122.714,122.732,18619.0,18,0.0
2019-05-20 00:00:00,122.913,123.07,122.817,123.054,15388.0,19,0.0
2019-05-20 04:00:00,123.054,123.192,122.889,122.932,20110.0,18,0.0
2019-05-20 08:00:00,122.933,123.005,122.698,122.721,21535.0,18,0.0
2019-05-20 12:00:00,122.72,122.879,122.536,122.712,23550.0,18,0.0
2019-05-20 16:00:00,122.711,122.891,122.612,122.813,27112.0,18,0.0
2019-05-20 20:00:00,122.812,122.894,122.777,122.894,11528.0,20,0.0
2019-05-21 00:00:00,122.883,123.019,122.846,122.977,15236.0,19,0.0
2019-05-21 04:00:00,122.975,123.109,122.942,122.957,16930.0,18,0.0
2019-05-21 08:00:00,122.956,122.956,122.674,122.747,21081.0,18,0.0
2019-05-21 12:00:00,122.746,123.377,122.706,123.342,23253.0,18,0.0
2019-05-21 16:00:00,123.341,123.741,123.22,123.493,27282.0,18,0.0
2019-05-21 20:00:00,123.494,123.524,123.296,123.296,10165.0,19,0.0
2019-05-22 00:00:00,123.301,123.478,123.278,123.323,13980.0,18,0.0
2019-05-22 04:00:00,123.324,123.509,123.175,123.216,15128.0,18,0.0
2019-05-22 08:00:00,123.215,123.294,123.058,123.222,20378.0,18,0.0
2019-05-22 12:00:00,123.223,123.446,123.198,123.255,19538.0,18,0.0
2019-05-22 16:00:00,123.256,123.309,122.992,123.006,20886.0,18,0.0
2019-05-22 20:00:00,123.007,123.11,122.981,123.032,10614.0,18,0.0
2019-05-23 00:00:00,123.032,123.08,122.877,122.914,13917.0,18,0.0
2019-05-23 04:00:00,122.915,123.048,122.79,123.008,13582.0,18,0.0
2019-05-23 08:00:00,123.01,123.037,122.62,122.69,22562.0,18,0.0
2019-05-23 12:00:00,122.69,122.694,122.445,122.48,21570.0,18,0.0
2019-05-23 16:00:00,122.482,122.538,122.146,122.46,31812.0,18,0.0
2019-05-23 20:00:00,122.459,122.571,122.41,122.54,16154.0,18,0.0
2019-05-24 00:00:00,122.54,122.662,122.418,122.637,15211.0,18,0.0
2019-05-24 04:00:00,122.636,122.709,122.447,122.519,14598.0,18,0.0
2019-05-24 08:00:00,122.52,122.73,122.434,122.513,19994.0,18,0.0
2019-05-24 12:00:00,122.512,122.822,122.493,122.612,20529.0,18,0.0
2019-05-24 16:00:00,122.61,122.748,122.459,122.554,22830.0,18,0.0
2019-05-24 20:00:00,122.556,122.602,122.388,122.388,10300.0,19,0.0
2019-05-27 00:00:00,122.525,122.716,122.5,122.695,11232.0,18,0.0
2019-05-27 04:00:00,122.694,122.775,122.636,122.692,13887.0,18,0.0
2019-05-27 08:00:00,122.692,122.805,122.544,122.547,19433.0,18,0.0
2019-05-27 12:00:00,122.548,122.623,122.505,122.599,13944.0,18,0.0
2019-05-27 16:00:00,122.599,122.633,122.47,122.575,14963.0,18,0.0
2019-05-27 20:00:00,122.576,122.604,122.542,122.557,9645.0,20,0.0
2019-05-28 00:00:00,122.545,122.702,122.506,122.648,18165.0,18,0.0
2019-05-28 04:00:00,122.648,122.665,122.344,122.497,14352.0,18,0.0
2019-05-28 08:00:00,122.497,122.551,122.204,122.247,22714.0,18,0.0
2019-05-28 12:00:00,122.249,122.536,122.221,122.456,22466.0,18,0.0
2019-05-28 16:00:00,122.456,122.625,122.271,122.302,27568.0,18,0.0
2019-05-28 20:00:00,122.302,122.343,122.001,122.052,15024.0,19,0.0
2019-05-29 00:00:00,122.055,122.162,121.919,122.05,16394.0,18,0.0
2019-05-29 04:00:00,122.05,122.21,121.951,121.96,16976.0,18,0.0
2019-05-29 08:00:00,121.958,122.077,121.752,121.869,24328.0,18,0.0
2019-05-29 12:00:00,121.87,122.063,121.749,121.92,21456.0,18,0.0
2019-05-29 16:00:00,121.921,121.969,121.576,121.768,30685.0,18,0.0
2019-05-29 20:00:00,121.769,122.096,121.751,121.982,17519.0,18,0.0
2019-05-30 00:00:00,121.98,122.152,121.951,121.975,15802.0,18,0.0
2019-05-30 04:00:00,121.976,122.229,121.959,122.187,16534.0,18,0.0
2019-05-30 08:00:00,122.186,122.254,122.079,122.149,19023.0,18,0.0
2019-05-30 12:00:00,122.148,122.243,122.058,122.079,17760.0,18,0.0
2019-05-30 16:00:00,122.08,122.259,121.987,122.152,24262.0,18,0.0
2019-05-30 20:00:00,122.154,122.17,121.902,121.994,14224.0,18,0.0
2019-05-31 00:00:00,121.994,122.013,121.604,121.663,19359.0,18,0.0
2019-05-31 04:00:00,121.665,121.841,121.277,121.311,22824.0,18,0.0
2019-05-31 08:00:00,121.312,121.415,121.165,121.272,25883.0,18,0.0
2019-05-31 12:00:00,121.272,121.486,121.193,121.375,26493.0,18,0.0
2019-05-31 16:00:00,121.376,121.49,120.918,121.124,32300.0,18,0.0
2019-05-31 20:00:00,121.125,121.186,120.872,120.872,20357.0,18,0.0
2019-06-03 00:00:00,120.905,121.105,120.846,121.06,16240.0,18,0.0
2019-06-03 04:00:00,121.061,121.064,120.782,120.788,19449.0,18,0.0
2019-06-03 08:00:00,120.788,121.041,120.785,121.041,19413.0,18,0.0
2019-06-03 12:00:00,121.04,121.305,120.979,121.289,16656.0,18,0.0
2019-06-03 16:00:00,121.292,121.519,121.216,121.431,21881.0,18,0.0
2019-06-03 20:00:00,121.433,121.65,121.408,121.473,19883.0,18,0.0
2019-06-04 00:00:00,121.477,121.575,121.375,121.408,16891.0,18,0.0
2019-06-04 04:00:00,121.407,121.572,121.303,121.43,17443.0,18,0.0
2019-06-04 08:00:00,121.431,121.731,121.357,121.627,19756.0,18,0.0
2019-06-04 12:00:00,121.629,121.691,121.438,121.565,20925.0,18,0.0
2019-06-04 16:00:00,121.566,121.786,121.479,121.698,24196.0,18,0.0
2019-06-04 20:00:00,121.699,121.757,121.629,121.676,15006.0,18,0.0
2019-06-05 00:00:00,121.675,121.844,121.657,121.744,14510.0,18,0.0
2019-06-05 04:00:00,121.745,121.807,121.645,121.712,13391.0,18,0.0
2019-06-05 08:00:00,121.713,122.184,121.661,122.09,16784.0,3,0.0
2019-06-05 12:00:00,122.09,122.268,121.81,121.915,25691.0,3,0.0
2019-06-05 16:00:00,121.913,121.969,121.552,121.701,27298.0,18,0.0
2019-06-05 20:00:00,121.702,121.773,121.592,121.7,13894.0,18,0.0
2019-06-06 00:00:00,121.7,121.731,121.478,121.636,16672.0,18,0.0
2019-06-06 04:00:00,121.635,121.64,121.507,121.537,10909.0,18,0.0
2019-06-06 08:00:00,121.536,121.69,121.293,121.574,15877.0,18,0.0
2019-06-06 12:00:00,121.573,122.201,121.223,122.005,20848.0,18,0.0
2019-06-06 16:00:00,122.007,122.25,121.783,122.189,26096.0,18,0.0
2019-06-06 20:00:00,122.189,122.396,122.152,122.22,16277.0,18,0.0
2019-06-07 00:00:00,122.215,122.379,122.16,122.277,17226.0,18,0.0
2019-06-07 04:00:00,122.276,122.317,122.188,122.214,13530.0,18,0.0
2019-06-07 08:00:00,122.214,122.244,122.101,122.231,14703.0,18,0.0
2019-06-07 12:00:00,122.23,122.406,122.128,122.211,16072.0,18,0.0
2019-06-07 16:00:00,122.214,122.626,122.185,122.608,22448.0,18,0.0
2019-06-07 20:00:00,122.609,122.716,122.505,122.588,14663.0,19,0.0
2019-06-10 00:00:00,122.803,122.926,122.685,122.732,13385.0,18,0.0
2019-06-10 04:00:00,122.731,122.893,122.706,122.875,14841.0,18,0.0
2019-06-10 08:00:00,122.876,122.927,122.695,122.709,14333.0,18,0.0
2019-06-10 12:00:00,122.709,122.871,122.653,122.663,15258.0,18,0.0
2019-06-10 16:00:00,122.664,122.852,122.629,122.84,16316.0,18,0.0
2019-06-10 20:00:00,122.84,122.854,122.657,122.658,12268.0,18,0.0
2019-06-11 00:00:00,122.651,122.776,122.626,122.753,13233.0,18,0.0
2019-06-11 04:00:00,122.754,122.931,122.736,122.904,11662.0,18,0.0
2019-06-11 08:00:00,122.905,123.035,122.847,122.94,14056.0,18,0.0
2019-06-11 12:00:00,122.937,123.158,122.909,123.021,16888.0,18,0.0
2019-06-11 16:00:00,123.023,123.078,122.741,122.879,20188.0,18,0.0
2019-06-11 20:00:00,122.879,122.983,122.855,122.865,11470.0,18,0.0
2019-06-12 00:00:00,122.866,123.003,122.847,122.953,13891.0,18,0.0
2019-06-12 04:00:00,122.953,122.973,122.843,122.968,11980.0,18,0.0
2019-06-12 08:00:00,122.967,122.971,122.671,122.683,17046.0,18,0.0
2019-06-12 12:00:00,122.684,122.839,122.601,122.689,18129.0,18,0.0
2019-06-12 16:00:00,122.69,122.824,122.521,122.569,18912.0,18,0.0
2019-06-12 20:00:00,122.57,122.57,122.421,122.468,11567.0,18,0.0
2019-06-13 00:00:00,122.467,122.561,122.427,122.492,13196.0,18,0.0
2019-06-13 04:00:00,122.493,122.523,122.174,122.44,15622.0,18,0.0
2019-06-13 08:00:00,122.44,122.465,122.281,122.392,16095.0,18,0.0
2019-06-13 12:00:00,122.391,122.494,122.323,122.339,13210.0,18,0.0
2019-06-13 16:00:00,122.34,122.42,122.23,122.285,16900.0,18,0.0
2019-06-13 20:00:00,122.286,122.299,122.133,122.199,11562.0,19,0.0
2019-06-14 00:00:00,122.173,122.266,122.135,122.184,14298.0,18,0.0
2019-06-14 04:00:00,122.184,122.223,122.085,122.129,12665.0,18,0.0
2019-06-14 08:00:00,122.131,122.175,121.964,122.092,14539.0,18,0.0
2019-06-14 12:00:00,122.091,122.091,121.782,121.834,17452.0,18,0.0
2019-06-14 16:00:00,121.83,121.91,121.59,121.664,21215.0,18,0.0
2019-06-14 20:00:00,121.663,121.711,121.591,121.593,12111.0,18,0.0
2019-06-17 00:00:00,121.592,121.902,121.584,121.878,11016.0,18,0.0
2019-06-17 04:00:00,121.878,121.96,121.781,121.82,11525.0,18,0.0
2019-06-17 08:00:00,121.82,121.86,121.645,121.756,13459.0,18,0.0
2019-06-17 12:00:00,121.755,122.097,121.748,121.982,13344.0,18,0.0
2019-06-17 16:00:00,121.981,122.125,121.886,121.886,14063.0,18,0.0
2019-06-17 20:00:00,121.886,121.904,121.724,121.737,10298.0,18,0.0
2019-06-18 12:00:00,121.164,121.396,121.065,121.218,16414.0,18,0.0
2019-06-18 16:00:00,121.218,121.68,121.066,121.482,24571.0,18,0.0
2019-06-18 20:00:00,121.481,121.52,121.364,121.383,11714.0,19,0.0
2019-06-19 00:00:00,121.379,121.641,121.355,121.574,9958.0,18,0.0
2019-06-19 04:00:00,121.584,121.634,121.22,121.231,14092.0,18,0.0
2019-06-19 08:00:00,121.232,121.476,121.17,121.448,15870.0,18,0.0
2019-06-19 12:00:00,121.449,121.565,121.388,121.54,13739.0,18,0.0
2019-06-19 16:00:00,121.543,121.603,121.42,121.521,17540.0,18,0.0
2019-06-19 20:00:00,121.521,121.65,121.327,121.354,22696.0,18,0.0
2019-06-20 00:00:00,121.352,121.503,121.134,121.174,15049.0,18,0.0
2019-06-20 04:00:00,121.176,121.357,121.11,121.231,19464.0,18,0.0
2019-06-20 08:00:00,121.232,121.733,121.195,121.689,25010.0,18,0.0
2019-06-20 12:00:00,121.689,121.916,121.633,121.702,21464.0,18,0.0
2019-06-20 16:00:00,121.702,121.762,121.088,121.222,23206.0,18,0.0
2019-06-20 20:00:00,121.223,121.274,121.11,121.148,14970.0,18,0.0
2019-06-21 00:00:00,121.152,121.28,121.073,121.246,13146.0,18,0.0
2019-06-21 04:00:00,121.245,121.285,120.961,120.967,16869.0,18,0.0
2019-06-21 08:00:00,120.967,121.619,120.952,121.427,23246.0,18,0.0
2019-06-21 12:00:00,121.425,121.72,121.41,121.704,19695.0,18,0.0
2019-06-21 16:00:00,121.704,122.017,121.654,121.896,23114.0,18,0.0
2019-06-21 20:00:00,121.898,122.125,121.898,121.922,15871.0,18,0.0
2019-06-24 00:00:00,121.976,122.259,121.959,122.195,13216.0,19,0.0
2019-06-24 04:00:00,122.196,122.28,122.13,122.207,16600.0,18,0.0
2019-06-24 08:00:00,122.207,122.398,122.154,122.253,21338.0,18,0.0
2019-06-24 12:00:00,122.253,122.349,122.207,122.342,16169.0,18,0.0
2019-06-24 16:00:00,122.341,122.399,122.235,122.251,19570.0,18,0.0
2019-06-24 20:00:00,122.251,122.375,122.222,122.296,11627.0,18,0.0
2019-06-25 00:00:00,122.298,122.471,122.255,122.349,13643.0,19,0.0
2019-06-25 04:00:00,122.35,122.38,121.851,121.88,21471.0,18,0.0
2019-06-25 08:00:00,121.88,122.049,121.812,121.898,22770.0,18,0.0
2019-06-25 12:00:00,121.897,122.004,121.723,121.997,17541.0,18,0.0
2019-06-25 16:00:00,121.998,122.009,121.653,121.848,21852.0,18,0.0
2019-06-25 20:00:00,121.849,122.031,121.75,121.793,20172.0,18,0.0
2019-06-26 00:00:00,121.795,122.016,121.761,121.975,15056.0,18,0.0
2019-06-26 04:00:00,121.977,122.091,121.899,122.052,15681.0,18,0.0
2019-06-26 08:00:00,122.053,122.19,121.954,122.04,19090.0,18,0.0
2019-06-26 12:00:00,122.039,122.464,122.033,122.288,22278.0,18,0.0
2019-06-26 16:00:00,122.289,122.616,122.191,122.553,21900.0,18,0.0
2019-06-26 20:00:00,122.554,122.63,122.497,122.535,13865.0,18,0.0
2019-06-27 00:00:00,122.533,122.577,122.424,122.459,10497.0,19,0.0
2019-06-27 04:00:00,122.458,122.802,122.432,122.681,16286.0,18,0.0
2019-06-27 08:00:00,122.681,122.897,122.658,122.749,18969.0,18,0.0
2019-06-27 12:00:00,122.749,122.81,122.576,122.623,19494.0,18,0.0
2019-06-27 16:00:00,122.623,122.632,122.405,122.462,20101.0,18,0.0
2019-06-27 20:00:00,122.463,122.62,122.436,122.534,12070.0,19,0.0
2019-06-28 00:00:00,122.518,122.581,122.419,122.431,13345.0,19,0.0
2019-06-28 04:00:00,122.432,122.504,122.292,122.313,14671.0,18,0.0
2019-06-28 08:00:00,122.313,122.671,122.282,122.616,18473.0,18,0.0
2019-06-28 12:00:00,122.619,122.701,122.483,122.692,16201.0,18,0.0
2019-06-28 16:00:00,122.691,122.784,122.465,122.54,20530.0,18,0.0
2019-06-28 20:00:00,122.539,122.716,122.522,122.644,14409.0,18,0.0
2019-07-01 00:00:00,122.871,123.353,122.824,122.897,17839.0,18,0.0
2019-07-01 04:00:00,122.896,122.965,122.677,122.839,15688.0,18,0.0
2019-07-01 08:00:00,122.839,122.924,122.611,122.65,21609.0,18,0.0
2019-07-01 12:00:00,122.65,122.997,122.566,122.936,18718.0,18,0.0
2019-07-01 16:00:00,122.935,122.957,122.487,122.517,21007.0,18,0.0
2019-07-01 20:00:00,122.516,122.521,122.359,122.372,13936.0,18,0.0
2019-07-02 00:00:00,122.371,122.417,122.158,122.356,15313.0,18,0.0
2019-07-02 04:00:00,122.355,122.405,122.211,122.369,14210.0,18,0.0
2019-07-02 08:00:00,122.369,122.455,122.157,122.212,16994.0,18,0.0
2019-07-02 12:00:00,122.216,122.534,122.179,122.219,16453.0,18,0.0
2019-07-02 16:00:00,122.22,122.288,121.878,121.97,20408.0,18,0.0
2019-07-02 20:00:00,121.97,121.97,121.707,121.707,14104.0,19,0.0
2019-07-03 00:00:00,121.699,121.822,121.545,121.548,12968.0,18,0.0
2019-07-03 04:00:00,121.55,121.566,121.419,121.494,14502.0,19,0.0
2019-07-03 08:00:00,121.496,121.583,121.315,121.56,16926.0,18,0.0
2019-07-03 12:00:00,121.563,121.667,121.497,121.58,16321.0,18,0.0
2019-07-03 16:00:00,121.582,121.799,121.554,121.645,19677.0,18,0.0
2019-07-03 20:00:00,121.646,121.685,121.539,121.539,6713.0,18,0.0
2019-07-04 00:00:00,121.558,121.682,121.531,121.617,13091.0,18,0.0
2019-07-04 04:00:00,121.617,121.695,121.571,121.654,7929.0,18,0.0
2019-07-04 08:00:00,121.655,121.715,121.601,121.616,10966.0,18,0.0
2019-07-04 12:00:00,121.617,121.673,121.58,121.607,9932.0,18,0.0
2019-07-04 16:00:00,121.607,121.656,121.538,121.599,8789.0,18,0.0
2019-07-04 20:00:00,121.601,121.672,121.587,121.648,5308.0,20,0.0
2019-07-05 00:00:00,121.607,121.705,121.58,121.662,8812.0,18,0.0
2019-07-05 04:00:00,121.661,121.708,121.606,121.686,8007.0,18,0.0
2019-07-05 08:00:00,121.687,121.757,121.607,121.655,14506.0,18,0.0
2019-07-05 12:00:00,121.658,121.932,121.616,121.916,17088.0,18,0.0
2019-07-05 16:00:00,121.916,121.921,121.636,121.77,22621.0,18,0.0
2019-07-05 20:00:00,121.769,121.878,121.669,121.669,13759.0,20,0.0
2019-07-08 00:00:00,121.724,121.897,121.664,121.778,11612.0,18,0.0
2019-07-08 04:00:00,121.779,121.841,121.595,121.667,13468.0,18,0.0
2019-07-08 08:00:00,121.666,121.751,121.515,121.733,15144.0,18,0.0
2019-07-08 12:00:00,121.732,121.892,121.7,121.849,13489.0,18,0.0
2019-07-08 16:00:00,121.848,121.924,121.813,121.882,15060.0,18,0.0
2019-07-08 20:00:00,121.881,121.971,121.854,121.918,9263.0,18,0.0
2019-07-09 00:00:00,121.913,122.13,121.874,122.088,8307.0,18,0.0
2019-07-09 04:00:00,122.09,122.108,121.924,121.969,9733.0,18,0.0
2019-07-09 08:00:00,121.966,122.092,121.888,121.971,14344.0,18,0.0
2019-07-09 12:00:00,121.971,122.011,121.85,121.916,12476.0,18,0.0
2019-07-09 16:00:00,121.917,121.998,121.849,121.956,15138.0,18,0.0
2019-07-09 20:00:00,121.957,122.058,121.922,121.998,9153.0,18,0.0
2019-07-10 00:00:00,122.0,122.108,121.96,122.08,8024.0,19,0.0
2019-07-10 04:00:00,122.08,122.098,121.999,122.008,9004.0,18,0.0
2019-07-10 08:00:00,122.01,122.306,122.003,122.293,14323.0,18,0.0
2019-07-10 12:00:00,122.293,122.32,122.113,122.117,15682.0,18,0.0
2019-07-10 16:00:00,122.117,122.225,121.98,122.058,21198.0,18,0.0
2019-07-10 20:00:00,122.058,122.097,121.993,122.024,13086.0,19,0.0
2019-07-11 00:00:00,122.018,122.076,121.763,121.778,10241.0,18,0.0
2019-07-11 04:00:00,121.778,121.792,121.624,121.733,13481.0,18,0.0
2019-07-11 08:00:00,121.735,121.878,121.652,121.829,15263.0,18,0.0
2019-07-11 12:00:00,121.829,122.048,121.802,121.987,17714.0,18,0.0
2019-07-11 16:00:00,121.986,122.077,121.816,122.076,19863.0,18,0.0
2019-07-11 20:00:00,122.077,122.147,122.02,122.103,15136.0,18,0.0
2019-07-12 00:00:00,122.105,122.198,122.083,122.187,12124.0,19,0.0
2019-07-12 04:00:00,122.186,122.233,122.048,122.101,11234.0,18,0.0
2019-07-12 08:00:00,122.101,122.164,121.993,122.028,14440.0,18,0.0
2019-07-12 12:00:00,122.028,122.13,121.695,121.76,16712.0,18,0.0
2019-07-12 16:00:00,121.759,121.787,121.511,121.618,16844.0,18,0.0
2019-07-12 20:00:00,121.618,121.63,121.516,121.558,11325.0,19,0.0
2019-07-15 00:00:00,121.61,121.623,121.508,121.556,8347.0,18,0.0
2019-07-15 04:00:00,121.557,121.851,121.525,121.781,15032.0,18,0.0
2019-07-15 08:00:00,121.779,121.829,121.564,121.629,15344.0,18,0.0
2019-07-15 12:00:00,121.63,121.732,121.578,121.587,14050.0,18,0.0
2019-07-15 16:00:00,121.586,121.617,121.442,121.447,15462.0,18,0.0
2019-07-15 20:00:00,121.448,121.504,121.418,121.481,10143.0,19,0.0
2019-07-16 00:00:00,121.482,121.564,121.42,121.535,14239.0,19,0.0
2019-07-16 04:00:00,121.535,121.662,121.499,121.582,12574.0,18,0.0
2019-07-16 08:00:00,121.582,121.681,121.413,121.476,14447.0,18,0.0
2019-07-16 12:00:00,121.477,121.477,121.097,121.39,14713.0,18,0.0
2019-07-16 16:00:00,121.39,121.53,121.301,121.389,15163.0,18,0.0
2019-07-16 20:00:00,121.39,121.442,121.305,121.32,11549.0,18,0.0
2019-07-17 00:00:00,121.322,121.415,121.3,121.356,11067.0,19,0.0
2019-07-17 04:00:00,121.355,121.355,121.196,121.348,9930.0,18,0.0
2019-07-17 08:00:00,121.347,121.418,121.207,121.36,12666.0,18,0.0
2019-07-17 12:00:00,121.361,121.485,121.345,121.405,11118.0,18,0.0
2019-07-17 16:00:00,121.405,121.481,121.291,121.329,16212.0,18,0.0
2019-07-17 20:00:00,121.329,121.36,121.154,121.156,9279.0,18,0.0
2019-07-18 00:00:00,121.156,121.227,121.052,121.07,11589.0,19,0.0
2019-07-18 04:00:00,121.065,121.118,120.931,121.023,13102.0,18,0.0
2019-07-18 08:00:00,121.024,121.13,120.985,121.088,14149.0,18,0.0
2019-07-18 12:00:00,121.088,121.092,120.776,121.037,17980.0,18,0.0
2019-07-18 16:00:00,121.039,121.129,120.924,121.025,17280.0,18,0.0
2019-07-18 20:00:00,121.026,121.14,120.915,120.983,17458.0,18,0.0
2019-07-19 00:00:00,120.983,121.069,120.841,121.068,16855.0,19,0.0
2019-07-19 04:00:00,121.068,121.168,121.045,121.151,12084.0,18,0.0
2019-07-19 08:00:00,121.152,121.279,121.116,121.13,12787.0,18,0.0
2019-07-19 12:00:00,121.129,121.129,120.854,120.938,15834.0,18,0.0
2019-07-19 16:00:00,120.937,120.982,120.818,120.964,20939.0,18,0.0
2019-07-19 20:00:00,120.965,120.975,120.793,120.855,15709.0,18,0.0
2019-07-22 00:00:00,120.823,121.046,120.793,121.009,13647.0,18,0.0
2019-07-22 04:00:00,121.009,121.139,120.999,121.106,17359.0,18,0.0
2019-07-22 08:00:00,121.107,121.163,120.952,120.996,13985.0,18,0.0
2019-07-22 12:00:00,120.997,121.09,120.956,121.066,12922.0,18,0.0
2019-07-22 16:00:00,121.068,121.132,120.952,121.024,17046.0,18,0.0
2019-07-22 20:00:00,121.023,121.033,120.889,120.898,10263.0,18,0.0
2019-07-23 00:00:00,120.898,121.09,120.846,121.016,12575.0,18,0.0
2019-07-23 04:00:00,121.018,121.066,120.921,121.04,13247.0,18,0.0
2019-07-23 08:00:00,121.039,121.071,120.927,120.974,12335.0,18,0.0
2019-07-23 12:00:00,120.973,120.994,120.775,120.786,13106.0,18,0.0
2019-07-23 16:00:00,120.787,120.844,120.494,120.615,18621.0,18,0.0
2019-07-23 20:00:00,120.614,120.744,120.557,120.678,11760.0,18,0.0
2019-07-24 00:00:00,120.673,120.708,120.556,120.58,9915.0,18,0.0
2019-07-24 04:00:00,120.58,120.631,120.519,120.539,8973.0,18,0.0
2019-07-24 08:00:00,120.54,120.593,120.206,120.361,15335.0,18,0.0
2019-07-24 12:00:00,120.361,120.517,120.335,120.37,15634.0,18,0.0
2019-07-24 16:00:00,120.369,120.54,120.365,120.509,19064.0,18,0.0
2019-07-24 20:00:00,120.509,120.536,120.452,120.508,11027.0,18,0.0
2019-07-25 00:00:00,120.512,120.565,120.418,120.472,9580.0,18,0.0
2019-07-25 04:00:00,120.472,120.503,120.392,120.394,10091.0,18,0.0
2019-07-25 08:00:00,120.393,120.403,120.176,120.288,12347.0,18,0.0
2019-07-25 12:00:00,120.29,120.728,120.05,120.659,19683.0,18,0.0
2019-07-25 16:00:00,120.66,121.374,120.66,121.022,27644.0,18,0.0
2019-07-25 20:00:00,121.022,121.199,120.97,121.086,13327.0,18,0.0
2019-07-26 00:00:00,121.086,121.196,121.058,121.156,10323.0,18,0.0
2019-07-26 04:00:00,121.156,121.17,121.019,121.087,10044.0,19,0.0
2019-07-26 08:00:00,121.086,121.111,120.937,121.01,13531.0,18,0.0
2019-07-26 12:00:00,121.011,121.13,120.926,121.018,13908.0,18,0.0
2019-07-26 16:00:00,121.02,121.03,120.796,120.9,21071.0,18,0.0
2019-07-26 20:00:00,120.9,120.977,120.851,120.851,9990.0,18,0.0
2019-07-29 00:00:00,120.82,120.959,120.755,120.79,6034.0,18,0.0
2019-07-29 04:00:00,120.79,120.841,120.755,120.815,6348.0,18,0.0
2019-07-29 08:00:00,120.816,120.913,120.781,120.852,9315.0,18,0.0
2019-07-29 12:00:00,120.853,120.896,120.734,120.856,10800.0,18,0.0
2019-07-29 16:00:00,120.858,121.298,120.803,121.261,17382.0,18,0.0
2019-07-29 20:00:00,121.26,121.303,121.214,121.236,9760.0,18,0.0
2019-07-30 00:00:00,121.237,121.379,121.214,121.29,9957.0,18,0.0
2019-07-30 04:00:00,121.274,121.288,120.907,120.947,13303.0,18,0.0
2019-07-30 08:00:00,120.946,121.092,120.911,121.018,14565.0,18,0.0
2019-07-30 12:00:00,121.018,121.081,120.884,121.071,17559.0,18,0.0
2019-07-30 16:00:00,121.072,121.188,120.958,121.146,19758.0,18,0.0
2019-07-30 20:00:00,121.143,121.177,121.109,121.116,10088.0,19,0.0
2019-07-31 00:00:00,121.116,121.19,121.074,121.174,16383.0,19,0.0
2019-07-31 04:00:00,121.173,121.174,120.996,121.073,12174.0,18,0.0
2019-07-31 08:00:00,121.074,121.173,120.986,120.991,12081.0,18,0.0
2019-07-31 12:00:00,120.99,121.096,120.972,121.058,10955.0,18,0.0
2019-07-31 16:00:00,121.053,121.124,120.773,120.841,19472.0,18,0.0
2019-07-31 20:00:00,120.843,120.944,120.35,120.457,20267.0,18,0.0
2019-08-01 00:00:00,120.458,120.709,120.385,120.621,14115.0,18,0.0
2019-08-01 04:00:00,120.616,120.702,120.535,120.681,14715.0,18,0.0
2019-08-01 08:00:00,120.682,120.687,120.397,120.507,14857.0,18,0.0
2019-08-01 12:00:00,120.508,120.533,119.768,119.83,16439.0,18,0.0
2019-08-01 16:00:00,119.829,119.898,119.563,119.687,24257.0,18,0.0
2019-08-01 20:00:00,119.686,119.699,118.915,118.98,23241.0,18,0.0
2019-08-02 00:00:00,118.994,119.115,118.752,118.785,18639.0,18,0.0
2019-08-02 04:00:00,118.784,118.834,118.431,118.649,20883.0,18,0.0
2019-08-02 08:00:00,118.647,118.837,118.478,118.646,21460.0,18,0.0
2019-08-02 12:00:00,118.647,118.703,118.328,118.629,21556.0,18,0.0
2019-08-02 16:00:00,118.628,118.911,118.259,118.488,28548.0,18,0.0
2019-08-02 20:00:00,118.488,118.493,118.315,118.333,17231.0,18,0.0
2019-08-05 00:00:00,118.334,118.47,118.185,118.282,16080.0,18,0.0
2019-08-05 04:00:00,118.295,118.363,117.674,117.992,25465.0,18,0.0
2019-08-05 08:00:00,117.992,118.134,117.723,118.092,24766.0,18,0.0
2019-08-05 12:00:00,118.093,118.693,118.039,118.584,25613.0,18,0.0
2019-08-05 16:00:00,118.583,118.846,118.475,118.725,28306.0,18,0.0
2019-08-05 20:00:00,118.725,118.931,118.681,118.687,19463.0,18,0.0
2019-08-06 00:00:00,118.684,119.038,118.369,119.0,21682.0,19,0.0
2019-08-06 04:00:00,118.999,119.868,118.986,119.511,24690.0,19,0.0
2019-08-06 08:00:00,119.512,119.609,119.163,119.179,22967.0,18,0.0
2019-08-06 12:00:00,119.178,119.322,118.945,118.969,17817.0,18,0.0
2019-08-06 16:00:00,118.969,119.236,118.934,119.162,25805.0,18,0.0
2019-08-06 20:00:00,119.163,119.348,119.133,119.206,16319.0,19,0.0
2019-08-07 00:00:00,119.205,119.279,118.975,119.103,13512.0,18,0.0
2019-08-07 04:00:00,119.156,119.193,118.74,118.946,20707.0,18,0.0
2019-08-07 08:00:00,118.946,119.102,118.873,118.882,18394.0,18,0.0
2019-08-07 12:00:00,118.881,118.898,118.439,118.598,20130.0,18,0.0
2019-08-07 16:00:00,118.6,118.906,118.557,118.795,28364.0,18,0.0
2019-08-07 20:00:00,118.797,119.097,118.777,118.995,21386.0,18,0.0
2019-08-08 00:00:00,118.997,119.071,118.862,118.863,18327.0,20,0.0
2019-08-08 04:00:00,118.862,119.146,118.81,119.003,19447.0,18,0.0
2019-08-08 08:00:00,119.003,119.124,118.903,119.024,17043.0,18,0.0
2019-08-08 12:00:00,119.025,119.081,118.555,118.876,16970.0,18,0.0
2019-08-08 16:00:00,118.883,119.16,118.625,119.021,24501.0,18,0.0
2019-08-08 20:00:00,119.021,119.039,118.492,118.585,14794.0,18,0.0
2019-08-09 00:00:00,118.585,118.648,118.319,118.607,19367.0,18,0.0
2019-08-09 04:00:00,118.606,118.738,118.529,118.661,13129.0,18,0.0
2019-08-09 08:00:00,118.661,118.676,118.449,118.562,13569.0,18,0.0
2019-08-09 12:00:00,118.562,118.636,118.382,118.426,16933.0,18,0.0
2019-08-09 16:00:00,118.43,118.492,118.085,118.328,25695.0,18,0.0
2019-08-09 20:00:00,118.327,118.414,118.256,118.352,16301.0,18,0.0
2019-08-12 00:00:00,118.19,118.402,117.998,118.108,6626.0,19,0.0
2019-08-12 04:00:00,118.196,118.304,118.095,118.153,7427.0,18,0.0
2019-08-12 08:00:00,118.153,118.189,117.516,117.656,10291.0,18,0.0
2019-08-12 12:00:00,117.658,117.946,117.52,117.933,11785.0,18,0.0
2019-08-12 16:00:00,117.932,118.236,117.886,118.101,15756.0,18,0.0
2019-08-12 20:00:00,118.1,118.155,118.03,118.077,8299.0,18,0.0
2019-08-13 00:00:00,118.043,118.244,117.961,118.105,8706.0,18,0.0
2019-08-13 04:00:00,118.104,118.155,117.953,117.974,9351.0,18,0.0
2019-08-13 08:00:00,117.973,117.994,117.688,117.834,9312.0,18,0.0
2019-08-13 12:00:00,117.834,118.153,117.73,118.01,11383.0,18,0.0
2019-08-13 16:00:00,118.01,119.564,117.974,119.111,50750.0,18,0.0
2019-08-13 20:00:00,119.11,119.25,118.984,119.239,35284.0,18,0.0
2019-08-14 00:00:00,119.237,119.277,118.797,118.878,19304.0,18,0.0
2019-08-14 04:00:00,118.862,119.104,118.718,119.041,14599.0,18,0.0
2019-08-14 08:00:00,119.045,119.056,118.804,118.967,15582.0,18,0.0
2019-08-14 12:00:00,118.966,119.059,118.292,118.484,21414.0,18,0.0
2019-08-14 16:00:00,118.485,118.51,117.783,117.863,23875.0,18,0.0
2019-08-14 20:00:00,117.862,118.093,117.832,117.956,16871.0,18,0.0
2019-08-15 00:00:00,117.957,118.123,117.768,118.099,12265.0,18,0.0
2019-08-15 04:00:00,118.03,118.103,117.931,118.091,15351.0,18,0.0
2019-08-15 08:00:00,118.092,118.959,118.036,118.25,19843.0,18,0.0
2019-08-15 12:00:00,118.25,118.577,117.907,118.33,27390.0,18,0.0
2019-08-15 16:00:00,118.329,118.36,117.705,117.777,27992.0,18,0.0
2019-08-15 20:00:00,117.778,117.904,117.629,117.852,17226.0,18,0.0
2019-08-16 00:00:00,117.824,117.939,117.71,117.811,16990.0,18,0.0
2019-08-16 04:00:00,117.839,117.937,117.777,117.829,13022.0,18,0.0
2019-08-16 08:00:00,117.828,117.888,117.633,117.835,14897.0,18,0.0
2019-08-16 12:00:00,117.836,118.052,117.694,117.821,16713.0,18,0.0
2019-08-16 16:00:00,117.822,118.164,117.581,117.902,19703.0,18,0.0
2019-08-16 20:00:00,117.902,117.989,117.867,117.924,12077.0,18,0.0
2019-08-19 00:00:00,117.827,118.13,117.822,117.928,9511.0,18,0.0
2019-08-19 04:00:00,117.98,118.016,117.862,117.954,10078.0,18,0.0
2019-08-19 08:00:00,117.955,118.463,117.924,118.329,15063.0,18,0.0
2019-08-19 12:00:00,118.331,118.475,118.241,118.349,14968.0,14,0.0
2019-08-19 16:00:00,118.358,118.382,118.135,118.187,14964.0,18,0.0
2019-08-19 20:00:00,118.186,118.215,118.104,118.121,11231.0,18,0.0
2019-08-20 00:00:00,118.098,118.268,118.054,118.182,17481.0,18,0.0
2019-08-20 04:00:00,118.145,118.214,118.109,118.14,11894.0,18,0.0
2019-08-20 08:00:00,118.14,118.152,117.828,117.902,13756.0,18,0.0
2019-08-20 12:00:00,117.903,117.905,117.662,117.719,14190.0,18,0.0
2019-08-20 16:00:00,117.719,118.036,117.581,117.992,19777.0,18,0.0
2019-08-20 20:00:00,117.992,118.039,117.852,117.901,10170.0,18,0.0
2019-08-21 00:00:00,117.882,118.039,117.872,117.999,13633.0,18,0.0
2019-08-21 04:00:00,117.966,118.27,117.955,118.112,10204.0,18,0.0
2019-08-21 08:00:00,118.112,118.332,118.098,118.228,13077.0,18,0.0
2019-08-21 12:00:00,118.229,118.27,118.116,118.224,13224.0,18,0.0
2019-08-21 16:00:00,118.221,118.272,118.031,118.191,13903.0,18,0.0
2019-08-21 20:00:00,118.192,118.242,118.089,118.179,11943.0,18,0.0
2019-08-22 00:00:00,118.173,118.258,118.128,118.176,10166.0,18,0.0
2019-08-22 04:00:00,118.138,118.173,117.939,117.958,9384.0,18,0.0
2019-08-22 08:00:00,117.959,118.301,117.738,118.087,16245.0,18,0.0
2019-08-22 12:00:00,118.086,118.212,117.73,118.091,18471.0,18,0.0
2019-08-22 16:00:00,118.092,118.17,117.814,117.957,19478.0,18,0.0
2019-08-22 20:00:00,117.956,117.987,117.899,117.901,11142.0,18,0.0
2019-08-23 00:00:00,117.9,118.07,117.888,117.99,12591.0,18,0.0
2019-08-23 04:00:00,118.058,118.073,117.894,117.991,12534.0,18,0.0
2019-08-23 08:00:00,117.991,118.127,117.945,118.006,14250.0,18,0.0
2019-08-23 12:00:00,118.005,118.055,117.743,117.83,19902.0,18,0.0
2019-08-23 16:00:00,117.828,118.006,117.265,117.406,34881.0,19,0.0
2019-08-23 20:00:00,117.406,117.484,117.319,117.323,22177.0,19,0.0
2019-08-26 00:00:00,117.062,117.195,116.562,117.099,26690.0,20,0.0
2019-08-26 04:00:00,117.269,117.77,117.211,117.314,25328.0,20,0.0
2019-08-26 08:00:00,117.315,117.899,117.232,117.711,34495.0,19,0.0
2019-08-26 12:00:00,117.712,118.188,117.495,117.962,23811.0,19,0.0
2019-08-26 16:00:00,117.965,117.985,117.711,117.898,29011.0,20,0.0
2019-08-26 20:00:00,117.898,117.956,117.706,117.763,15611.0,19,0.0
2019-08-27 00:00:00,117.758,117.839,117.487,117.569,19921.0,18,0.0
2019-08-27 04:00:00,117.539,117.615,117.285,117.36,15450.0,19,0.0
2019-08-27 08:00:00,117.36,117.578,117.214,117.551,21922.0,20,0.0
2019-08-27 12:00:00,117.551,117.754,117.352,117.585,21934.0,19,0.0
2019-08-27 16:00:00,117.584,117.725,117.223,117.326,24043.0,18,0.0
2019-08-27 20:00:00,117.325,117.368,117.24,117.254,12608.0,18,0.0
2019-08-28 00:00:00,117.25,117.349,117.156,117.265,13965.0,19,0.0
2019-08-28 04:00:00,117.265,117.396,117.237,117.353,13809.0,18,0.0
2019-08-28 08:00:00,117.351,117.39,117.196,117.283,18303.0,18,0.0
2019-08-28 12:00:00,117.285,117.373,117.105,117.212,19864.0,19,0.0
2019-08-28 16:00:00,117.21,117.397,117.112,117.388,21870.0,18,0.0
2019-08-28 20:00:00,117.392,117.675,117.39,117.547,13689.0,19,0.0
2019-08-29 00:00:00,117.537,117.63,117.415,117.47,14677.0,19,0.0
2019-08-29 04:00:00,117.493,117.514,117.279,117.364,13376.0,18,0.0
2019-08-29 08:00:00,117.365,117.767,117.282,117.711,20691.0,18,0.0
2019-08-29 12:00:00,117.71,117.805,117.597,117.64,18967.0,18,0.0
2019-08-29 16:00:00,117.641,117.927,117.499,117.786,23869.0,18,0.0
2019-08-29 20:00:00,117.786,117.906,117.685,117.764,14690.0,19,0.0
2019-08-30 00:00:00,117.765,117.818,117.617,117.673,13555.0,18,0.0
2019-08-30 04:00:00,117.673,117.7,117.501,117.517,14512.0,18,0.0
2019-08-30 08:00:00,117.516,117.576,117.355,117.454,22000.0,19,0.0
2019-08-30 12:00:00,117.454,117.548,117.199,117.211,19733.0,12,0.0
2019-08-30 16:00:00,117.21,117.298,116.695,116.862,24165.0,19,0.0
2019-08-30 20:00:00,116.862,116.87,116.624,116.728,17460.0,18,0.0
2019-09-02 00:00:00,116.545,116.719,116.39,116.583,15921.0,19,0.0
2019-09-02 04:00:00,116.583,116.772,116.569,116.678,12445.0,19,0.0
2019-09-02 08:00:00,116.677,116.776,116.58,116.606,14604.0,19,0.0
2019-09-02 12:00:00,116.607,116.707,116.499,116.641,13683.0,19,0.0
2019-09-02 16:00:00,116.642,116.661,116.347,116.466,12268.0,18,0.0
2019-09-02 20:00:00,116.467,116.519,116.415,116.474,10980.0,20,0.0
2019-09-03 00:00:00,116.474,116.542,116.375,116.403,19170.0,18,0.0
2019-09-03 04:00:00,116.402,116.415,116.237,116.29,15020.0,19,0.0
2019-09-03 08:00:00,116.289,116.337,115.863,116.111,21182.0,19,0.0
2019-09-03 12:00:00,116.112,116.264,115.902,116.238,17843.0,18,0.0
2019-09-03 16:00:00,116.239,116.346,115.943,116.144,24357.0,18,0.0
2019-09-03 20:00:00,116.145,116.371,116.137,116.199,11177.0,18,0.0
2019-09-04 00:00:00,116.162,116.286,116.129,116.218,12675.0,18,0.0
2019-09-04 04:00:00,116.217,116.441,116.209,116.382,13543.0,19,0.0
2019-09-04 08:00:00,116.383,116.951,116.353,116.895,20235.0,18,0.0
2019-09-04 12:00:00,116.895,117.086,116.858,117.037,16980.0,18,0.0
2019-09-04 16:00:00,117.038,117.256,116.946,117.204,19171.0,19,0.0
2019-09-04 20:00:00,117.205,117.428,117.144,117.367,10824.0,21,0.0
2019-09-05 00:00:00,117.407,117.445,117.291,117.411,14109.0,21,0.0
2019-09-05 04:00:00,117.411,117.736,117.365,117.476,30192.0,21,0.0
2019-09-05 08:00:00,117.476,117.635,117.276,117.601,30160.0,21,0.0
2019-09-05 12:00:00,117.599,118.253,117.55,118.18,30019.0,21,0.0
2019-09-05 16:00:00,118.182,118.615,118.014,118.073,34133.0,21,0.0
2019-09-05 20:00:00,118.072,118.123,117.969,117.969,9921.0,21,0.0
2019-09-06 00:00:00,117.988,118.168,117.933,118.065,13460.0,21,0.0
2019-09-06 04:00:00,118.062,118.178,118.04,118.06,20542.0,21,0.0
2019-09-06 08:00:00,118.056,118.267,118.043,118.144,22975.0,21,0.0
2019-09-06 12:00:00,118.148,118.206,117.81,117.957,27355.0,21,0.0
2019-09-06 16:00:00,117.956,118.016,117.846,117.912,29501.0,21,0.0
2019-09-06 20:00:00,117.912,117.942,117.843,117.871,14528.0,21,0.0
2019-09-09 00:00:00,117.801,117.944,117.77,117.832,14542.0,21,0.0
2019-09-09 04:00:00,117.829,117.916,117.738,117.879,17160.0,21,0.0
2019-09-09 08:00:00,117.877,118.072,117.808,118.038,16653.0,21,0.0
2019-09-09 12:00:00,118.037,118.284,117.932,118.165,17401.0,21,0.0
2019-09-09 16:00:00,118.165,118.51,118.141,118.397,23401.0,21,0.0
2019-09-09 20:00:00,118.396,118.496,118.348,118.452,9538.0,21,0.0
2019-09-10 00:00:00,118.464,118.673,118.429,118.645,14917.0,21,0.0
2019-09-10 04:00:00,118.645,118.748,118.549,118.613,16657.0,21,0.0
2019-09-10 08:00:00,118.614,118.769,118.379,118.441,22027.0,21,0.0
2019-09-10 12:00:00,118.439,118.628,118.369,118.439,19550.0,21,0.0
2019-09-10 16:00:00,118.438,118.668,118.272,118.641,26440.0,21,0.0
2019-09-10 20:00:00,118.643,118.776,118.565,118.747,10585.0,21,0.0
2019-09-11 00:00:00,118.751,118.959,118.679,118.901,14197.0,21,0.0
2019-09-11 04:00:00,118.901,119.144,118.806,119.107,19142.0,21,0.0
2019-09-11 08:00:00,119.098,119.173,118.797,118.808,21096.0,21,0.0
2019-09-11 12:00:00,118.806,118.807,118.455,118.557,20624.0,21,0.0
2019-09-11 16:00:00,118.558,118.65,118.299,118.621,21065.0,21,0.0
2019-09-11 20:00:00,118.62,118.76,118.598,118.699,7671.0,21,0.0
2019-09-12 00:00:00,118.711,119.003,118.649,118.975,17401.0,21,0.0
2019-09-12 04:00:00,118.975,119.12,118.927,119.043,14556.0,21,0.0
2019-09-12 08:00:00,119.043,119.052,118.866,118.952,19511.0,21,0.0
2019-09-12 12:00:00,118.952,119.33,117.55,117.895,36408.0,21,0.0
2019-09-12 16:00:00,117.892,119.732,117.843,119.574,47600.0,21,0.0
2019-09-12 20:00:00,119.573,119.819,119.53,119.53,13761.0,21,0.0
2019-09-13 00:00:00,119.562,119.755,119.554,119.739,11264.0,21,0.0
2019-09-13 04:00:00,119.738,119.794,119.668,119.703,14039.0,21,0.0
2019-09-13 08:00:00,119.701,120.01,119.61,119.793,28310.0,6,0.0
2019-09-13 12:00:00,119.792,119.963,119.727,119.886,23131.0,12,0.0
2019-09-13 16:00:00,119.885,119.893,119.537,119.762,22929.0,6,0.0
2019-09-13 20:00:00,119.763,119.786,119.664,119.686,12121.0,19,0.0
2019-09-16 00:00:00,118.989,119.506,118.956,119.258,22031.0,21,0.0
2019-09-16 04:00:00,119.257,119.442,119.218,119.383,20362.0,21,0.0
2019-09-16 08:00:00,119.385,119.508,119.2,119.223,22980.0,21,0.0
2019-09-16 12:00:00,119.222,119.296,118.842,118.944,26483.0,21,0.0
2019-09-16 16:00:00,118.943,118.958,118.681,118.789,25476.0,21,0.0
2019-09-16 20:00:00,118.79,119.002,118.762,118.917,12421.0,21,0.0
2019-09-17 00:00:00,118.972,119.148,118.869,119.125,15413.0,21,0.0
2019-09-17 04:00:00,119.127,119.242,119.005,119.19,19055.0,21,0.0
2019-09-17 08:00:00,119.18,119.233,118.937,119.12,21933.0,21,0.0
2019-09-17 12:00:00,119.12,119.321,119.075,119.311,18986.0,21,0.0
2019-09-17 16:00:00,119.31,119.655,119.259,119.631,30201.0,21,0.0
2019-09-17 20:00:00,119.63,119.772,119.622,119.702,9762.0,21,0.0
2019-09-18 00:00:00,119.674,119.776,119.645,119.758,13729.0,21,0.0
2019-09-18 04:00:00,119.756,119.824,119.695,119.719,13036.0,21,0.0
2019-09-18 08:00:00,119.722,119.79,119.474,119.484,18785.0,21,0.0
2019-09-18 12:00:00,119.484,119.624,119.41,119.617,19152.0,21,0.0
2019-09-18 16:00:00,119.616,119.754,119.532,119.669,16491.0,21,0.0
2019-09-18 20:00:00,119.668,119.7,119.408,119.602,29126.0,21,0.0
2019-09-19 00:00:00,119.607,119.655,119.411,119.418,14716.0,14,0.0
2019-09-19 04:00:00,119.418,119.421,118.951,119.113,24656.0,21,0.0
2019-09-19 08:00:00,119.112,119.556,119.075,119.444,23222.0,21,0.0
2019-09-19 12:00:00,119.443,119.566,119.386,119.496,22642.0,21,0.0
2019-09-19 16:00:00,119.497,119.54,119.19,119.257,18457.0,21,0.0
2019-09-19 20:00:00,119.258,119.395,119.233,119.235,14969.0,21,0.0
2019-09-20 00:00:00,119.251,119.374,119.17,119.319,13772.0,21,0.0
2019-09-20 04:00:00,119.319,119.375,119.229,119.26,12579.0,21,0.0
2019-09-20 08:00:00,119.26,119.378,119.197,119.233,22898.0,21,0.0
2019-09-20 12:00:00,119.234,119.351,118.934,119.001,22071.0,21,0.0
2019-09-20 16:00:00,119.002,119.046,118.71,118.755,22702.0,21,0.0
2019-09-20 20:00:00,118.756,118.783,118.448,118.506,17448.0,18,0.0
2019-09-23 00:00:00,118.64,118.702,118.574,118.641,13801.0,21,0.0
2019-09-23 04:00:00,118.639,118.76,118.636,118.73,18842.0,21,0.0
2019-09-23 08:00:00,118.729,118.788,117.752,117.846,30909.0,21,0.0
2019-09-23 12:00:00,117.845,118.237,117.749,118.134,20987.0,21,0.0
2019-09-23 16:00:00,118.136,118.194,117.953,118.104,21945.0,21,0.0
2019-09-23 20:00:00,118.103,118.211,118.061,118.188,9568.0,21,0.0
2019-09-24 00:00:00,118.202,118.348,118.165,118.315,18648.0,21,0.0
2019-09-24 04:00:00,118.313,118.332,118.115,118.257,18377.0,21,0.0
2019-09-24 08:00:00,118.256,118.349,118.11,118.328,22475.0,21,0.0
2019-09-24 12:00:00,118.329,118.558,118.302,118.476,21792.0,21,0.0
2019-09-24 16:00:00,118.479,118.526,117.885,117.944,28859.0,21,0.0
2019-09-24 20:00:00,117.943,118.209,117.884,117.943,25206.0,21,0.0
2019-09-25 00:00:00,117.965,118.058,117.787,117.848,17835.0,21,0.0
2019-09-25 04:00:00,117.848,118.169,117.833,118.042,24370.0,21,0.0
2019-09-25 08:00:00,118.045,118.168,117.934,118.062,23453.0,21,0.0
2019-09-25 12:00:00,118.06,118.122,117.901,118.107,22641.0,12,0.0
2019-09-25 16:00:00,118.106,118.193,117.93,117.968,25362.0,7,0.0
2019-09-25 20:00:00,117.968,118.011,117.907,117.91,13366.0,18,0.0
2019-09-26 00:00:00,117.893,117.991,117.825,117.967,15467.0,19,0.0
2019-09-26 04:00:00,117.969,118.05,117.945,118.041,12711.0,18,0.0
2019-09-26 08:00:00,118.04,118.041,117.636,117.719,14800.0,18,0.0
2019-09-26 12:00:00,117.719,117.905,117.517,117.784,17007.0,18,0.0
2019-09-26 16:00:00,117.784,117.899,117.674,117.788,21901.0,18,0.0
2019-09-26 20:00:00,117.789,117.9,117.73,117.743,13101.0,18,0.0
2019-09-27 00:00:00,117.73,117.755,117.447,117.641,13318.0,18,0.0
2019-09-27 04:00:00,117.64,117.686,117.556,117.6,12560.0,18,0.0
2019-09-27 08:00:00,117.6,117.896,117.543,117.882,17018.0,18,0.0
2019-09-27 12:00:00,117.879,118.295,117.832,118.207,15998.0,18,0.0
2019-09-27 16:00:00,118.206,118.473,118.037,118.045,23437.0,12,0.0
2019-09-27 20:00:00,118.045,118.138,117.945,118.039,15151.0,18,0.0
2019-09-30 00:00:00,118.135,118.176,117.982,118.012,12078.0,18,0.0
2019-09-30 04:00:00,118.012,118.109,117.945,117.981,13375.0,18,0.0
2019-09-30 08:00:00,117.981,118.036,117.855,117.972,17050.0,6,0.0
2019-09-30 12:00:00,117.971,118.027,117.541,117.697,16634.0,18,0.0
2019-09-30 16:00:00,117.698,117.955,117.664,117.911,19914.0,18,0.0
2019-09-30 20:00:00,117.912,117.957,117.764,117.775,12234.0,18,0.0
2019-10-01 00:00:00,117.772,117.871,117.706,117.838,9487.0,18,0.0
2019-10-01 04:00:00,117.838,117.969,117.777,117.877,14562.0,18,0.0
2019-10-01 08:00:00,117.878,118.128,117.766,118.088,18813.0,18,0.0
2019-10-01 12:00:00,118.089,118.169,117.97,118.068,18134.0,18,0.0
2019-10-01 16:00:00,118.067,118.104,117.677,117.796,25932.0,19,0.0
2019-10-01 20:00:00,117.794,117.865,117.694,117.738,14534.0,18,0.0
2019-10-02 00:00:00,117.735,117.823,117.703,117.82,18305.0,18,0.0
2019-10-02 04:00:00,117.821,118.002,117.752,117.897,14091.0,18,0.0
2019-10-02 08:00:00,117.896,117.947,117.365,117.396,18782.0,18,0.0
2019-10-02 12:00:00,117.397,117.596,117.386,117.423,20348.0,18,0.0
2019-10-02 16:00:00,117.423,117.64,117.324,117.373,22187.0,18,0.0
2019-10-02 20:00:00,117.373,117.513,117.352,117.451,15901.0,18,0.0
2019-10-03 00:00:00,117.443,117.501,117.246,117.311,22360.0,18,0.0
2019-10-03 04:00:00,117.309,117.458,117.304,117.434,14592.0,18,0.0
2019-10-03 08:00:00,117.435,117.649,117.283,117.429,19955.0,18,0.0
2019-10-03 12:00:00,117.428,117.433,117.096,117.278,19660.0,19,0.0
2019-10-03 16:00:00,117.278,117.433,117.079,117.316,25958.0,18,0.0
2019-10-03 20:00:00,117.316,117.413,117.177,117.199,14837.0,18,0.0
2019-10-04 00:00:00,117.194,117.359,117.18,117.264,16284.0,18,0.0
2019-10-04 04:00:00,117.263,117.337,117.167,117.195,13074.0,18,0.0
2019-10-04 08:00:00,117.196,117.235,117.085,117.181,17174.0,18,0.0
2019-10-04 12:00:00,117.18,117.474,117.152,117.444,21663.0,6,0.0
2019-10-04 16:00:00,117.443,117.486,117.286,117.383,23880.0,18,0.0
2019-10-04 20:00:00,117.383,117.389,117.256,117.273,13657.0,18,0.0
2019-10-07 00:00:00,117.108,117.346,117.074,117.26,15734.0,18,0.0
2019-10-07 04:00:00,117.26,117.367,117.243,117.337,13032.0,18,0.0
2019-10-07 08:00:00,117.337,117.365,117.139,117.157,15956.0,18,0.0
2019-10-07 12:00:00,117.157,117.576,117.146,117.576,15058.0,18,0.0
2019-10-07 16:00:00,117.575,117.687,117.496,117.651,17260.0,18,0.0
2019-10-07 20:00:00,117.651,117.903,117.623,117.659,15585.0,18,0.0
2019-10-08 00:00:00,117.644,117.788,117.617,117.761,12481.0,18,0.0
2019-10-08 04:00:00,117.762,117.879,117.691,117.875,14677.0,18,0.0
2019-10-08 08:00:00,117.876,117.966,117.633,117.773,18767.0,18,0.0
2019-10-08 12:00:00,117.774,117.791,117.374,117.487,21267.0,18,0.0
2019-10-08 16:00:00,117.487,117.504,117.129,117.356,21158.0,18,0.0
2019-10-08 20:00:00,117.354,117.463,117.213,117.306,17986.0,18,0.0
2019-10-09 00:00:00,117.305,117.361,117.205,117.328,15106.0,18,0.0
2019-10-09 04:00:00,117.328,117.537,117.32,117.46,12054.0,18,0.0
2019-10-09 08:00:00,117.46,117.905,117.415,117.827,17275.0,18,0.0
2019-10-09 12:00:00,117.826,118.025,117.73,117.85,20126.0,18,0.0
2019-10-09 16:00:00,117.849,118.055,117.828,118.045,17856.0,18,0.0
2019-10-09 20:00:00,118.045,118.094,117.89,117.911,14685.0,18,0.0
2019-10-10 00:00:00,117.896,117.957,117.574,117.851,29352.0,19,0.0
2019-10-10 04:00:00,117.852,118.443,117.83,118.102,20927.0,18,0.0
2019-10-10 08:00:00,118.101,118.446,118.062,118.341,20227.0,18,0.0
2019-10-10 12:00:00,118.34,118.651,118.322,118.638,20901.0,18,0.0
2019-10-10 16:00:00,118.637,118.946,118.556,118.873,25632.0,18,0.0
2019-10-10 20:00:00,118.871,118.905,118.705,118.805,17807.0,18,0.0
2019-10-11 00:00:00,118.81,119.004,118.721,118.94,20434.0,18,0.0
2019-10-11 04:00:00,118.939,119.031,118.912,118.952,13092.0,18,0.0
2019-10-11 08:00:00,118.952,119.043,118.771,118.902,20529.0,18,0.0
2019-10-11 12:00:00,118.902,119.923,118.864,119.75,30834.0,19,0.0
2019-10-11 16:00:00,119.749,120.003,119.553,119.799,28911.0,18,0.0
2019-10-11 20:00:00,119.799,119.974,119.562,119.618,18285.0,18,0.0
2019-10-14 00:00:00,119.513,119.709,119.348,119.438,16011.0,19,0.0
2019-10-14 04:00:00,119.437,119.569,119.308,119.484,15795.0,18,0.0
2019-10-14 08:00:00,119.482,119.5,119.197,119.411,18525.0,18,0.0
2019-10-14 12:00:00,119.409,119.475,119.192,119.371,18207.0,18,0.0
2019-10-14 16:00:00,119.37,119.562,119.35,119.529,17414.0,18,0.0
2019-10-14 20:00:00,119.53,119.547,119.46,119.519,10070.0,18,0.0
2019-10-15 00:00:00,119.526,119.597,119.417,119.491,15640.0,18,0.0
2019-10-15 04:00:00,119.493,119.624,119.427,119.487,15285.0,18,0.0
2019-10-15 08:00:00,119.486,119.712,119.349,119.462,21548.0,18,0.0
2019-10-15 12:00:00,119.463,119.466,119.118,119.244,21089.0,18,0.0
2019-10-15 16:00:00,119.243,120.228,119.196,119.998,26429.0,19,0.0
2019-10-15 20:00:00,119.999,120.17,119.957,120.068,9870.0,18,0.0
2019-10-16 00:00:00,120.071,120.129,119.804,119.947,16946.0,21,0.0
2019-10-16 04:00:00,119.948,119.961,119.746,119.845,20325.0,19,0.0
2019-10-16 08:00:00,119.846,120.281,119.812,119.974,32910.0,21,0.0
2019-10-16 12:00:00,119.973,120.138,119.793,119.957,36169.0,21,0.0
2019-10-16 16:00:00,119.956,120.473,119.926,120.417,30680.0,21,0.0
2019-10-16 20:00:00,120.416,120.466,120.3,120.416,10194.0,20,0.0
2019-10-17 00:00:00,120.414,120.538,120.34,120.465,13786.0,21,0.0
2019-10-17 04:00:00,120.464,120.566,120.417,120.434,14151.0,20,0.0
2019-10-17 08:00:00,120.438,120.746,120.337,120.676,22953.0,19,0.0
2019-10-17 12:00:00,120.677,121.357,120.62,120.864,47043.0,21,0.0
2019-10-17 16:00:00,120.863,120.935,120.67,120.739,28616.0,20,0.0
2019-10-17 20:00:00,120.74,120.9,120.712,120.847,8726.0,19,0.0
2019-10-18 00:00:00,120.846,120.963,120.761,120.939,11711.0,20,0.0
2019-10-18 04:00:00,120.938,120.973,120.744,120.767,14761.0,20,0.0
2019-10-18 08:00:00,120.771,121.004,120.671,120.956,17567.0,20,0.0
2019-10-18 12:00:00,120.96,121.063,120.845,121.019,15405.0,21,0.0
2019-10-18 16:00:00,121.018,121.043,120.782,120.988,23053.0,21,0.0
2019-10-18 20:00:00,120.987,121.119,120.984,121.047,9168.0,20,0.0
2019-10-21 00:00:00,121.022,121.115,120.788,121.093,22455.0,20,0.0
2019-10-21 04:00:00,121.094,121.146,120.995,121.109,11478.0,19,0.0
2019-10-21 08:00:00,121.109,121.477,120.984,121.288,20285.0,20,0.0
2019-10-21 12:00:00,121.287,121.316,121.122,121.133,13680.0,21,0.0
2019-10-21 16:00:00,121.135,121.136,120.929,121.086,18973.0,21,0.0
2019-10-21 20:00:00,121.087,121.132,121.034,121.067,5957.0,20,0.0
2019-10-22 00:00:00,121.066,121.257,120.999,121.221,8921.0,20,0.0
2019-10-22 04:00:00,121.22,121.287,121.078,121.162,8995.0,20,0.0
2019-10-22 08:00:00,121.165,121.207,120.811,120.944,15496.0,21,0.0
2019-10-22 12:00:00,120.945,121.046,120.745,120.758,17546.0,21,0.0
2019-10-22 16:00:00,120.759,120.998,120.749,120.961,18826.0,21,0.0
2019-10-22 20:00:00,120.96,121.057,120.58,120.661,19646.0,20,0.0
2019-10-23 00:00:00,120.677,120.78,120.426,120.604,23305.0,21,0.0
2019-10-23 04:00:00,120.603,120.622,120.386,120.499,15685.0,21,0.0
2019-10-23 08:00:00,120.498,120.669,120.438,120.5,22495.0,21,0.0
2019-10-23 12:00:00,120.502,120.743,120.408,120.711,19649.0,21,0.0
2019-10-23 16:00:00,120.71,120.892,120.644,120.868,18886.0,21,0.0
2019-10-23 20:00:00,120.869,121.055,120.847,120.979,7285.0,21,0.0
2019-10-24 00:00:00,120.955,121.003,120.863,120.934,9316.0,21,0.0
2019-10-24 04:00:00,120.933,121.027,120.903,120.918,10971.0,20,0.0
2019-10-24 08:00:00,120.92,121.386,120.879,120.994,26615.0,20,0.0
2019-10-24 12:00:00,120.993,121.13,120.775,121.091,19406.0,20,0.0
2019-10-24 16:00:00,121.092,121.121,120.429,120.6,29005.0,21,0.0
2019-10-24 20:00:00,120.599,120.671,120.551,120.599,7361.0,20,0.0
2019-10-25 00:00:00,120.596,120.69,120.558,120.624,14319.0,21,0.0
2019-10-25 04:00:00,120.625,120.692,120.607,120.629,9453.0,21,0.0
2019-10-25 08:00:00,120.628,120.803,120.616,120.745,16018.0,20,0.0
2019-10-25 12:00:00,120.746,120.798,120.424,120.494,14663.0,21,0.0
2019-10-25 16:00:00,120.493,120.55,120.352,120.44,21070.0,21,0.0
2019-10-25 20:00:00,120.438,120.486,120.371,120.394,7050.0,20,0.0
2019-10-28 00:00:00,120.446,120.566,120.407,120.481,9805.0,20,0.0
2019-10-28 04:00:00,120.48,120.566,120.468,120.557,6575.0,20,0.0
2019-10-28 08:00:00,120.555,120.686,120.509,120.558,15897.0,21,0.0
2019-10-28 12:00:00,120.559,120.882,120.549,120.846,15820.0,21,0.0
2019-10-28 16:00:00,120.845,120.964,120.716,120.942,16185.0,21,0.0
2019-10-28 20:00:00,120.941,120.991,120.899,120.949,7606.0,21,0.0
2019-10-29 00:00:00,120.957,121.059,120.876,120.897,10269.0,21,0.0
2019-10-29 04:00:00,120.896,120.978,120.892,120.912,7683.0,21,0.0
2019-10-29 08:00:00,120.913,120.921,120.599,120.603,13720.0,18,0.0
2019-10-29 12:00:00,120.602,120.938,120.58,120.847,17415.0,18,0.0
2019-10-29 16:00:00,120.844,121.069,120.844,120.987,19225.0,19,0.0
2019-10-29 20:00:00,120.986,121.021,120.893,120.999,6946.0,19,0.0
2019-10-30 00:00:00,120.996,121.011,120.879,120.941,11157.0,20,0.0
2019-10-30 04:00:00,120.949,120.958,120.882,120.939,8768.0,20,0.0
2019-10-30 08:00:00,120.938,121.079,120.918,120.955,15655.0,20,0.0
2019-10-30 12:00:00,120.957,121.118,120.892,120.974,20602.0,21,0.0
2019-10-30 16:00:00,120.975,121.131,120.887,121.003,18998.0,19,0.0
2019-10-30 20:00:00,121.005,121.433,120.986,121.404,25166.0,20,0.0
2019-10-31 00:00:00,121.404,121.471,121.294,121.337,18781.0,19,0.0
2019-10-31 04:00:00,121.336,121.446,121.28,121.319,14302.0,20,0.0
2019-10-31 08:00:00,121.317,121.38,120.827,120.903,22179.0,20,0.0
2019-10-31 12:00:00,120.906,121.039,120.522,120.534,24638.0,21,0.0
2019-10-31 16:00:00,120.533,120.704,120.347,120.366,25376.0,20,0.0
2019-10-31 20:00:00,120.365,120.5,120.286,120.46,7728.0,20,0.0
2019-11-01 00:00:00,120.46,120.652,120.364,120.629,13760.0,20,0.0
2019-11-01 04:00:00,120.63,120.651,120.545,120.557,9902.0,18,0.0
2019-11-01 08:00:00,120.558,120.605,120.443,120.48,14035.0,18,0.0
2019-11-01 12:00:00,120.479,120.581,120.368,120.503,20480.0,18,0.0
2019-11-01 16:00:00,120.504,120.946,120.409,120.835,21108.0,19,0.0
2019-11-01 20:00:00,120.835,120.887,120.722,120.722,9549.0,18,0.0
2019-11-04 00:00:00,120.812,120.894,120.766,120.852,11759.0,18,0.0
2019-11-04 04:00:00,120.852,120.932,120.838,120.885,9318.0,18,0.0
2019-11-04 08:00:00,120.884,121.051,120.868,121.004,16541.0,18,0.0
2019-11-04 12:00:00,121.004,121.111,120.911,120.993,15560.0,18,0.0
2019-11-04 16:00:00,120.993,121.082,120.926,120.985,15550.0,18,0.0
2019-11-04 20:00:00,120.984,121.017,120.813,120.822,10811.0,18,0.0
2019-11-05 00:00:00,120.821,121.078,120.76,120.977,19877.0,18,0.0
2019-11-05 04:00:00,120.979,121.063,120.882,121.044,13963.0,18,0.0
2019-11-05 08:00:00,121.045,121.304,121.023,121.149,18731.0,18,0.0
2019-11-05 12:00:00,121.15,121.184,120.823,120.903,18736.0,18,0.0
2019-11-05 16:00:00,120.904,120.906,120.7,120.784,21389.0,18,0.0
2019-11-05 20:00:00,120.784,120.915,120.775,120.876,12291.0,18,0.0
2019-11-06 00:00:00,120.868,120.916,120.691,120.801,14267.0,18,0.0
2019-11-06 04:00:00,120.801,120.814,120.738,120.8,10706.0,18,0.0
2019-11-06 08:00:00,120.801,120.908,120.643,120.848,16627.0,18,0.0
2019-11-06 12:00:00,120.847,120.91,120.772,120.821,14947.0,18,0.0
2019-11-06 16:00:00,120.822,120.858,120.495,120.514,18280.0,18,0.0
2019-11-06 20:00:00,120.513,120.654,120.477,120.592,12994.0,18,0.0
2019-11-07 00:00:00,120.597,120.636,120.354,120.397,14889.0,18,0.0
2019-11-07 04:00:00,120.398,120.4,120.142,120.299,12751.0,18,0.0
2019-11-07 08:00:00,120.3,120.879,120.229,120.819,22303.0,18,0.0
2019-11-07 12:00:00,120.82,121.115,120.809,120.824,22566.0,18,0.0
2019-11-07 16:00:00,120.825,120.91,120.649,120.865,22032.0,18,0.0
2019-11-07 20:00:00,120.865,120.96,120.628,120.754,15838.0,18,0.0
2019-11-08 00:00:00,120.744,120.879,120.691,120.714,15291.0,18,0.0
2019-11-08 04:00:00,120.715,120.779,120.629,120.752,11784.0,18,0.0
2019-11-08 08:00:00,120.75,120.838,120.699,120.705,17661.0,18,0.0
2019-11-08 12:00:00,120.705,120.815,120.589,120.618,18563.0,18,0.0
2019-11-08 16:00:00,120.62,120.626,120.219,120.325,20228.0,18,0.0
2019-11-08 20:00:00,120.327,120.395,120.286,120.337,11059.0,18,0.0
2019-11-11 00:00:00,120.377,120.423,120.201,120.259,13213.0,18,0.0
2019-11-11 04:00:00,120.259,120.261,120.157,120.202,9834.0,18,0.0
2019-11-11 08:00:00,120.203,120.258,120.07,120.185,16224.0,18,0.0
2019-11-11 12:00:00,120.185,120.308,120.12,120.284,14503.0,18,0.0
2019-11-11 16:00:00,120.285,120.414,120.249,120.349,13370.0,18,0.0
2019-11-11 20:00:00,120.35,120.352,120.289,120.305,8968.0,18,0.0
2019-11-12 00:00:00,120.304,120.482,120.237,120.366,15430.0,18,0.0
2019-11-12 04:00:00,120.368,120.523,120.345,120.514,10776.0,18,0.0
2019-11-12 08:00:00,120.514,120.639,120.369,120.439,18279.0,18,0.0
2019-11-12 12:00:00,120.442,120.505,120.228,120.268,15948.0,18,0.0
2019-11-12 16:00:00,120.268,120.296,120.059,120.116,18270.0,18,0.0
2019-11-12 20:00:00,120.116,120.134,119.951,119.969,14331.0,18,0.0
2019-11-13 00:00:00,119.957,120.05,119.863,119.967,15506.0,18,0.0
2019-11-13 04:00:00,119.967,120.171,119.937,120.165,11989.0,18,0.0
2019-11-13 08:00:00,120.165,120.18,119.94,119.956,17378.0,18,0.0
2019-11-13 12:00:00,119.956,120.017,119.705,119.749,17529.0,18,0.0
2019-11-13 16:00:00,119.75,119.824,119.579,119.722,18648.0,18,0.0
2019-11-13 20:00:00,119.723,119.779,119.589,119.769,13253.0,18,0.0
2019-11-14 00:00:00,119.77,119.811,119.67,119.754,13490.0,18,0.0
2019-11-14 04:00:00,119.751,119.751,119.524,119.592,14607.0,18,0.0
2019-11-14 08:00:00,119.59,119.749,119.426,119.456,19684.0,18,0.0
2019-11-14 12:00:00,119.456,119.6,119.356,119.447,16172.0,18,0.0
2019-11-14 16:00:00,119.449,119.564,119.246,119.364,19142.0,18,0.0
2019-11-14 20:00:00,119.364,119.516,119.332,119.493,12093.0,18,0.0
2019-11-15 00:00:00,119.476,119.773,119.415,119.695,15043.0,18,0.0
2019-11-15 04:00:00,119.695,119.808,119.677,119.686,10067.0,18,0.0
2019-11-15 08:00:00,119.685,119.779,119.562,119.759,14251.0,18,0.0
2019-11-15 12:00:00,119.756,120.017,119.73,120.002,15649.0,18,0.0
2019-11-15 16:00:00,120.001,120.255,119.994,120.243,17310.0,18,0.0
2019-11-15 20:00:00,120.243,120.319,120.144,120.144,11520.0,18,0.0
2019-11-18 00:00:00,120.219,120.367,120.097,120.35,15059.0,18,0.0
2019-11-18 04:00:00,120.35,120.414,120.308,120.369,11483.0,18,0.0
2019-11-18 08:00:00,120.37,120.598,120.357,120.579,16711.0,18,0.0
2019-11-18 12:00:00,120.58,120.689,120.218,120.284,15527.0,18,0.0
2019-11-18 16:00:00,120.283,120.415,120.155,120.334,17599.0,18,0.0
2019-11-18 20:00:00,120.335,120.358,120.283,120.32,9241.0,18,0.0
2019-11-19 00:00:00,120.32,120.366,120.003,120.202,15860.0,18,0.0
2019-11-19 04:00:00,120.202,120.342,120.175,120.308,11113.0,18,0.0
2019-11-19 08:00:00,120.307,120.431,120.23,120.399,15789.0,18,0.0
2019-11-19 12:00:00,120.4,120.499,120.346,120.407,13126.0,18,0.0
2019-11-19 16:00:00,120.406,120.464,120.171,120.227,18142.0,18,0.0
2019-11-19 20:00:00,120.226,120.276,120.185,120.229,10485.0,18,0.0
2019-11-20 00:00:00,120.222,120.29,119.981,120.079,17480.0,18,0.0
2019-11-20 04:00:00,120.078,120.213,120.032,120.18,11304.0,18,0.0
2019-11-20 08:00:00,120.181,120.182,119.851,119.959,17545.0,18,0.0
2019-11-20 12:00:00,119.959,120.083,119.909,120.08,15112.0,18,0.0
2019-11-20 16:00:00,120.079,120.407,120.027,120.112,18796.0,18,0.0
2019-11-20 20:00:00,120.113,120.289,120.038,120.226,16785.0,18,0.0
2019-11-21 00:00:00,120.227,120.258,119.943,119.984,19409.0,18,0.0
2019-11-21 04:00:00,119.985,120.3,119.976,120.261,16431.0,18,0.0
2019-11-21 08:00:00,120.26,120.361,120.168,120.321,18249.0,18,0.0
2019-11-21 12:00:00,120.32,120.577,120.213,120.233,18227.0,18,0.0
2019-11-21 16:00:00,120.232,120.366,120.077,120.15,19551.0,18,0.0
2019-11-21 20:00:00,120.151,120.184,120.064,120.112,12179.0,18,0.0
2019-11-22 00:00:00,120.113,120.269,120.056,120.253,15660.0,18,0.0
2019-11-22 04:00:00,120.252,120.258,120.154,120.199,9284.0,18,0.0
2019-11-22 08:00:00,120.199,120.493,119.932,120.051,24402.0,18,0.0
2019-11-22 12:00:00,120.052,120.128,119.892,120.088,14863.0,19,0.0
2019-11-22 16:00:00,120.087,120.101,119.773,119.793,18866.0,17,0.0
2019-11-22 20:00:00,119.794,119.808,119.66,119.698,13303.0,19,0.0
2019-11-25 00:00:00,119.672,119.931,119.644,119.896,13147.0,19,0.0
2019-11-25 04:00:00,119.895,120.063,119.832,120.063,8100.0,19,0.0
2019-11-25 08:00:00,120.062,120.115,119.845,119.885,14724.0,19,0.0
2019-11-25 12:00:00,119.884,119.991,119.822,119.969,10861.0,19,0.0
2019-11-25 16:00:00,119.968,119.978,119.831,119.919,16740.0,18,0.0
2019-11-25 20:00:00,119.92,119.993,119.896,119.946,7117.0,18,0.0
2019-11-26 00:00:00,119.944,120.245,119.935,120.12,15653.0,18,0.0
2019-11-26 04:00:00,120.123,120.123,119.972,120.019,12586.0,19,0.0
2019-11-26 08:00:00,120.02,120.053,119.916,120.004,14292.0,19,0.0
2019-11-26 12:00:00,120.006,120.129,119.981,120.044,11997.0,19,0.0
2019-11-26 16:00:00,120.045,120.206,120.003,120.203,17888.0,18,0.0
2019-11-26 20:00:00,120.202,120.239,120.157,120.163,6619.0,14,0.0
2019-11-27 00:00:00,120.161,120.268,120.144,120.216,10381.0,19,0.0
2019-11-27 04:00:00,120.215,120.215,120.14,120.174,6123.0,19,0.0
2019-11-27 08:00:00,120.175,120.241,120.133,120.185,11682.0,18,0.0
2019-11-27 12:00:00,120.184,120.237,120.059,120.171,13419.0,19,0.0
2019-11-27 16:00:00,120.17,120.379,120.111,120.367,17818.0,19,0.0
2019-11-27 20:00:00,120.366,120.595,120.366,120.459,9165.0,18,0.0
2019-11-28 00:00:00,120.455,120.577,120.323,120.46,13108.0,19,0.0
2019-11-28 04:00:00,120.467,120.508,120.42,120.443,5187.0,18,0.0
2019-11-28 08:00:00,120.444,120.571,120.423,120.518,11910.0,19,0.0
2019-11-28 12:00:00,120.517,120.554,120.439,120.546,9525.0,19,0.0
2019-11-28 16:00:00,120.545,120.586,120.491,120.555,5337.0,19,0.0
2019-11-28 20:00:00,120.554,120.589,120.498,120.565,10870.0,18,0.0
2019-11-29 00:00:00,120.551,120.662,120.52,120.547,11036.0,19,0.0
2019-11-29 04:00:00,120.546,120.582,120.509,120.538,7407.0,19,0.0
2019-11-29 08:00:00,120.539,120.618,120.512,120.565,10071.0,17,0.0
2019-11-29 12:00:00,120.563,120.589,120.41,120.52,12120.0,18,0.0
2019-11-29 16:00:00,120.518,120.761,120.466,120.521,18591.0,18,0.0
2019-11-29 20:00:00,120.524,120.666,120.523,120.635,18054.0,17,0.0
2019-12-02 00:00:00,120.502,120.896,120.502,120.858,13496.0,19,0.0
2019-12-02 04:00:00,120.859,120.925,120.789,120.812,5919.0,19,0.0
2019-12-02 08:00:00,120.813,120.873,120.726,120.769,13170.0,19,0.0
2019-12-02 12:00:00,120.77,120.885,120.52,120.842,15568.0,20,0.0
2019-12-02 16:00:00,120.843,121.017,120.698,120.754,30112.0,19,0.0
2019-12-02 20:00:00,120.752,120.788,120.684,120.728,9817.0,19,0.0
2019-12-03 00:00:00,120.706,120.855,120.693,120.779,13142.0,19,0.0
2019-12-03 04:00:00,120.778,120.959,120.757,120.897,8575.0,20,0.0
2019-12-03 08:00:00,120.896,120.947,120.761,120.842,14695.0,19,0.0
2019-12-03 12:00:00,120.841,120.895,120.348,120.375,25533.0,20,0.0
2019-12-03 16:00:00,120.374,120.481,120.243,120.337,29224.0,19,0.0
2019-12-03 20:00:00,120.339,120.387,120.297,120.375,8217.0,19,0.0
2019-12-04 00:00:00,120.361,120.431,120.178,120.256,16813.0,20,0.0
2019-12-04 04:00:00,120.257,120.327,120.207,120.287,9063.0,20,0.0
2019-12-04 08:00:00,120.286,120.534,120.098,120.4,23300.0,19,0.0
2019-12-04 12:00:00,120.401,120.659,120.263,120.658,18936.0,19,0.0
2019-12-04 16:00:00,120.656,120.812,120.524,120.595,26843.0,20,0.0
2019-12-04 20:00:00,120.596,120.638,120.556,120.561,6801.0,20,0.0
2019-12-05 00:00:00,120.553,120.714,120.553,120.644,13381.0,19,0.0
2019-12-05 04:00:00,120.643,120.717,120.568,120.568,6747.0,20,0.0
2019-12-05 08:00:00,120.569,120.862,120.563,120.845,14186.0,19,0.0
2019-12-05 12:00:00,120.844,120.88,120.68,120.767,14216.0,20,0.0
2019-12-05 16:00:00,120.768,120.889,120.598,120.698,19479.0,20,0.0
2019-12-05 20:00:00,120.699,120.822,120.608,120.761,9362.0,20,0.0
2019-12-06 00:00:00,120.762,120.787,120.654,120.745,10916.0,20,0.0
2019-12-06 04:00:00,120.744,120.773,120.669,120.695,6146.0,20,0.0
2019-12-06 08:00:00,120.694,120.781,120.491,120.516,12636.0,19,0.0
2019-12-06 12:00:00,120.515,120.677,120.387,120.559,18058.0,11,0.0
2019-12-06 16:00:00,120.562,120.582,120.001,120.067,33697.0,20,0.0
2019-12-06 20:00:00,120.069,120.105,120.003,120.059,14505.0,20,0.0
2019-12-09 00:00:00,120.167,120.205,119.998,120.044,10185.0,18,0.0
2019-12-09 04:00:00,120.043,120.084,120.01,120.065,5591.0,20,0.0
2019-12-09 08:00:00,120.064,120.147,119.988,120.055,9812.0,19,0.0
2019-12-09 12:00:00,120.054,120.163,120.0,120.134,9391.0,18,0.0
2019-12-09 16:00:00,120.136,120.266,120.114,120.149,12093.0,20,0.0
2019-12-09 20:00:00,120.148,120.196,120.076,120.097,13845.0,20,0.0
2019-12-10 00:00:00,120.079,120.232,120.078,120.22,8293.0,19,0.0
2019-12-10 04:00:00,120.221,120.271,120.181,120.217,7060.0,19,0.0
2019-12-10 08:00:00,120.213,120.34,120.178,120.281,11006.0,19,0.0
2019-12-10 12:00:00,120.283,120.479,120.189,120.328,15766.0,20,0.0
2019-12-10 16:00:00,120.327,120.628,120.278,120.556,22476.0,19,0.0
2019-12-10 20:00:00,120.554,120.685,120.546,120.558,9271.0,20,0.0
2019-12-11 00:00:00,120.582,120.76,120.52,120.64,13295.0,20,0.0
2019-12-11 04:00:00,120.639,120.64,120.573,120.615,5692.0,20,0.0
2019-12-11 08:00:00,120.617,120.619,120.442,120.467,11702.0,20,0.0
2019-12-11 12:00:00,120.465,120.557,120.372,120.501,12931.0,20,0.0
2019-12-11 16:00:00,120.504,120.632,120.47,120.563,14225.0,20,0.0
2019-12-11 20:00:00,120.562,120.928,120.545,120.819,16600.0,19,0.0
2019-12-12 00:00:00,120.799,120.912,120.758,120.904,11284.0,19,0.0
2019-12-12 04:00:00,120.908,121.001,120.874,120.974,7407.0,20,0.0
2019-12-12 08:00:00,120.975,121.043,120.892,120.934,10713.0,19,0.0
2019-12-12 12:00:00,120.933,121.122,120.866,120.939,19483.0,16,0.0
2019-12-12 16:00:00,120.938,121.549,120.874,121.395,38432.0,20,0.0
2019-12-12 20:00:00,121.394,121.73,121.317,121.622,20169.0,19,0.0
2019-12-13 00:00:00,121.609,122.582,121.386,122.435,41076.0,19,0.0
2019-12-13 04:00:00,122.436,122.521,122.395,122.446,18571.0,20,0.0
2019-12-13 08:00:00,122.442,122.594,122.348,122.582,27123.0,19,0.0
2019-12-13 12:00:00,122.581,122.65,122.3,122.407,21981.0,19,0.0
2019-12-13 16:00:00,122.405,122.409,121.46,121.515,48146.0,20,0.0
2019-12-13 20:00:00,121.516,121.596,121.49,121.578,9195.0,20,0.0
2019-12-16 00:00:00,121.577,121.813,121.577,121.711,16401.0,21,0.0
2019-12-16 04:00:00,121.714,121.824,121.709,121.807,9072.0,20,0.0
2019-12-16 08:00:00,121.806,121.995,121.77,121.825,16387.0,20,0.0
2019-12-16 12:00:00,121.824,122.071,121.819,122.058,11029.0,21,0.0
2019-12-16 16:00:00,122.057,122.231,121.971,122.144,14548.0,21,0.0
2019-12-16 20:00:00,122.145,122.184,122.064,122.071,5529.0,21,0.0
2019-12-17 00:00:00,122.044,122.174,121.941,122.041,13304.0,21,0.0
2019-12-17 04:00:00,122.043,122.157,122.005,122.146,7986.0,21,0.0
2019-12-17 08:00:00,122.147,122.24,121.926,122.222,14321.0,21,0.0
2019-12-17 12:00:00,122.223,122.461,122.121,122.132,17319.0,21,0.0
2019-12-17 16:00:00,122.134,122.259,122.06,122.066,15412.0,21,0.0
2019-12-17 20:00:00,122.067,122.108,122.039,122.066,5606.0,21,0.0
2019-12-18 00:00:00,122.046,122.161,121.932,121.954,7244.0,21,0.0
2019-12-18 04:00:00,121.956,121.96,121.805,121.892,9484.0,20,0.0
2019-12-18 08:00:00,121.893,121.963,121.755,121.828,13453.0,20,0.0
2019-12-18 12:00:00,121.829,121.9,121.748,121.847,13990.0,21,0.0
2019-12-18 16:00:00,121.848,121.954,121.762,121.858,15356.0,19,0.0
2019-12-18 20:00:00,121.857,121.87,121.724,121.725,5454.0,20,0.0
2019-12-19 00:00:00,121.696,121.925,121.696,121.89,12713.0,21,0.0
2019-12-19 04:00:00,121.889,121.985,121.875,121.934,7031.0,21,0.0
2019-12-19 08:00:00,121.938,122.041,121.873,122.005,13444.0,21,0.0
2019-12-19 12:00:00,122.007,122.051,121.533,121.567,19562.0,21,0.0
2019-12-19 16:00:00,121.568,121.666,121.422,121.494,19493.0,21,0.0
2019-12-19 20:00:00,121.493,121.627,121.467,121.577,6094.0,20,0.0
2019-12-20 00:00:00,121.584,121.697,121.501,121.569,7797.0,20,0.0
2019-12-20 04:00:00,121.57,121.57,121.48,121.564,7738.0,20,0.0
2019-12-20 08:00:00,121.563,121.675,121.447,121.582,13126.0,20,0.0
2019-12-20 12:00:00,121.58,121.612,121.193,121.232,14908.0,20,0.0
2019-12-20 16:00:00,121.234,121.373,121.195,121.221,16174.0,20,0.0
2019-12-20 20:00:00,121.22,121.269,121.189,121.208,6215.0,20,0.0
2019-12-23 00:00:00,121.206,121.351,121.15,121.209,11529.0,19,0.0
2019-12-23 04:00:00,121.21,121.281,121.173,121.252,6623.0,20,0.0
2019-12-23 08:00:00,121.251,121.285,121.163,121.217,10976.0,20,0.0
2019-12-23 12:00:00,121.215,121.29,121.08,121.202,13797.0,20,0.0
2019-12-23 16:00:00,121.201,121.344,121.154,121.312,12820.0,21,0.0
2019-12-23 20:00:00,121.311,121.343,121.274,121.274,5232.0,20,0.0
2019-12-24 00:00:00,121.264,121.372,121.216,121.276,9417.0,20,0.0
2019-12-24 04:00:00,121.277,121.305,121.244,121.302,5993.0,20,0.0
2019-12-24 08:00:00,121.304,121.304,121.135,121.137,11783.0,19,0.0
2019-12-24 12:00:00,121.138,121.246,121.062,121.167,16937.0,21,0.0
2019-12-24 16:00:00,121.169,121.272,121.152,121.269,13126.0,20,0.0
2019-12-24 20:00:00,121.268,121.269,121.146,121.226,14014.0,21,0.0
2019-12-26 00:00:00,121.224,121.493,121.199,121.476,7488.0,20,0.0
2019-12-26 04:00:00,121.475,121.538,121.461,121.493,4606.0,20,0.0
2019-12-26 08:00:00,121.491,121.569,121.436,121.505,4493.0,20,0.0
2019-12-26 12:00:00,121.506,121.66,121.415,121.639,6151.0,20,0.0
2019-12-26 16:00:00,121.638,121.767,121.553,121.718,6081.0,20,0.0
2019-12-26 20:00:00,121.717,121.781,121.619,121.62,6290.0,20,0.0
2019-12-27 00:00:00,121.611,121.748,121.598,121.748,28806.0,21,0.0
2019-12-27 04:00:00,121.755,121.888,121.711,121.879,14107.0,20,0.0
2019-12-27 08:00:00,121.883,122.08,121.848,122.049,22761.0,19,0.0
2019-12-27 12:00:00,122.05,122.285,122.025,122.233,19848.0,19,0.0
2019-12-27 16:00:00,122.232,122.5,122.19,122.5,18158.0,20,0.0
2019-12-27 20:00:00,122.498,122.504,122.311,122.311,12255.0,20,0.0
2019-12-30 00:00:00,122.188,122.487,122.188,122.427,18144.0,20,0.0
2019-12-30 04:00:00,122.428,122.438,122.223,122.326,12973.0,20,0.0
2019-12-30 08:00:00,122.324,122.357,122.191,122.249,14760.0,20,0.0
2019-12-30 12:00:00,122.248,122.279,122.126,122.245,14134.0,20,0.0
2019-12-30 16:00:00,122.246,122.279,121.877,122.104,22773.0,20,0.0
2019-12-30 20:00:00,122.105,122.139,121.867,121.945,7117.0,20,0.0
2019-12-31 00:00:00,121.923,122.007,121.85,121.886,9425.0,20,0.0
2019-12-31 04:00:00,121.885,121.911,121.726,121.85,7987.0,20,0.0
2019-12-31 08:00:00,121.851,121.865,121.736,121.812,10719.0,20,0.0
2019-12-31 12:00:00,121.811,122.005,121.732,121.973,14823.0,20,0.0
2019-12-31 16:00:00,121.974,122.095,121.822,121.956,25455.0,21,0.0
2019-12-31 20:00:00,121.957,121.97,121.788,121.795,4682.0,20,0.0
2020-01-02 00:00:00,121.884,122.022,121.71,121.947,9291.0,25,0.0
2020-01-02 04:00:00,121.946,121.991,121.791,121.844,8823.0,24,0.0
2020-01-02 08:00:00,121.846,122.016,121.826,121.938,14020.0,24,0.0
2020-01-02 12:00:00,121.939,121.964,121.629,121.701,14348.0,24,0.0
2020-01-02 16:00:00,121.702,121.723,120.978,121.227,26917.0,25,0.0
2020-01-02 20:00:00,121.229,121.293,121.14,121.293,13823.0,24,0.0
2020-01-03 00:00:00,121.287,121.375,120.876,120.9,9662.0,24,0.0
2020-01-03 04:00:00,120.901,120.971,120.665,120.731,22911.0,25,0.0
2020-01-03 08:00:00,120.732,120.795,120.306,120.386,22515.0,25,0.0
2020-01-03 12:00:00,120.387,120.556,120.162,120.463,21343.0,25,0.0
2020-01-03 16:00:00,120.461,120.742,120.43,120.618,21340.0,24,0.0
2020-01-03 20:00:00,120.617,120.676,120.461,120.617,10732.0,25,0.0
2020-01-06 00:00:00,120.544,120.742,120.278,120.496,23904.0,25,0.0
2020-01-06 04:00:00,120.497,120.707,120.486,120.615,11494.0,24,0.0
2020-01-06 08:00:00,120.618,120.871,120.474,120.868,19222.0,25,0.0
2020-01-06 12:00:00,120.866,121.132,120.86,121.064,15800.0,25,0.0
2020-01-06 16:00:00,121.061,121.323,120.893,121.292,17261.0,24,0.0
2020-01-06 20:00:00,121.293,121.396,121.266,121.328,7517.0,24,0.0
2020-01-07 00:00:00,121.33,121.432,121.226,121.37,12042.0,25,0.0
2020-01-07 04:00:00,121.369,121.445,121.258,121.259,9870.0,23,0.0
2020-01-07 08:00:00,121.261,121.373,121.001,121.312,21730.0,19,0.0
2020-01-07 12:00:00,121.312,121.321,120.963,120.975,13045.0,19,0.0
2020-01-07 16:00:00,120.974,121.051,120.782,120.945,18851.0,20,0.0
2020-01-07 20:00:00,120.946,121.008,120.789,120.911,8056.0,20,0.0
2020-01-08 00:00:00,120.899,120.976,120.168,120.518,53176.0,20,0.0
2020-01-08 04:00:00,120.515,121.032,120.492,120.752,42306.0,19,0.0
2020-01-08 08:00:00,120.755,120.967,120.656,120.79,24471.0,19,0.0
2020-01-08 12:00:00,120.791,121.035,120.713,120.84,21999.0,20,0.0
2020-01-08 16:00:00,120.843,121.33,120.753,121.293,23806.0,20,0.0
2020-01-08 20:00:00,121.292,121.38,121.121,121.136,10574.0,20,0.0
2020-01-09 00:00:00,121.15,121.46,121.1,121.448,13727.0,19,0.0
2020-01-09 04:00:00,121.449,121.505,121.331,121.504,9094.0,19,0.0
2020-01-09 08:00:00,121.503,121.591,121.39,121.467,18298.0,20,0.0
2020-01-09 12:00:00,121.467,121.687,121.437,121.64,13779.0,20,0.0
2020-01-09 16:00:00,121.639,121.691,121.5,121.615,14522.0,20,0.0
2020-01-09 20:00:00,121.612,121.652,121.508,121.642,8180.0,19,0.0
2020-01-10 00:00:00,121.638,121.732,121.566,121.645,10955.0,19,0.0
2020-01-10 04:00:00,121.646,121.773,121.606,121.722,6754.0,19,0.0
2020-01-10 08:00:00,121.728,121.764,121.54,121.669,10109.0,19,0.0
2020-01-10 12:00:00,121.67,121.774,121.522,121.684,13817.0,18,0.0
2020-01-10 16:00:00,121.682,121.832,121.54,121.774,15747.0,19,0.0
2020-01-10 20:00:00,121.775,121.838,121.713,121.739,5928.0,19,0.0
2020-01-13 00:00:00,121.723,121.907,121.514,121.892,8467.0,17,0.0
2020-01-13 04:00:00,121.891,122.051,121.869,122.022,5527.0,19,0.0
2020-01-13 08:00:00,122.024,122.314,121.923,122.099,12536.0,19,0.0
2020-01-13 12:00:00,122.098,122.299,122.066,122.138,11303.0,19,0.0
2020-01-13 16:00:00,122.136,122.493,122.119,122.447,14894.0,19,0.0
2020-01-13 20:00:00,122.448,122.486,122.393,122.416,5653.0,19,0.0
2020-01-14 00:00:00,122.327,122.769,122.327,122.583,14936.0,19,0.0
2020-01-14 04:00:00,122.584,122.628,122.512,122.576,7949.0,19,0.0
2020-01-14 08:00:00,122.577,122.73,122.387,122.469,13788.0,20,0.0
2020-01-14 12:00:00,122.47,122.546,122.187,122.219,14395.0,19,0.0
2020-01-14 16:00:00,122.218,122.574,122.198,122.548,16423.0,20,0.0
2020-01-14 20:00:00,122.546,122.579,122.311,122.364,13034.0,19,0.0
2020-01-15 00:00:00,122.351,122.412,122.2,122.37,9874.0,19,0.0
2020-01-15 04:00:00,122.379,122.396,122.284,122.384,8645.0,20,0.0
2020-01-15 08:00:00,122.383,122.426,122.21,122.267,10678.0,18,0.0
2020-01-15 12:00:00,122.268,122.543,122.223,122.453,12961.0,16,0.0
2020-01-15 16:00:00,122.453,122.721,122.435,122.608,15801.0,16,0.0
2020-01-15 20:00:00,122.609,122.628,122.481,122.521,8018.0,16,0.0
2020-01-16 00:00:00,122.518,122.726,122.483,122.611,9029.0,16,0.0
2020-01-16 04:00:00,122.612,122.638,122.574,122.587,5308.0,16,0.0
2020-01-16 08:00:00,122.588,122.855,122.529,122.689,10964.0,16,0.0
2020-01-16 12:00:00,122.69,122.874,122.651,122.68,13238.0,16,0.0
2020-01-16 16:00:00,122.681,122.836,122.507,122.647,15997.0,16,0.0
2020-01-16 20:00:00,122.648,122.699,122.596,122.67,5365.0,16,0.0
2020-01-17 00:00:00,122.67,122.842,122.644,122.712,11191.0,16,0.0
2020-01-17 04:00:00,122.716,122.79,122.655,122.719,6915.0,16,0.0
2020-01-17 08:00:00,122.721,122.83,122.561,122.602,10354.0,16,0.0
2020-01-17 12:00:00,122.603,122.613,122.298,122.316,12445.0,16,0.0
2020-01-17 16:00:00,122.315,122.368,122.122,122.159,14832.0,16,0.0
2020-01-17 20:00:00,122.158,122.211,122.123,122.138,5446.0,16,0.0
2020-01-20 00:00:00,122.129,122.316,122.085,122.264,9007.0,17,0.0
2020-01-20 04:00:00,122.263,122.295,122.231,122.277,5312.0,16,0.0
2020-01-20 08:00:00,122.278,122.318,122.09,122.17,9843.0,16,0.0
2020-01-20 12:00:00,122.169,122.177,122.085,122.122,6147.0,17,0.0
2020-01-20 16:00:00,122.121,122.15,122.034,122.119,5545.0,16,0.0
2020-01-20 20:00:00,122.118,122.267,122.104,122.247,6723.0,17,0.0
2020-01-21 00:00:00,122.235,122.271,121.896,121.938,14913.0,15,0.0
2020-01-21 04:00:00,121.943,122.098,121.906,121.979,10366.0,16,0.0
2020-01-21 08:00:00,121.983,122.068,121.867,121.952,15104.0,17,0.0
2020-01-21 12:00:00,121.953,122.351,121.942,122.318,13607.0,17,0.0
2020-01-21 16:00:00,122.32,122.371,121.893,121.921,14422.0,17,0.0
2020-01-21 20:00:00,121.922,121.938,121.715,121.74,11138.0,17,0.0
2020-01-22 00:00:00,121.742,121.88,121.718,121.791,12571.0,17,0.0
2020-01-22 04:00:00,121.79,121.987,121.783,121.976,10791.0,17,0.0
2020-01-22 08:00:00,121.977,122.015,121.788,121.957,12229.0,17,0.0
2020-01-22 12:00:00,121.958,122.009,121.811,121.934,12394.0,17,0.0
2020-01-22 16:00:00,121.933,121.993,121.613,121.796,15982.0,17,0.0
2020-01-22 20:00:00,121.797,121.894,121.785,121.843,6503.0,16,0.0
2020-01-23 00:00:00,121.838,121.877,121.513,121.588,13053.0,16,0.0
2020-01-23 04:00:00,121.59,121.636,121.426,121.449,9101.0,16,0.0
2020-01-23 08:00:00,121.448,121.572,121.34,121.405,13205.0,17,0.0
2020-01-23 12:00:00,121.406,121.74,121.378,121.428,14604.0,16,0.0
2020-01-23 16:00:00,121.428,121.486,120.63,120.845,24455.0,17,0.0
2020-01-23 20:00:00,120.849,121.089,120.844,121.023,9012.0,16,0.0
2020-01-24 00:00:00,121.016,121.131,120.968,121.005,7040.0,15,0.0
2020-01-24 04:00:00,121.004,121.052,120.947,121.034,5328.0,16,0.0
2020-01-24 08:00:00,121.027,121.261,120.884,120.917,13810.0,16,0.0
2020-01-24 12:00:00,120.918,120.978,120.83,120.912,10762.0,17,0.0
2020-01-24 16:00:00,120.913,120.92,120.413,120.546,19390.0,16,0.0
2020-01-24 20:00:00,120.543,120.552,120.416,120.475,13917.0,17,0.0
2020-01-27 00:00:00,120.124,120.289,119.929,120.236,27289.0,17,0.0
2020-01-27 04:00:00,120.237,120.335,120.079,120.279,9801.0,17,0.0
2020-01-27 08:00:00,120.281,120.396,119.915,120.005,16820.0,17,0.0
2020-01-27 12:00:00,120.004,120.281,119.961,120.22,15287.0,17,0.0
2020-01-27 16:00:00,120.219,120.238,119.9,120.069,21732.0,17,0.0
2020-01-27 20:00:00,120.071,120.119,119.954,119.98,10490.0,17,0.0
2020-01-28 00:00:00,119.98,120.168,119.907,120.142,10837.0,16,0.0
2020-01-28 04:00:00,120.143,120.183,120.052,120.162,7890.0,17,0.0
2020-01-28 08:00:00,120.165,120.203,119.803,119.886,16141.0,17,0.0
2020-01-28 12:00:00,119.883,120.075,119.81,119.985,14942.0,17,0.0
2020-01-28 16:00:00,119.985,120.212,119.835,120.136,16843.0,17,0.0
2020-01-28 20:00:00,120.138,120.329,120.125,120.297,7823.0,17,0.0
2020-01-29 00:00:00,120.26,120.422,120.212,120.294,13275.0,16,0.0
2020-01-29 04:00:00,120.295,120.323,120.168,120.201,7317.0,16,0.0
2020-01-29 08:00:00,120.199,120.221,119.927,119.949,12111.0,16,0.0
2020-01-29 12:00:00,119.95,120.064,119.931,119.976,9945.0,17,0.0
2020-01-29 16:00:00,119.975,120.129,119.884,120.115,15496.0,17,0.0
2020-01-29 20:00:00,120.116,120.232,119.974,119.99,12853.0,16,0.0
2020-01-30 00:00:00,119.977,120.113,119.935,119.957,13645.0,17,0.0
2020-01-30 04:00:00,119.959,119.997,119.879,119.954,12033.0,16,0.0
2020-01-30 08:00:00,119.955,120.076,119.793,119.993,16113.0,17,0.0
2020-01-30 12:00:00,119.994,120.111,119.889,120.059,16263.0,17,0.0
2020-01-30 16:00:00,120.06,120.109,119.768,119.87,22491.0,17,0.0
2020-01-30 20:00:00,119.87,120.243,119.84,120.178,20205.0,17,0.0
2020-01-31 00:00:00,120.176,120.401,120.07,120.272,13721.0,17,0.0
2020-01-31 04:00:00,120.271,120.379,120.194,120.211,10234.0,16,0.0
2020-01-31 08:00:00,120.199,120.272,120.121,120.172,11896.0,16,0.0
2020-01-31 12:00:00,120.17,120.382,120.077,120.332,15339.0,17,0.0
2020-01-31 16:00:00,120.333,120.367,120.021,120.16,29454.0,17,0.0
2020-01-31 20:00:00,120.158,120.229,120.019,120.183,18711.0,17,0.0
2020-02-03 00:00:00,120.262,120.329,120.031,120.315,21576.0,17,0.0
2020-02-03 04:00:00,120.316,120.32,120.196,120.289,14174.0,17,0.0
2020-02-03 08:00:00,120.29,120.373,120.058,120.142,17212.0,17,0.0
2020-02-03 12:00:00,120.14,120.152,119.957,120.071,12180.0,17,0.0
2020-02-03 16:00:00,120.074,120.237,119.913,120.163,21546.0,16,0.0
2020-02-03 20:00:00,120.164,120.262,120.129,120.156,9379.0,17,0.0
2020-02-04 00:00:00,120.156,120.243,120.06,120.22,11911.0,17,0.0
2020-02-04 04:00:00,120.219,120.386,120.087,120.33,13401.0,16,0.0
2020-02-04 08:00:00,120.329,120.674,120.257,120.598,16596.0,16,0.0
2020-02-04 12:00:00,120.599,120.629,120.456,120.584,12974.0,17,0.0
2020-02-04 16:00:00,120.585,120.886,120.531,120.809,16904.0,17,0.0
2020-02-04 20:00:00,120.809,120.981,120.805,120.959,7767.0,16,0.0
2020-02-05 00:00:00,120.961,120.961,120.764,120.875,13142.0,17,0.0
2020-02-05 04:00:00,120.875,120.887,120.72,120.788,10762.0,16,0.0
2020-02-05 08:00:00,120.787,121.148,120.652,120.951,20345.0,17,0.0
2020-02-05 12:00:00,120.951,120.99,120.734,120.884,16923.0,16,0.0
2020-02-05 16:00:00,120.887,120.894,120.664,120.75,21556.0,16,0.0
2020-02-05 20:00:00,120.749,120.813,120.696,120.774,7254.0,16,0.0
2020-02-06 00:00:00,120.763,120.882,120.682,120.793,13639.0,17,0.0
2020-02-06 04:00:00,120.794,120.942,120.791,120.897,15300.0,17,0.0
2020-02-06 08:00:00,120.893,121.019,120.771,120.823,15883.0,15,0.0
2020-02-06 12:00:00,120.823,120.946,120.783,120.889,11050.0,16,0.0
2020-02-06 16:00:00,120.888,120.905,120.564,120.693,18940.0,17,0.0
2020-02-06 20:00:00,120.692,120.805,120.666,120.802,6554.0,16,0.0
2020-02-07 00:00:00,120.787,120.803,120.584,120.725,11090.0,16,0.0
2020-02-07 04:00:00,120.724,120.757,120.654,120.666,9369.0,16,0.0
2020-02-07 08:00:00,120.671,120.758,120.256,120.263,14781.0,16,0.0
2020-02-07 12:00:00,120.264,120.551,120.123,120.295,16734.0,15,0.0
2020-02-07 16:00:00,120.296,120.384,120.12,120.163,20927.0,16,0.0
2020-02-07 20:00:00,120.161,120.241,120.086,120.111,11974.0,17,0.0
2020-02-10 00:00:00,120.01,120.248,119.969,120.221,17402.0,16,0.0
2020-02-10 04:00:00,120.222,120.336,120.206,120.27,11302.0,16,0.0
2020-02-10 08:00:00,120.265,120.333,120.124,120.153,13649.0,17,0.0
2020-02-10 12:00:00,120.151,120.259,119.947,119.98,12479.0,17,0.0
2020-02-10 16:00:00,119.979,120.013,119.675,119.676,16507.0,15,0.0
2020-02-10 20:00:00,119.678,119.782,119.676,119.747,7862.0,17,0.0
2020-02-11 00:00:00,119.735,119.899,119.711,119.884,13026.0,16,0.0
2020-02-11 04:00:00,119.885,119.963,119.848,119.92,8463.0,16,0.0
2020-02-11 08:00:00,119.918,120.005,119.812,119.899,13408.0,16,0.0
2020-02-11 12:00:00,119.895,119.981,119.589,119.696,12657.0,15,0.0
2020-02-11 16:00:00,119.696,120.02,119.683,119.935,20242.0,17,0.0
2020-02-11 20:00:00,119.934,119.936,119.825,119.828,7991.0,16,0.0
2020-02-12 00:00:00,119.828,119.964,119.815,119.958,13007.0,17,0.0
2020-02-12 04:00:00,119.959,119.988,119.834,119.859,8855.0,17,0.0
2020-02-12 08:00:00,119.861,120.299,119.762,120.106,16886.0,17,0.0
2020-02-12 12:00:00,120.111,120.166,119.931,119.933,11167.0,16,0.0
2020-02-12 16:00:00,119.934,120.03,119.658,119.706,18190.0,17,0.0
2020-02-12 20:00:00,119.705,119.727,119.609,119.696,8496.0,16,0.0
2020-02-13 00:00:00,119.68,119.719,119.398,119.541,21109.0,17,0.0
2020-02-13 04:00:00,119.542,119.574,119.374,119.398,10680.0,16,0.0
2020-02-13 08:00:00,119.394,119.545,119.336,119.421,14946.0,16,0.0
2020-02-13 12:00:00,119.42,119.434,119.048,119.127,17394.0,16,0.0
2020-02-13 16:00:00,119.131,119.264,118.865,119.009,19154.0,16,0.0
2020-02-13 20:00:00,119.01,119.091,118.982,119.032,8620.0,16,0.0
2020-02-14 00:00:00,119.013,119.077,118.86,118.99,13238.0,16,0.0
2020-02-14 04:00:00,118.989,119.096,118.917,118.983,9824.0,16,0.0
2020-02-14 08:00:00,118.984,119.13,118.901,119.076,12226.0,17,0.0
2020-02-14 12:00:00,119.076,119.212,118.949,119.158,10685.0,16,0.0
2020-02-14 16:00:00,119.161,119.223,118.884,118.982,12261.0,17,0.0
2020-02-14 20:00:00,118.983,119.019,118.871,118.896,5655.0,15,0.0
2020-02-17 00:00:00,118.95,119.068,118.9,119.019,11402.0,16,0.0
2020-02-17 04:00:00,119.02,119.074,118.999,119.057,5771.0,16,0.0
2020-02-17 08:00:00,119.059,119.167,119.0,119.141,7314.0,16,0.0
2020-02-17 12:00:00,119.142,119.188,119.008,119.055,7380.0,15,0.0
2020-02-17 16:00:00,119.055,119.154,119.033,119.069,6200.0,16,0.0
2020-02-17 20:00:00,119.067,119.117,119.018,119.034,5153.0,17,0.0
2020-02-18 00:00:00,119.034,119.065,118.775,118.853,13121.0,16,0.0
2020-02-18 04:00:00,118.852,118.888,118.728,118.872,11794.0,17,0.0
2020-02-18 08:00:00,118.874,118.962,118.764,118.781,14098.0,17,0.0
2020-02-18 12:00:00,118.782,118.909,118.488,118.58,15282.0,17,0.0
2020-02-18 16:00:00,118.583,118.877,118.455,118.702,18915.0,17,0.0
2020-02-18 20:00:00,118.702,118.715,118.55,118.554,7084.0,17,0.0
2020-02-19 00:00:00,118.555,118.812,118.555,118.784,13573.0,17,0.0
2020-02-19 04:00:00,118.785,118.94,118.758,118.802,9717.0,17,0.0
2020-02-19 08:00:00,118.801,119.117,118.725,119.085,12735.0,17,0.0
2020-02-19 12:00:00,119.083,119.58,119.059,119.431,12212.0,17,0.0
2020-02-19 16:00:00,119.432,120.127,119.405,120.062,17353.0,17,0.0
2020-02-19 20:00:00,120.061,120.496,120.037,120.311,11990.0,17,0.0
2020-02-20 00:00:00,120.315,120.37,120.093,120.155,14498.0,17,0.0
2020-02-20 04:00:00,120.155,120.41,120.115,120.276,13017.0,17,0.0
2020-02-20 08:00:00,120.275,120.974,120.257,120.937,16993.0,16,0.0
2020-02-20 12:00:00,120.937,121.093,120.748,121.019,15763.0,17,0.0
2020-02-20 16:00:00,121.02,121.394,120.51,120.91,20803.0,17,0.0
2020-02-20 20:00:00,120.91,120.995,120.873,120.888,8810.0,16,0.0
2020-02-21 00:00:00,120.87,121.031,120.781,120.895,15984.0,17,0.0
2020-02-21 04:00:00,120.894,120.926,120.767,120.836,8058.0,17,0.0
2020-02-21 08:00:00,120.839,120.899,120.353,120.755,17141.0,17,0.0
2020-02-21 12:00:00,120.753,121.031,120.663,120.9,12185.0,17,0.0
2020-02-21 16:00:00,120.9,121.35,120.85,121.241,20232.0,17,0.0
2020-02-21 20:00:00,121.242,121.285,121.011,121.026,8464.0,17,0.0
2020-02-24 00:00:00,120.326,121.069,120.31,120.83,20308.0,17,0.0
2020-02-24 04:00:00,120.83,120.841,120.604,120.668,11918.0,16,0.0
2020-02-24 08:00:00,120.668,120.738,120.34,120.391,23344.0,17,0.0
2020-02-24 12:00:00,120.387,120.588,120.303,120.37,17797.0,17,0.0
2020-02-24 16:00:00,120.372,120.375,119.894,119.981,30093.0,17,0.0
2020-02-24 20:00:00,119.982,120.241,119.926,120.149,16214.0,17,0.0
2020-02-25 00:00:00,120.142,120.534,120.032,120.465,23352.0,17,0.0
2020-02-25 04:00:00,120.464,120.508,120.229,120.234,15396.0,17,0.0
2020-02-25 08:00:00,120.233,120.362,119.758,119.77,24377.0,17,0.0
2020-02-25 12:00:00,119.769,119.964,119.587,119.897,19939.0,17,0.0
2020-02-25 16:00:00,119.898,119.923,119.405,119.737,33598.0,17,0.0
2020-02-25 20:00:00,119.737,119.925,119.579,119.9,28126.0,15,0.0
2020-02-26 00:00:00,119.905,120.043,119.747,119.853,18680.0,17,0.0
2020-02-26 04:00:00,119.854,120.182,119.795,120.043,24055.0,17,0.0
2020-02-26 08:00:00,120.04,120.236,119.939,120.103,29148.0,17,0.0
2020-02-26 12:00:00,120.103,120.582,119.924,120.024,29085.0,17,0.0
2020-02-26 16:00:00,120.024,120.363,119.979,120.157,27280.0,17,0.0
2020-02-26 20:00:00,120.159,120.228,119.959,120.128,24586.0,17,0.0
2020-02-27 00:00:00,120.116,120.371,120.066,120.28,22612.0,17,0.0
2020-02-27 04:00:00,120.28,120.363,120.001,120.036,23635.0,17,0.0
2020-02-27 08:00:00,120.03,120.528,119.946,120.465,31681.0,17,0.0
2020-02-27 12:00:00,120.465,120.63,120.241,120.603,27201.0,17,0.0
2020-02-27 16:00:00,120.6,121.038,120.486,120.967,44168.0,17,0.0
2020-02-27 20:00:00,120.966,121.02,120.497,120.547,30574.0,17,0.0
2020-02-28 00:00:00,120.466,120.66,120.149,120.218,23694.0,17,0.0
2020-02-28 04:00:00,120.216,120.242,119.692,119.757,31862.0,17,0.0
2020-02-28 08:00:00,119.774,120.104,119.627,120.026,41948.0,17,0.0
2020-02-28 12:00:00,120.026,120.064,119.128,119.225,32671.0,17,0.0
2020-02-28 16:00:00,119.225,119.374,118.371,118.982,57052.0,17,0.0
2020-02-28 20:00:00,118.982,119.283,118.67,119.164,43826.0,17,0.0
2020-03-02 00:00:00,118.615,119.455,118.606,119.306,24664.0,17,0.0
2020-03-02 04:00:00,119.306,119.836,119.211,119.556,19535.0,17,0.0
2020-03-02 08:00:00,119.554,120.246,119.339,119.477,33421.0,17,0.0
2020-03-02 12:00:00,119.479,120.1,119.253,119.759,32737.0,17,0.0
2020-03-02 16:00:00,119.76,120.705,119.568,120.464,47022.0,17,0.0
2020-03-02 20:00:00,120.467,120.746,120.326,120.575,23695.0,17,0.0
2020-03-03 00:00:00,120.559,120.95,120.228,120.323,15386.0,17,0.0
2020-03-03 04:00:00,120.335,120.471,119.995,120.102,16555.0,17,0.0
2020-03-03 08:00:00,120.093,120.304,119.818,120.141,25199.0,17,0.0
2020-03-03 12:00:00,120.131,120.193,119.628,119.805,28072.0,17,0.0
2020-03-03 16:00:00,119.805,120.494,119.527,119.771,60770.0,17,0.0
2020-03-03 20:00:00,119.769,119.974,119.612,119.63,40406.0,17,0.0
2020-03-04 00:00:00,119.603,120.104,119.46,119.817,22970.0,17,0.0
2020-03-04 04:00:00,119.817,119.988,119.689,119.821,12946.0,17,0.0
2020-03-04 08:00:00,119.821,120.126,119.762,119.842,25369.0,17,0.0
2020-03-04 12:00:00,119.841,120.078,119.474,119.568,23655.0,17,0.0
2020-03-04 16:00:00,119.567,119.63,119.021,119.492,38070.0,17,0.0
2020-03-04 20:00:00,119.492,119.757,119.489,119.74,17899.0,17,0.0
2020-03-05 00:00:00,119.734,119.997,119.569,119.666,12567.0,17,0.0
2020-03-05 04:00:00,119.668,119.677,119.479,119.561,7223.0,17,0.0
2020-03-05 08:00:00,119.562,119.585,119.181,119.491,20788.0,17,0.0
2020-03-05 12:00:00,119.491,119.751,119.329,119.506,14941.0,17,0.0
2020-03-05 16:00:00,119.506,119.672,119.097,119.161,32082.0,17,0.0
2020-03-05 20:00:00,119.163,119.354,118.994,119.315,24166.0,17,0.0
2020-03-06 00:00:00,119.308,119.308,119.059,119.151,15275.0,17,0.0
2020-03-06 04:00:00,119.15,119.201,118.802,118.82,16219.0,17,0.0
2020-03-06 08:00:00,118.826,119.294,118.711,118.773,31758.0,17,0.0
2020-03-06 12:00:00,118.778,119.341,118.703,119.211,42964.0,17,0.0
2020-03-06 16:00:00,119.209,119.428,119.017,119.24,49326.0,17,0.0
2020-03-06 20:00:00,119.238,119.365,118.833,118.847,27321.0,17,0.0
2020-03-09 00:00:00,118.494,118.674,116.316,116.843,45262.0,17,0.0
2020-03-09 04:00:00,116.844,117.411,116.388,116.771,64216.0,17,0.0
2020-03-09 08:00:00,116.766,117.247,116.57,116.779,58538.0,17,0.0
2020-03-09 12:00:00,116.776,117.212,116.114,116.799,46536.0,17,0.0
2020-03-09 16:00:00,116.799,117.277,116.627,117.107,59789.0,17,0.0
2020-03-09 20:00:00,117.107,117.349,116.853,117.086,37523.0,17,0.0
2020-03-10 00:00:00,117.073,118.002,116.802,117.823,38259.0,17,0.0
2020-03-10 04:00:00,117.823,119.243,117.579,118.757,38440.0,17,0.0
2020-03-10 08:00:00,118.739,118.955,118.069,118.754,52927.0,17,0.0
2020-03-10 12:00:00,118.754,119.342,118.25,118.807,46952.0,17,0.0
2020-03-10 16:00:00,118.809,118.867,117.47,118.117,63273.0,17,0.0
2020-03-10 20:00:00,118.118,119.482,118.053,118.842,38160.0,17,0.0
2020-03-11 00:00:00,118.83,118.995,118.544,118.632,23395.0,17,0.0
2020-03-11 04:00:00,118.632,118.868,118.108,118.22,22224.0,17,0.0
2020-03-11 08:00:00,118.219,119.221,118.216,118.739,47547.0,17,0.0
2020-03-11 12:00:00,118.74,119.022,118.368,118.684,38732.0,17,0.0
2020-03-11 16:00:00,118.686,118.707,117.984,118.198,45893.0,17,0.0
2020-03-11 20:00:00,118.198,118.257,117.441,117.576,29624.0,17,0.0
2020-03-12 00:00:00,117.576,118.017,117.085,117.145,40590.0,17,0.0
2020-03-12 04:00:00,117.144,117.692,116.79,117.26,45110.0,17,0.0
2020-03-12 08:00:00,117.258,117.402,116.513,116.768,40843.0,17,0.0
2020-03-12 12:00:00,116.766,117.695,116.304,117.695,53007.0,17,0.0
2020-03-12 16:00:00,117.693,118.331,116.485,117.873,92401.0,17,0.0
2020-03-12 20:00:00,117.87,118.076,116.841,117.056,46500.0,17,0.0
2020-03-13 00:00:00,117.014,117.585,116.884,117.493,43520.0,17,0.0
2020-03-13 04:00:00,117.492,118.859,117.323,118.287,58544.0,17,0.0
2020-03-13 08:00:00,118.285,118.737,117.94,118.642,56466.0,17,0.0
2020-03-13 12:00:00,118.647,119.778,118.512,118.813,54305.0,17,0.0
2020-03-13 16:00:00,118.806,119.841,118.451,119.294,95073.0,17,0.0
2020-03-13 20:00:00,119.297,120.318,119.063,119.879,41548.0,17,0.0
2020-03-16 00:00:00,119.839,119.848,118.086,119.136,53954.0,17,0.0
2020-03-16 04:00:00,119.142,119.413,118.272,118.359,35937.0,17,0.0
2020-03-16 08:00:00,118.353,119.335,118.221,118.564,67692.0,17,0.0
2020-03-16 12:00:00,118.565,118.577,117.13,117.917,80280.0,17,0.0
2020-03-16 16:00:00,117.91,118.492,117.583,118.23,80491.0,17,0.0
2020-03-16 20:00:00,118.23,118.76,118.161,118.337,46454.0,17,0.0
2020-03-17 00:00:00,118.335,119.682,118.281,119.17,64259.0,17,0.0
2020-03-17 04:00:00,119.165,119.244,118.712,118.86,77477.0,17,0.0
2020-03-17 08:00:00,118.861,119.216,118.077,118.214,78724.0,17,0.0
2020-03-17 12:00:00,118.22,118.419,117.347,117.486,75165.0,17,0.0
2020-03-17 16:00:00,117.486,118.19,117.288,118.001,92517.0,17,0.0
2020-03-17 20:00:00,118.0,118.654,117.978,118.443,33382.0,17,0.0
2020-03-18 00:00:00,118.452,118.518,117.873,118.026,54592.0,17,0.0
2020-03-18 04:00:00,118.022,118.366,117.952,118.19,37250.0,17,0.0
2020-03-18 08:00:00,118.198,118.406,117.638,118.013,78612.0,17,0.0
2020-03-18 12:00:00,118.014,118.179,117.584,117.784,70376.0,17,0.0
2020-03-18 16:00:00,117.788,117.855,116.889,117.65,98673.0,17,0.0
2020-03-18 20:00:00,117.65,118.011,117.271,117.825,60437.0,17,0.0
2020-03-19 00:00:00,117.822,118.914,117.803,118.681,59614.0,17,0.0
2020-03-19 04:00:00,118.679,119.322,118.586,118.65,66978.0,17,0.0
2020-03-19 08:00:00,118.638,119.073,117.878,118.13,78697.0,17,0.0
2020-03-19 12:00:00,118.136,118.887,117.893,118.835,83503.0,17,0.0
2020-03-19 16:00:00,118.837,119.022,117.398,117.924,84310.0,17,0.0
2020-03-19 20:00:00,117.924,118.559,117.754,118.288,57032.0,17,0.0
2020-03-20 00:00:00,118.208,118.752,117.98,118.343,48372.0,17,0.0
2020-03-20 04:00:00,118.339,118.541,118.006,118.309,81877.0,17,0.0
2020-03-20 08:00:00,118.295,118.59,118.045,118.202,95791.0,17,0.0
2020-03-20 12:00:00,118.203,118.663,117.841,118.63,73412.0,17,0.0
2020-03-20 16:00:00,118.63,119.292,118.29,118.342,97749.0,17,0.0
2020-03-20 20:00:00,118.345,118.867,118.28,118.514,78613.0,17,0.0
2020-03-23 00:00:00,118.524,118.579,117.887,118.294,63367.0,17,0.0
2020-03-23 04:00:00,118.285,118.285,117.96,118.135,58106.0,17,0.0
2020-03-23 08:00:00,118.136,118.393,117.722,118.041,63256.0,17,0.0
2020-03-23 12:00:00,118.037,119.466,118.002,119.372,75581.0,17,0.0
2020-03-23 16:00:00,119.373,119.934,119.181,119.578,80389.0,17,0.0
2020-03-23 20:00:00,119.578,119.853,119.161,119.263,38921.0,17,0.0
2020-03-24 00:00:00,119.284,119.577,119.085,119.11,55396.0,17,0.0
2020-03-24 04:00:00,119.109,119.366,118.808,118.988,38252.0,17,0.0
2020-03-24 08:00:00,118.991,120.148,118.936,119.848,46306.0,17,0.0
2020-03-24 12:00:00,119.848,120.511,119.762,120.202,57046.0,17,0.0
2020-03-24 16:00:00,120.202,120.537,119.843,119.893,67405.0,17,0.0
2020-03-24 20:00:00,119.892,120.248,119.736,120.023,38989.0,17,0.0
2020-03-25 00:00:00,120.026,120.326,119.509,119.755,37598.0,17,0.0
2020-03-25 04:00:00,119.759,120.467,119.697,120.291,39750.0,17,0.0
2020-03-25 08:00:00,120.311,120.894,120.222,120.809,55250.0,17,0.0
2020-03-25 12:00:00,120.811,120.834,120.107,120.505,56391.0,17,0.0
2020-03-25 16:00:00,120.501,121.031,120.33,120.725,56617.0,17,0.0
2020-03-25 20:00:00,120.723,121.143,120.687,120.959,28251.0,17,0.0
2020-03-26 00:00:00,120.959,121.076,120.499,120.677,37512.0,17,0.0
2020-03-26 04:00:00,120.682,120.979,120.512,120.672,32217.0,17,0.0
2020-03-26 08:00:00,120.68,120.813,120.146,120.457,43404.0,17,0.0
2020-03-26 12:00:00,120.457,120.538,119.95,120.355,54021.0,17,0.0
2020-03-26 16:00:00,120.355,120.993,120.236,120.718,45100.0,17,0.0
2020-03-26 20:00:00,120.718,120.992,120.517,120.682,29040.0,17,0.0
2020-03-27 00:00:00,120.7,120.816,119.812,119.859,28606.0,17,0.0
2020-03-27 04:00:00,119.859,120.2,119.611,120.082,28336.0,17,0.0
2020-03-27 08:00:00,120.077,120.118,119.712,119.748,42015.0,17,0.0
2020-03-27 12:00:00,119.748,119.859,119.066,119.127,41869.0,17,0.0
2020-03-27 16:00:00,119.127,119.94,118.798,119.856,51707.0,17,0.0
2020-03-27 20:00:00,119.854,120.347,119.612,120.228,30111.0,17,0.0
2020-03-30 00:00:00,119.687,120.003,119.361,119.39,22422.0,17,0.0
2020-03-30 04:00:00,119.392,119.476,118.851,119.236,25939.0,17,0.0
2020-03-30 08:00:00,119.23,119.853,119.192,119.375,33681.0,17,0.0
2020-03-30 12:00:00,119.372,119.54,119.106,119.26,27596.0,17,0.0
2020-03-30 16:00:00,119.26,119.313,118.791,118.911,40897.0,17,0.0
2020-03-30 20:00:00,118.914,119.258,118.845,119.017,18849.0,17,0.0
2020-03-31 00:00:00,119.046,119.655,118.888,119.525,19935.0,17,0.0
2020-03-31 04:00:00,119.522,119.704,119.2,119.258,28672.0,17,0.0
2020-03-31 08:00:00,119.258,119.389,119.035,119.127,28304.0,17,0.0
2020-03-31 12:00:00,119.127,119.152,118.657,118.939,31233.0,17,0.0
2020-03-31 16:00:00,118.939,119.007,118.22,118.24,54022.0,17,0.0
2020-03-31 20:00:00,118.239,118.703,118.189,118.628,24646.0,17,0.0
2020-04-01 00:00:00,118.631,118.785,118.288,118.574,15855.0,17,0.0
2020-04-01 04:00:00,118.577,118.871,118.497,118.714,21185.0,17,0.0
2020-04-01 08:00:00,118.714,118.793,117.709,117.749,33131.0,17,0.0
2020-04-01 12:00:00,117.75,117.767,117.286,117.371,23452.0,17,0.0
2020-04-01 16:00:00,117.372,117.418,116.945,116.986,29840.0,17,0.0
2020-04-01 20:00:00,116.983,117.561,116.941,117.474,20519.0,17,0.0
2020-04-02 00:00:00,117.446,117.584,117.211,117.538,14870.0,17,0.0
2020-04-02 04:00:00,117.538,117.712,117.453,117.622,16428.0,17,0.0
2020-04-02 08:00:00,117.622,117.622,117.136,117.166,22551.0,17,0.0
2020-04-02 12:00:00,117.166,117.436,116.57,116.612,24948.0,17,0.0
2020-04-02 16:00:00,116.612,117.48,116.342,117.047,45681.0,17,0.0
2020-04-02 20:00:00,117.048,117.205,116.741,117.12,23859.0,17,0.0
2020-04-03 00:00:00,117.008,117.381,116.966,117.167,13841.0,17,0.0
2020-04-03 04:00:00,117.164,117.259,116.976,117.083,14937.0,17,0.0
2020-04-03 08:00:00,117.081,117.09,116.724,116.903,22031.0,17,0.0
2020-04-03 12:00:00,116.898,117.346,116.89,117.017,27835.0,17,0.0
2020-04-03 16:00:00,117.017,117.235,116.875,117.016,27851.0,17,0.0
2020-04-03 20:00:00,117.022,117.307,116.969,117.237,16162.0,17,0.0
2020-04-06 00:00:00,117.156,117.964,117.119,117.808,19416.0,17,0.0
2020-04-06 04:00:00,117.809,117.939,117.633,117.804,18075.0,17,0.0
2020-04-06 08:00:00,117.798,118.301,117.743,117.843,24245.0,17,0.0
2020-04-06 12:00:00,117.844,118.143,117.501,117.664,17002.0,17,0.0
2020-04-06 16:00:00,117.664,117.969,117.448,117.756,24527.0,17,0.0
2020-04-06 20:00:00,117.757,117.924,117.624,117.824,16173.0,17,0.0
2020-04-07 00:00:00,117.835,117.945,117.548,117.664,14853.0,17,0.0
2020-04-07 04:00:00,117.665,117.816,117.506,117.757,15282.0,17,0.0
2020-04-07 08:00:00,117.745,118.454,117.712,118.319,21445.0,17,0.0
2020-04-07 12:00:00,118.319,118.973,118.302,118.859,20760.0,17,0.0
2020-04-07 16:00:00,118.859,119.034,118.517,118.587,28001.0,17,0.0
2020-04-07 20:00:00,118.592,118.781,118.418,118.419,15988.0,17,0.0
2020-04-08 00:00:00,118.413,118.534,118.022,118.034,16201.0,17,0.0
2020-04-08 04:00:00,118.034,118.416,118.011,118.327,17616.0,17,0.0
2020-04-08 08:00:00,118.326,118.513,117.907,118.148,21780.0,17,0.0
2020-04-08 12:00:00,118.149,118.492,118.149,118.429,16275.0,17,0.0
2020-04-08 16:00:00,118.429,118.687,117.929,118.014,25162.0,17,0.0
2020-04-08 20:00:00,118.011,118.265,117.971,118.088,12301.0,17,0.0
2020-04-09 00:00:00,118.068,118.601,118.045,118.507,9962.0,17,0.0
2020-04-09 04:00:00,118.507,118.534,118.23,118.413,13376.0,17,0.0
2020-04-09 08:00:00,118.412,118.511,118.066,118.346,15537.0,17,0.0
2020-04-09 12:00:00,118.347,118.717,118.112,118.661,19238.0,17,0.0
2020-04-09 16:00:00,118.661,118.996,118.38,118.514,33200.0,17,0.0
2020-04-09 20:00:00,118.513,118.609,118.375,118.494,21044.0,17,0.0
2020-04-10 00:00:00,118.513,118.665,118.38,118.57,17711.0,17,0.0
2020-04-10 04:00:00,118.574,118.64,118.487,118.574,23730.0,17,0.0
2020-04-10 08:00:00,118.571,118.681,118.467,118.587,18547.0,17,0.0
2020-04-10 12:00:00,118.586,118.684,118.563,118.671,12772.0,17,0.0
2020-04-10 16:00:00,118.672,118.736,118.612,118.622,23221.0,17,0.0
2020-04-10 20:00:00,118.621,118.642,118.457,118.525,47322.0,17,0.0
2020-04-13 00:00:00,118.667,118.686,118.268,118.278,12287.0,17,0.0
2020-04-13 04:00:00,118.276,118.295,117.948,117.993,10164.0,17,0.0
2020-04-13 08:00:00,117.993,118.244,117.972,118.004,12266.0,17,0.0
2020-04-13 12:00:00,118.003,118.108,117.805,117.853,11751.0,17,0.0
2020-04-13 16:00:00,117.853,117.854,117.296,117.438,19807.0,17,0.0
2020-04-13 20:00:00,117.437,117.596,117.324,117.558,12273.0,17,0.0
2020-04-14 00:00:00,117.77,117.775,117.456,117.53,6208.0,17,0.0
2020-04-14 04:00:00,117.529,117.934,117.458,117.851,10627.0,17,0.0
2020-04-14 08:00:00,117.851,117.901,117.425,117.484,12833.0,17,0.0
2020-04-14 12:00:00,117.483,117.81,117.375,117.788,15636.0,17,0.0
2020-04-14 16:00:00,117.788,117.798,117.384,117.419,20199.0,17,0.0
2020-04-14 20:00:00,117.419,117.768,117.298,117.71,11554.0,17,0.0
2020-04-15 00:00:00,117.594,117.749,117.41,117.679,6294.0,17,0.0
2020-04-15 04:00:00,117.678,117.747,117.49,117.511,7482.0,17,0.0
2020-04-15 08:00:00,117.512,117.542,117.201,117.458,15577.0,17,0.0
2020-04-15 12:00:00,117.458,117.46,116.791,116.801,17527.0,17,0.0
2020-04-15 16:00:00,116.801,117.359,116.792,117.209,25946.0,17,0.0
2020-04-15 20:00:00,117.208,117.408,117.19,117.193,13380.0,17,0.0
2020-04-16 00:00:00,117.132,117.474,117.07,117.233,7908.0,17,0.0
2020-04-16 04:00:00,117.232,117.485,117.232,117.408,11236.0,17,0.0
2020-04-16 08:00:00,117.411,117.495,117.136,117.268,16032.0,17,0.0
2020-04-16 12:00:00,117.267,117.289,116.948,117.063,17495.0,17,0.0
2020-04-16 16:00:00,117.062,117.072,116.542,116.693,25055.0,17,0.0
2020-04-16 20:00:00,116.692,117.007,116.624,117.007,12816.0,17,0.0
2020-04-17 00:00:00,116.899,117.408,116.894,117.159,14798.0,17,0.0
2020-04-17 04:00:00,117.16,117.204,116.994,117.104,9474.0,17,0.0
2020-04-17 08:00:00,117.104,117.125,116.645,116.704,17484.0,17,0.0
2020-04-17 12:00:00,116.704,116.894,116.635,116.72,17967.0,17,0.0
2020-04-17 16:00:00,116.72,117.112,116.613,116.92,25535.0,17,0.0
2020-04-17 20:00:00,116.922,116.999,116.863,116.873,11853.0,17,0.0
2020-04-20 00:00:00,116.882,117.218,116.773,117.14,7534.0,17,0.0
2020-04-20 04:00:00,117.139,117.229,117.03,117.205,7726.0,17,0.0
2020-04-20 08:00:00,117.204,117.208,116.965,117.152,13284.0,17,0.0
2020-04-20 12:00:00,117.152,117.281,116.978,117.033,14174.0,17,0.0
2020-04-20 16:00:00,117.033,117.242,116.977,117.038,16533.0,17,0.0
2020-04-20 20:00:00,117.038,117.063,116.87,116.874,10132.0,17,0.0
2020-04-21 00:00:00,116.843,117.057,116.816,116.951,7303.0,17,0.0
2020-04-21 04:00:00,116.953,116.996,116.415,116.475,12519.0,17,0.0
2020-04-21 08:00:00,116.474,116.559,116.211,116.327,15536.0,17,0.0
2020-04-21 12:00:00,116.33,116.482,116.263,116.458,15488.0,17,0.0
2020-04-21 16:00:00,116.458,117.15,116.34,116.873,23169.0,17,0.0
2020-04-21 20:00:00,116.872,117.113,116.845,117.006,11000.0,17,0.0
2020-04-22 00:00:00,116.951,117.057,116.869,117.039,6443.0,17,0.0
2020-04-22 04:00:00,117.04,117.066,116.662,116.725,8506.0,17,0.0
2020-04-22 08:00:00,116.726,116.957,116.696,116.834,11208.0,17,0.0
2020-04-22 12:00:00,116.835,117.175,116.835,117.077,10571.0,17,0.0
2020-04-22 16:00:00,117.077,117.213,116.562,116.599,13851.0,17,0.0
2020-04-22 20:00:00,116.598,116.61,116.435,116.607,6813.0,17,0.0
2020-04-23 00:00:00,116.577,116.668,116.485,116.521,8216.0,17,0.0
2020-04-23 04:00:00,116.522,116.597,116.438,116.563,5826.0,17,0.0
2020-04-23 08:00:00,116.565,116.827,116.101,116.201,13666.0,17,0.0
2020-04-23 12:00:00,116.2,116.238,115.716,115.863,14127.0,17,0.0
2020-04-23 16:00:00,115.86,116.809,115.79,116.263,20923.0,17,0.0
2020-04-23 20:00:00,116.261,116.3,115.629,115.94,13033.0,17,0.0
2020-04-24 00:00:00,115.935,116.069,115.867,115.975,10120.0,17,0.0
2020-04-24 04:00:00,115.97,116.014,115.815,115.936,6654.0,17,0.0
2020-04-24 08:00:00,115.938,115.94,115.536,115.831,11164.0,17,0.0
2020-04-24 12:00:00,115.832,116.293,115.78,116.242,11084.0,17,0.0
2020-04-24 16:00:00,116.242,116.269,115.896,115.921,14616.0,17,0.0
2020-04-24 20:00:00,115.924,116.421,115.881,116.31,7341.0,17,0.0
2020-04-27 00:00:00,116.363,116.403,116.184,116.37,5856.0,17,0.0
2020-04-27 04:00:00,116.367,116.506,116.152,116.262,10218.0,17,0.0
2020-04-27 08:00:00,116.262,116.377,116.108,116.299,11863.0,17,0.0
2020-04-27 12:00:00,116.296,116.345,116.094,116.19,10995.0,17,0.0
2020-04-27 16:00:00,116.189,116.341,116.04,116.1,14832.0,17,0.0
2020-04-27 20:00:00,116.101,116.197,116.06,116.126,7000.0,17,0.0
2020-04-28 00:00:00,116.142,116.237,116.066,116.23,6702.0,17,0.0
2020-04-28 04:00:00,116.23,116.261,116.039,116.084,6924.0,17,0.0
2020-04-28 08:00:00,116.084,116.206,115.859,116.141,10918.0,17,0.0
2020-04-28 12:00:00,116.141,116.164,115.911,115.919,14457.0,17,0.0
2020-04-28 16:00:00,115.917,115.987,115.694,115.762,16419.0,17,0.0
2020-04-28 20:00:00,115.765,115.825,115.594,115.636,7730.0,17,0.0
2020-04-29 00:00:00,115.562,115.682,115.517,115.552,7415.0,17,0.0
2020-04-29 04:00:00,115.551,115.613,115.501,115.591,5768.0,17,0.0
2020-04-29 08:00:00,115.593,115.767,115.504,115.728,10381.0,17,0.0
2020-04-29 12:00:00,115.725,115.804,115.441,115.783,11559.0,17,0.0
2020-04-29 16:00:00,115.786,115.928,115.618,115.718,14370.0,17,0.0
2020-04-29 20:00:00,115.718,116.067,115.718,115.927,12976.0,17,0.0
2020-04-30 00:00:00,115.711,116.009,115.711,115.959,5786.0,17,0.0
2020-04-30 04:00:00,115.959,116.017,115.645,115.683,7072.0,17,0.0
2020-04-30 08:00:00,115.683,116.129,115.539,116.104,11632.0,17,0.0
2020-04-30 12:00:00,116.105,116.129,115.749,115.94,13535.0,17,0.0
2020-04-30 16:00:00,115.934,117.3,115.57,116.948,27739.0,17,0.0
2020-04-30 20:00:00,116.947,117.773,116.93,117.314,13114.0,17,0.0
2020-05-01 00:00:00,117.323,117.513,117.14,117.343,8625.0,17,0.0
2020-05-01 04:00:00,117.343,117.365,117.134,117.266,7237.0,17,0.0
2020-05-01 08:00:00,117.261,117.46,117.143,117.302,10953.0,17,0.0
2020-05-01 12:00:00,117.302,117.351,117.03,117.105,11315.0,17,0.0
2020-05-01 16:00:00,117.104,117.761,117.013,117.328,17930.0,17,0.0
2020-05-01 20:00:00,117.328,117.412,117.241,117.333,9793.0,17,0.0
2020-05-04 00:00:00,117.298,117.32,116.801,116.838,7862.0,17,0.0
2020-05-04 04:00:00,116.839,116.95,116.698,116.713,7206.0,17,0.0
2020-05-04 08:00:00,116.713,116.917,116.601,116.841,11343.0,17,0.0
2020-05-04 12:00:00,116.841,116.909,116.613,116.861,10848.0,17,0.0
2020-05-04 16:00:00,116.86,116.892,116.381,116.448,15639.0,17,0.0
2020-05-04 20:00:00,116.447,116.503,116.259,116.381,7950.0,17,0.0
2020-05-05 00:00:00,116.349,116.396,116.197,116.254,5110.0,17,0.0
2020-05-05 04:00:00,116.254,116.343,116.224,116.269,4792.0,17,0.0
2020-05-05 08:00:00,116.271,116.56,115.76,115.807,13343.0,17,0.0
2020-05-05 12:00:00,115.807,115.96,115.54,115.665,15171.0,17,0.0
2020-05-05 16:00:00,115.665,115.99,115.405,115.447,16395.0,17,0.0
2020-05-05 20:00:00,115.448,115.642,115.401,115.53,9588.0,17,0.0
2020-05-06 00:00:00,115.662,115.674,115.096,115.156,6827.0,17,0.0
2020-05-06 04:00:00,115.156,115.294,115.114,115.275,5521.0,17,0.0
2020-05-06 08:00:00,115.276,115.283,114.79,114.884,10953.0,17,0.0
2020-05-06 12:00:00,114.886,114.887,114.603,114.802,11922.0,17,0.0
2020-05-06 16:00:00,114.802,114.861,114.417,114.565,15429.0,17,0.0
2020-05-06 20:00:00,114.566,114.681,114.487,114.497,7521.0,17,0.0
2020-05-07 00:00:00,114.572,114.737,114.387,114.643,6986.0,17,0.0
2020-05-07 04:00:00,114.644,114.766,114.626,114.706,6146.0,17,0.0
2020-05-07 08:00:00,114.706,114.974,114.592,114.822,12651.0,17,0.0
2020-05-07 12:00:00,114.825,115.051,114.73,114.932,14019.0,17,0.0
2020-05-07 16:00:00,114.93,115.062,114.76,114.945,16198.0,17,0.0
2020-05-07 20:00:00,114.944,115.13,114.902,115.051,8304.0,17,0.0
2020-05-08 00:00:00,114.946,115.416,114.935,115.324,7282.0,17,0.0
2020-05-08 04:00:00,115.328,115.438,115.201,115.391,7171.0,17,0.0
2020-05-08 08:00:00,115.391,115.418,115.022,115.226,8213.0,17,0.0
2020-05-08 12:00:00,115.224,115.579,115.189,115.569,11139.0,17,0.0
2020-05-08 16:00:00,115.569,115.734,115.319,115.628,14618.0,17,0.0
2020-05-08 20:00:00,115.628,115.681,115.452,115.512,5949.0,17,0.0
2020-05-11 00:00:00,115.405,116.026,115.258,116.012,6826.0,17,0.0
2020-05-11 04:00:00,116.013,116.056,115.816,116.0,6009.0,17,0.0
2020-05-11 08:00:00,115.988,116.207,115.833,115.993,10210.0,17,0.0
2020-05-11 12:00:00,115.992,116.229,115.946,116.215,11144.0,17,0.0
2020-05-11 16:00:00,116.216,116.508,116.201,116.369,14984.0,17,0.0
2020-05-11 20:00:00,116.368,116.487,116.285,116.303,7441.0,17,0.0
2020-05-12 00:00:00,116.337,116.41,115.956,115.984,6923.0,17,0.0
2020-05-12 04:00:00,115.984,116.084,115.953,116.039,5867.0,17,0.0
2020-05-12 08:00:00,116.039,116.476,115.995,116.36,10236.0,17,0.0
2020-05-12 12:00:00,116.36,116.702,116.247,116.659,10880.0,17,0.0
2020-05-12 16:00:00,116.659,116.844,116.481,116.498,13419.0,17,0.0
2020-05-12 20:00:00,116.499,116.51,116.197,116.197,7132.0,17,0.0
2020-05-13 00:00:00,116.181,116.406,116.168,116.301,7337.0,17,0.0
2020-05-13 04:00:00,116.304,116.398,116.224,116.273,5972.0,17,0.0
2020-05-13 08:00:00,116.271,116.311,115.929,116.064,9720.0,17,0.0
2020-05-13 12:00:00,116.063,116.341,115.964,116.292,10964.0,17,0.0
2020-05-13 16:00:00,116.292,116.363,115.763,115.793,20371.0,17,0.0
2020-05-13 20:00:00,115.795,115.813,115.683,115.732,9123.0,17,0.0
2020-05-14 00:00:00,115.732,115.841,115.605,115.643,8329.0,17,0.0
2020-05-14 04:00:00,115.642,115.717,115.49,115.544,5976.0,17,0.0
2020-05-14 08:00:00,115.543,115.593,115.349,115.484,11297.0,17,0.0
2020-05-14 12:00:00,115.481,115.543,115.341,115.445,14211.0,17,0.0
2020-05-14 16:00:00,115.446,115.814,115.316,115.577,17292.0,17,0.0
2020-05-14 20:00:00,115.579,115.92,115.538,115.862,9262.0,17,0.0
2020-05-15 00:00:00,115.825,116.078,115.825,116.009,5982.0,17,0.0
2020-05-15 04:00:00,116.012,116.026,115.819,115.843,6399.0,17,0.0
2020-05-15 08:00:00,115.847,115.915,115.676,115.739,9111.0,17,0.0
2020-05-15 12:00:00,115.739,115.827,115.466,115.782,13925.0,17,0.0
2020-05-15 16:00:00,115.783,116.192,115.716,115.944,17936.0,17,0.0
2020-05-15 20:00:00,115.944,116.066,115.807,115.895,7904.0,17,0.0
2020-05-18 00:00:00,116.007,116.118,115.707,115.946,5751.0,17,0.0
2020-05-18 04:00:00,115.947,116.002,115.879,115.915,6296.0,17,0.0
2020-05-18 08:00:00,115.914,116.07,115.829,115.969,8867.0,17,0.0
2020-05-18 12:00:00,115.967,116.476,115.848,116.445,10395.0,17,0.0
2020-05-18 16:00:00,116.447,117.159,116.376,117.022,18508.0,17,0.0
2020-05-18 20:00:00,117.022,117.238,116.953,117.132,8385.0,17,0.0
2020-05-19 00:00:00,117.098,117.355,117.097,117.178,6236.0,17,0.0
2020-05-19 04:00:00,117.177,117.255,117.025,117.216,6150.0,17,0.0
2020-05-19 08:00:00,117.217,117.731,117.14,117.679,14608.0,17,0.0
2020-05-19 12:00:00,117.679,118.177,117.641,118.167,13550.0,17,0.0
2020-05-19 16:00:00,118.166,118.197,117.818,117.848,14801.0,17,0.0
2020-05-19 20:00:00,117.847,118.042,117.581,117.581,8197.0,17,0.0
2020-05-20 00:00:00,117.687,118.086,117.553,118.023,6493.0,17,0.0
2020-05-20 04:00:00,118.022,118.054,117.811,117.897,6062.0,17,0.0
2020-05-20 08:00:00,117.899,118.082,117.733,117.768,11078.0,17,0.0
2020-05-20 12:00:00,117.769,118.016,117.744,118.0,11506.0,17,0.0
2020-05-20 16:00:00,118.0,118.202,117.935,118.023,14561.0,17,0.0
2020-05-20 20:00:00,118.026,118.176,117.978,118.021,7770.0,17,0.0
2020-05-21 00:00:00,118.015,118.206,117.893,118.162,4638.0,17,0.0
2020-05-21 04:00:00,118.163,118.166,117.924,117.964,5775.0,17,0.0
2020-05-21 08:00:00,117.966,118.364,117.922,118.243,9127.0,17,0.0
2020-05-21 12:00:00,118.242,118.523,118.125,118.44,11761.0,17,0.0
2020-05-21 16:00:00,118.44,118.44,117.846,117.933,16515.0,17,0.0
2020-05-21 20:00:00,117.934,118.079,117.725,117.753,6867.0,17,0.0
2020-05-22 00:00:00,117.747,117.975,117.747,117.932,6278.0,17,0.0
2020-05-22 04:00:00,117.93,117.93,117.398,117.413,8159.0,17,0.0
2020-05-22 08:00:00,117.412,117.464,117.115,117.206,10650.0,17,0.0
2020-05-22 12:00:00,117.203,117.302,117.02,117.239,10220.0,17,0.0
2020-05-22 16:00:00,117.239,117.309,116.989,117.114,11482.0,17,0.0
2020-05-22 20:00:00,117.114,117.348,117.107,117.327,7477.0,17,0.0
2020-05-25 00:00:00,117.225,117.555,117.141,117.378,5388.0,17,0.0
2020-05-25 04:00:00,117.375,117.397,117.233,117.253,6529.0,17,0.0
2020-05-25 08:00:00,117.254,117.335,117.08,117.309,6820.0,17,0.0
2020-05-25 12:00:00,117.309,117.522,117.307,117.423,6253.0,17,0.0
2020-05-25 16:00:00,117.422,117.489,117.276,117.317,5435.0,17,0.0
2020-05-25 20:00:00,117.318,117.41,117.304,117.309,9614.0,17,0.0
2020-05-26 00:00:00,117.333,117.566,117.289,117.551,4494.0,17,0.0
2020-05-26 04:00:00,117.551,117.788,117.534,117.739,6408.0,17,0.0
2020-05-26 08:00:00,117.747,118.075,117.694,118.049,10374.0,17,0.0
2020-05-26 12:00:00,118.05,118.238,117.777,117.872,11632.0,17,0.0
2020-05-26 16:00:00,117.876,118.332,117.87,118.066,14639.0,17,0.0
2020-05-26 20:00:00,118.067,118.229,118.002,118.098,6483.0,17,0.0
2020-05-27 00:00:00,118.054,118.151,117.807,117.961,6905.0,17,0.0
2020-05-27 04:00:00,117.96,118.087,117.712,117.727,8121.0,17,0.0
2020-05-27 08:00:00,117.727,118.077,117.701,117.893,10794.0,17,0.0
2020-05-27 12:00:00,117.892,118.907,117.725,118.653,23330.0,17,0.0
2020-05-27 16:00:00,118.653,118.765,118.131,118.243,21182.0,17,0.0
2020-05-27 20:00:00,118.243,118.63,118.143,118.479,8629.0,17,0.0
2020-05-28 00:00:00,118.49,118.956,118.471,118.902,8642.0,17,0.0
2020-05-28 04:00:00,118.905,118.93,118.608,118.685,8878.0,17,0.0
2020-05-28 08:00:00,118.686,118.956,118.514,118.592,14180.0,17,0.0
2020-05-28 12:00:00,118.591,118.874,118.479,118.766,13909.0,17,0.0
2020-05-28 16:00:00,118.771,119.317,118.754,119.265,19572.0,17,0.0
2020-05-28 20:00:00,119.256,119.394,119.097,119.207,9409.0,17,0.0
2020-05-29 00:00:00,119.206,119.321,119.007,119.053,7099.0,17,0.0
2020-05-29 04:00:00,119.054,119.131,118.88,118.919,8144.0,17,0.0
2020-05-29 08:00:00,118.921,119.251,118.852,119.199,16306.0,17,0.0
2020-05-29 12:00:00,119.199,119.465,119.163,119.273,14455.0,17,0.0
2020-05-29 16:00:00,119.273,119.895,119.164,119.641,24734.0,17,0.0
2020-05-29 20:00:00,119.642,119.791,119.475,119.696,13637.0,17,0.0
2020-06-01 00:00:00,119.685,119.972,119.584,119.856,10002.0,17,0.0
2020-06-01 04:00:00,119.852,119.974,119.713,119.717,9439.0,17,0.0
2020-06-01 08:00:00,119.719,119.954,119.418,119.644,15393.0,17,0.0
2020-06-01 12:00:00,119.646,119.808,119.517,119.667,14257.0,17,0.0
2020-06-01 16:00:00,119.666,119.901,119.592,119.729,16223.0,17,0.0
2020-06-01 20:00:00,119.729,119.813,119.688,119.792,6247.0,17,0.0
2020-06-02 00:00:00,119.775,119.855,119.621,119.745,7416.0,17,0.0
2020-06-02 04:00:00,119.745,119.874,119.7,119.821,6765.0,17,0.0
2020-06-02 08:00:00,119.823,120.397,119.791,120.384,16807.0,17,0.0
2020-06-02 12:00:00,120.383,121.092,120.28,120.922,20132.0,17,0.0
2020-06-02 16:00:00,120.924,121.625,120.924,121.449,20913.0,17,0.0
2020-06-02 20:00:00,121.45,121.56,121.308,121.379,8562.0,17,0.0
2020-06-03 00:00:00,121.376,121.802,121.299,121.665,11164.0,17,0.0
2020-06-03 04:00:00,121.664,121.748,121.266,121.571,13105.0,17,0.0
2020-06-03 08:00:00,121.569,122.043,121.539,121.962,16745.0,17,0.0
2020-06-03 12:00:00,121.957,122.091,121.368,121.595,17682.0,17,0.0
2020-06-03 16:00:00,121.595,122.512,121.522,122.369,22761.0,17,0.0
2020-06-03 20:00:00,122.372,122.619,122.31,122.321,7667.0,17,0.0
2020-06-04 00:00:00,122.28,122.496,122.073,122.207,9875.0,17,0.0
2020-06-04 04:00:00,122.209,122.312,122.049,122.274,8775.0,17,0.0
2020-06-04 08:00:00,122.271,122.408,122.103,122.218,13949.0,17,0.0
2020-06-04 12:00:00,122.217,122.773,121.845,122.168,22084.0,17,0.0
2020-06-04 16:00:00,122.166,123.913,122.089,123.444,29449.0,17,0.0
2020-06-04 20:00:00,123.444,123.968,123.433,123.737,13104.0,17,0.0
2020-06-05 00:00:00,123.67,123.915,123.573,123.587,8954.0,17,0.0
2020-06-05 04:00:00,123.587,123.923,123.538,123.85,9461.0,17,0.0
2020-06-05 08:00:00,123.847,124.427,123.649,123.795,18681.0,17,0.0
2020-06-05 12:00:00,123.8,123.976,123.616,123.775,21919.0,17,0.0
2020-06-05 16:00:00,123.775,124.254,123.669,123.915,26196.0,17,0.0
2020-06-05 20:00:00,123.912,123.912,123.623,123.721,9993.0,17,0.0
2020-06-08 00:00:00,123.737,124.118,123.643,123.665,8058.0,17,0.0
2020-06-08 04:00:00,123.667,123.731,123.484,123.551,8327.0,17,0.0
2020-06-08 08:00:00,123.549,123.928,123.47,123.728,12517.0,17,0.0
2020-06-08 12:00:00,123.727,123.795,123.263,123.361,14382.0,17,0.0
2020-06-08 16:00:00,123.364,123.483,122.217,122.239,21470.0,17,0.0
2020-06-08 20:00:00,122.243,122.497,122.239,122.448,7797.0,17,0.0
2020-06-09 00:00:00,122.428,122.599,122.086,122.122,10434.0,17,0.0
2020-06-09 04:00:00,122.122,122.143,121.804,121.847,12165.0,17,0.0
2020-06-09 08:00:00,121.839,122.059,121.32,121.494,19344.0,17,0.0
2020-06-09 12:00:00,121.494,122.198,121.36,121.936,18099.0,17,0.0
2020-06-09 16:00:00,121.935,122.507,121.872,122.179,22971.0,17,0.0
2020-06-09 20:00:00,122.173,122.236,122.1,122.228,8006.0,17,0.0
2020-06-10 00:00:00,122.158,122.361,122.08,122.216,13110.0,10,0.0
2020-06-10 04:00:00,122.217,122.225,121.978,121.985,8780.0,17,0.0
2020-06-10 08:00:00,121.989,122.228,121.791,122.008,16372.0,17,0.0
2020-06-10 12:00:00,122.007,122.286,121.821,122.151,15108.0,17,0.0
2020-06-10 16:00:00,122.149,122.182,121.582,121.711,18970.0,17,0.0
2020-06-10 20:00:00,121.714,122.282,121.669,121.777,24975.0,17,0.0
2020-06-11 00:00:00,121.64,121.903,121.566,121.832,9720.0,17,0.0
2020-06-11 04:00:00,121.832,121.892,121.274,121.545,13948.0,17,0.0
2020-06-11 08:00:00,121.549,121.778,121.33,121.669,22936.0,17,0.0
2020-06-11 12:00:00,121.672,121.835,121.239,121.352,20327.0,17,0.0
2020-06-11 16:00:00,121.352,121.633,121.195,121.198,27329.0,17,0.0
2020-06-11 20:00:00,121.195,121.221,120.648,120.73,19826.0,17,0.0
2020-06-12 00:00:00,120.735,120.738,120.329,120.348,11441.0,17,0.0
2020-06-12 04:00:00,120.348,121.166,120.251,121.036,15042.0,17,0.0
2020-06-12 08:00:00,121.037,121.697,120.978,121.506,19806.0,17,0.0
2020-06-12 12:00:00,121.508,121.811,121.202,121.402,19597.0,17,0.0
2020-06-12 16:00:00,121.401,121.475,120.516,120.784,30234.0,17,0.0
2020-06-12 20:00:00,120.786,120.928,120.52,120.853,16290.0,17,0.0
2020-06-15 00:00:00,120.689,120.91,120.523,120.571,11448.0,17,0.0
2020-06-15 04:00:00,120.573,120.802,120.5,120.568,10718.0,17,0.0
2020-06-15 08:00:00,120.569,120.909,120.33,120.891,24194.0,17,0.0
2020-06-15 12:00:00,120.89,121.0,120.593,120.817,17267.0,17,0.0
2020-06-15 16:00:00,120.816,121.199,120.752,121.018,23251.0,17,0.0
2020-06-15 20:00:00,121.018,121.631,120.998,121.522,13754.0,17,0.0
2020-06-16 00:00:00,121.621,121.864,121.448,121.629,10241.0,17,0.0
2020-06-16 04:00:00,121.631,122.115,121.495,121.808,11170.0,17,0.0
2020-06-16 08:00:00,121.808,121.975,121.418,121.81,19274.0,17,0.0
2020-06-16 12:00:00,121.806,121.861,121.181,121.376,17197.0,17,0.0
2020-06-16 16:00:00,121.379,121.398,120.465,120.943,29686.0,17,0.0
2020-06-16 20:00:00,120.944,120.948,120.749,120.865,9150.0,17,0.0
2020-06-17 00:00:00,120.867,121.03,120.641,120.934,9033.0,17,0.0
2020-06-17 04:00:00,120.934,121.023,120.664,120.85,10745.0,17,0.0
2020-06-17 08:00:00,120.851,121.227,120.819,120.936,15946.0,17,0.0
2020-06-17 12:00:00,120.936,120.955,120.48,120.66,16899.0,17,0.0
2020-06-17 16:00:00,120.66,120.676,120.147,120.487,21907.0,17,0.0
2020-06-17 20:00:00,120.486,120.519,120.161,120.299,8749.0,17,0.0
2020-06-18 00:00:00,120.216,120.399,119.977,120.047,7359.0,17,0.0
2020-06-18 04:00:00,120.05,120.304,119.819,120.24,12196.0,17,0.0
2020-06-18 08:00:00,120.233,120.534,120.144,120.403,15950.0,17,0.0
2020-06-18 12:00:00,120.404,120.516,119.88,119.899,19784.0,17,0.0
2020-06-18 16:00:00,119.9,119.95,119.591,119.635,20135.0,17,0.0
2020-06-18 20:00:00,119.635,119.943,119.586,119.852,9005.0,17,0.0
2020-06-19 00:00:00,119.803,120.03,119.695,119.793,9092.0,17,0.0
2020-06-19 04:00:00,119.792,119.897,119.752,119.816,7020.0,17,0.0
2020-06-19 08:00:00,119.815,120.039,119.748,119.922,11435.0,17,0.0
2020-06-19 12:00:00,119.922,120.206,119.65,120.094,15062.0,17,0.0
2020-06-19 16:00:00,120.1,120.142,119.479,119.578,21981.0,17,0.0
2020-06-19 20:00:00,119.578,119.625,119.367,119.465,9098.0,17,0.0
2020-06-22 00:00:00,119.387,119.527,119.308,119.42,8008.0,17,0.0
2020-06-22 04:00:00,119.421,119.773,119.421,119.773,8939.0,17,0.0
2020-06-22 08:00:00,119.77,120.024,119.567,119.985,13700.0,17,0.0
2020-06-22 12:00:00,119.985,120.043,119.749,119.922,12314.0,17,0.0
2020-06-22 16:00:00,119.921,120.42,119.921,120.341,16400.0,17,0.0
2020-06-22 20:00:00,120.341,120.44,120.322,120.366,6867.0,17,0.0
2020-06-23 00:00:00,120.311,120.604,120.297,120.5,6987.0,17,0.0
2020-06-23 04:00:00,120.501,120.885,119.903,120.648,21845.0,17,0.0
2020-06-23 08:00:00,120.648,121.095,120.54,120.85,17462.0,17,0.0
2020-06-23 12:00:00,120.85,121.077,120.681,120.792,16416.0,17,0.0
2020-06-23 16:00:00,120.792,120.802,120.245,120.395,20813.0,17,0.0
2020-06-23 20:00:00,120.396,120.547,120.383,120.445,7843.0,17,0.0
2020-06-24 00:00:00,120.417,120.673,120.29,120.579,9690.0,17,0.0
2020-06-24 04:00:00,120.579,120.647,120.374,120.579,10409.0,17,0.0
2020-06-24 08:00:00,120.578,120.742,120.2,120.376,13404.0,17,0.0
2020-06-24 12:00:00,120.376,120.488,120.031,120.35,15347.0,17,0.0
2020-06-24 16:00:00,120.349,120.578,120.25,120.479,22070.0,17,0.0
2020-06-24 20:00:00,120.48,120.513,120.336,120.355,9634.0,17,0.0
2020-06-25 00:00:00,120.4,120.543,120.344,120.513,8512.0,17,0.0
2020-06-25 04:00:00,120.515,120.621,120.417,120.51,12417.0,17,0.0
2020-06-25 08:00:00,120.512,120.617,120.167,120.393,17457.0,17,0.0
2020-06-25 12:00:00,120.392,120.474,120.134,120.289,18016.0,17,0.0
2020-06-25 16:00:00,120.293,120.382,120.144,120.337,18012.0,17,0.0
2020-06-25 20:00:00,120.34,120.38,120.18,120.23,7679.0,17,0.0
2020-06-26 00:00:00,120.23,120.288,120.067,120.211,9573.0,17,0.0
2020-06-26 04:00:00,120.212,120.292,120.162,120.182,6441.0,17,0.0
2020-06-26 08:00:00,120.181,120.221,120.002,120.101,10515.0,17,0.0
2020-06-26 12:00:00,120.101,120.107,119.808,120.084,12386.0,17,0.0
2020-06-26 16:00:00,120.086,120.333,119.971,120.311,17532.0,17,0.0
2020-06-26 20:00:00,120.314,120.374,120.18,120.229,7392.0,17,0.0
2020-06-29 00:00:00,120.008,120.455,119.995,120.452,5428.0,17,0.0
2020-06-29 04:00:00,120.453,120.627,120.32,120.38,9026.0,17,0.0
2020-06-29 08:00:00,120.381,120.678,120.38,120.639,13110.0,17,0.0
2020-06-29 12:00:00,120.637,121.135,120.574,121.132,12800.0,17,0.0
2020-06-29 16:00:00,121.133,121.357,120.938,120.998,18557.0,17,0.0
2020-06-29 20:00:00,120.997,121.03,120.863,120.924,6695.0,17,0.0
2020-06-30 00:00:00,120.917,121.083,120.809,121.029,8310.0,17,0.0
2020-06-30 04:00:00,121.031,121.173,121.021,121.057,6943.0,17,0.0
2020-06-30 08:00:00,121.058,121.099,120.642,120.809,11775.0,17,0.0
2020-06-30 12:00:00,120.811,120.839,120.583,120.744,12503.0,17,0.0
2020-06-30 16:00:00,120.751,121.42,120.665,121.225,22646.0,17,0.0
2020-06-30 20:00:00,121.224,121.337,121.161,121.24,9363.0,17,0.0
2020-07-01 00:00:00,121.185,121.479,121.166,121.39,6215.0,17,0.0
2020-07-01 04:00:00,121.391,121.392,120.726,120.765,9304.0,17,0.0
2020-07-01 08:00:00,120.767,120.974,120.716,120.759,11092.0,17,0.0
2020-07-01 12:00:00,120.76,120.78,120.251,120.517,13705.0,17,0.0
2020-07-01 16:00:00,120.516,121.132,120.506,121.002,17597.0,17,0.0
2020-07-01 20:00:00,121.001,121.044,120.844,120.905,7609.0,17,0.0
2020-07-02 00:00:00,120.907,120.953,120.757,120.922,6837.0,17,0.0
2020-07-02 04:00:00,120.922,121.106,120.851,121.017,8545.0,17,0.0
2020-07-02 08:00:00,121.018,121.343,120.995,121.303,10370.0,17,0.0
2020-07-02 12:00:00,121.294,121.434,121.148,121.228,13099.0,17,0.0
2020-07-02 16:00:00,121.231,121.331,120.743,120.795,18299.0,17,0.0
2020-07-02 20:00:00,120.798,120.876,120.778,120.811,5258.0,17,0.0
2020-07-03 00:00:00,120.775,120.885,120.725,120.836,6252.0,17,0.0
2020-07-03 04:00:00,120.838,120.949,120.718,120.727,6866.0,17,0.0
2020-07-03 08:00:00,120.726,120.873,120.65,120.716,9694.0,17,0.0
2020-07-03 12:00:00,120.719,120.792,120.604,120.727,8757.0,17,0.0
2020-07-03 16:00:00,120.729,120.912,120.677,120.854,6798.0,17,0.0
2020-07-03 20:00:00,120.854,120.954,120.785,120.835,17803.0,17,0.0
2020-07-06 00:00:00,120.824,121.294,120.769,121.267,5231.0,17,0.0
2020-07-06 04:00:00,121.267,121.558,121.246,121.552,7593.0,17,0.0
2020-07-06 08:00:00,121.55,121.641,121.369,121.445,11673.0,17,0.0
2020-07-06 12:00:00,121.445,121.796,121.325,121.779,10847.0,17,0.0
2020-07-06 16:00:00,121.78,121.964,121.457,121.472,14469.0,17,0.0
2020-07-06 20:00:00,121.47,121.551,121.328,121.357,6478.0,17,0.0
2020-07-07 00:00:00,121.297,121.58,121.286,121.512,5052.0,17,0.0
2020-07-07 04:00:00,121.512,121.562,121.402,121.439,8689.0,17,0.0
2020-07-07 08:00:00,121.436,121.595,121.279,121.296,12819.0,17,0.0
2020-07-07 12:00:00,121.3,121.642,121.249,121.577,12686.0,17,0.0
2020-07-07 16:00:00,121.577,121.715,121.248,121.385,15187.0,17,0.0
2020-07-07 20:00:00,121.385,121.492,121.154,121.204,7125.0,17,0.0
2020-07-08 00:00:00,121.232,121.434,121.15,121.364,5921.0,17,0.0
2020-07-08 04:00:00,121.365,121.434,121.227,121.243,6605.0,17,0.0
2020-07-08 08:00:00,121.245,121.387,121.132,121.328,11070.0,17,0.0
2020-07-08 12:00:00,121.328,121.439,121.168,121.398,11101.0,17,0.0
2020-07-08 16:00:00,121.401,121.877,121.384,121.63,17028.0,17,0.0
2020-07-08 20:00:00,121.629,121.654,121.48,121.516,7447.0,17,0.0
2020-07-09 00:00:00,121.457,121.687,121.455,121.597,5383.0,17,0.0
2020-07-09 04:00:00,121.598,121.96,121.569,121.916,8687.0,17,0.0
2020-07-09 08:00:00,121.911,121.964,121.501,121.544,11611.0,17,0.0
2020-07-09 12:00:00,121.546,121.738,121.486,121.611,12198.0,17,0.0
2020-07-09 16:00:00,121.613,121.691,121.095,121.152,21586.0,17,0.0
2020-07-09 20:00:00,121.153,121.154,120.896,120.96,6388.0,17,0.0
2020-07-10 00:00:00,120.901,121.062,120.69,120.724,10041.0,17,0.0
2020-07-10 04:00:00,120.723,120.767,120.515,120.529,7056.0,17,0.0
2020-07-10 08:00:00,120.531,120.592,120.261,120.475,12249.0,17,0.0
2020-07-10 12:00:00,120.475,120.692,120.426,120.592,11049.0,17,0.0
2020-07-10 16:00:00,120.592,120.856,120.586,120.796,16224.0,17,0.0
2020-07-10 20:00:00,120.795,120.878,120.765,120.791,5132.0,17,0.0
2020-07-13 00:00:00,120.78,120.97,120.76,120.893,5554.0,17,0.0
2020-07-13 04:00:00,120.895,121.039,120.868,121.003,6975.0,17,0.0
2020-07-13 08:00:00,121.001,121.199,120.984,121.068,11186.0,17,0.0
2020-07-13 12:00:00,121.069,121.48,121.003,121.407,10988.0,17,0.0
2020-07-13 16:00:00,121.406,121.965,121.406,121.827,14093.0,17,0.0
2020-07-13 20:00:00,121.829,121.941,121.625,121.696,9482.0,17,0.0
2020-07-14 00:00:00,121.668,121.834,121.651,121.672,9047.0,17,0.0
2020-07-14 04:00:00,121.671,121.704,121.468,121.661,7333.0,17,0.0
2020-07-14 08:00:00,121.663,121.841,121.48,121.799,10774.0,17,0.0
2020-07-14 12:00:00,121.808,122.224,121.781,122.075,13260.0,17,0.0
2020-07-14 16:00:00,122.074,122.317,121.971,122.237,20866.0,17,0.0
2020-07-14 20:00:00,122.237,122.262,122.101,122.236,7983.0,17,0.0
2020-07-15 00:00:00,122.17,122.47,122.108,122.459,6347.0,17,0.0
2020-07-15 04:00:00,122.457,122.499,122.205,122.226,7895.0,17,0.0
2020-07-15 08:00:00,122.229,122.458,122.101,122.264,12847.0,17,0.0
2020-07-15 12:00:00,122.264,122.396,122.102,122.149,12534.0,17,0.0
2020-07-15 16:00:00,122.149,122.204,121.817,121.986,17041.0,17,0.0
2020-07-15 20:00:00,121.989,122.048,121.924,121.981,6513.0,17,0.0
2020-07-16 00:00:00,121.919,122.14,121.919,122.095,4778.0,17,0.0
2020-07-16 04:00:00,122.093,122.133,121.891,121.902,8036.0,17,0.0
2020-07-16 08:00:00,121.901,122.1,121.81,121.951,12493.0,17,0.0
2020-07-16 12:00:00,121.956,122.387,121.91,122.281,13586.0,17,0.0
2020-07-16 16:00:00,122.274,122.5,122.169,122.299,15558.0,17,0.0
2020-07-16 20:00:00,122.297,122.311,122.07,122.105,8370.0,17,0.0
2020-07-17 00:00:00,122.105,122.299,122.011,122.124,4868.0,17,0.0
2020-07-17 04:00:00,122.124,122.171,122.015,122.067,7277.0,17,0.0
2020-07-17 08:00:00,122.065,122.335,121.926,122.306,9744.0,17,0.0
2020-07-17 12:00:00,122.312,122.531,122.254,122.453,9524.0,17,0.0
2020-07-17 16:00:00,122.453,122.572,122.353,122.388,11231.0,17,0.0
2020-07-17 20:00:00,122.391,122.443,122.219,122.311,5237.0,17,0.0
2020-07-20 00:00:00,122.159,122.781,122.123,122.66,7829.0,17,0.0
2020-07-20 04:00:00,122.659,122.722,122.517,122.714,9721.0,17,0.0
2020-07-20 08:00:00,122.733,122.973,122.663,122.82,15523.0,17,0.0
2020-07-20 12:00:00,122.817,122.863,122.346,122.37,12666.0,17,0.0
2020-07-20 16:00:00,122.368,122.754,122.252,122.699,13510.0,17,0.0
2020-07-20 20:00:00,122.7,122.852,122.689,122.778,5194.0,17,0.0
2020-07-21 00:00:00,122.714,122.881,122.677,122.817,5583.0,17,0.0
2020-07-21 04:00:00,122.818,122.921,122.606,122.687,8351.0,17,0.0
2020-07-21 08:00:00,122.682,123.022,122.64,122.783,12915.0,17,0.0
2020-07-21 12:00:00,122.782,122.884,122.6,122.612,10994.0,17,0.0
2020-07-21 16:00:00,122.612,122.964,122.464,122.936,16578.0,17,0.0
2020-07-21 20:00:00,122.936,123.172,122.89,123.105,8165.0,17,0.0
2020-07-22 00:00:00,123.155,123.297,123.042,123.201,7109.0,17,0.0
2020-07-22 04:00:00,123.198,123.34,123.151,123.322,8263.0,17,0.0
2020-07-22 08:00:00,123.322,123.374,123.051,123.323,16415.0,17,0.0
2020-07-22 12:00:00,123.323,124.186,123.282,124.151,16057.0,17,0.0
2020-07-22 16:00:00,124.152,124.29,123.978,124.098,16569.0,17,0.0
2020-07-22 20:00:00,124.099,124.15,123.98,123.982,6701.0,17,0.0
2020-07-23 00:00:00,123.912,124.063,123.897,123.96,4602.0,17,0.0
2020-07-23 04:00:00,123.959,124.122,123.923,124.096,6918.0,17,0.0
2020-07-23 08:00:00,124.094,124.224,123.932,124.154,10571.0,17,0.0
2020-07-23 12:00:00,124.155,124.24,123.72,123.723,12338.0,17,0.0
2020-07-23 16:00:00,123.724,124.223,123.705,124.133,18745.0,17,0.0
2020-07-23 20:00:00,124.134,124.167,123.797,123.922,11558.0,17,0.0
2020-07-24 00:00:00,123.852,123.966,123.587,123.722,9455.0,17,0.0
2020-07-24 04:00:00,123.721,123.788,123.408,123.419,10479.0,17,0.0
2020-07-24 08:00:00,123.417,123.585,123.166,123.442,17150.0,17,0.0
2020-07-24 12:00:00,123.442,123.479,123.159,123.26,13875.0,17,0.0
2020-07-24 16:00:00,123.257,123.32,122.835,122.976,19434.0,17,0.0
2020-07-24 20:00:00,122.978,123.719,122.957,123.699,7710.0,17,0.0
2020-07-27 00:00:00,123.423,123.865,123.355,123.669,10341.0,17,0.0
2020-07-27 04:00:00,123.669,123.723,123.469,123.602,13278.0,17,0.0
2020-07-27 08:00:00,123.602,123.709,123.35,123.405,14774.0,17,0.0
2020-07-27 12:00:00,123.406,123.873,123.216,123.75,15048.0,17,0.0
2020-07-27 16:00:00,123.754,123.865,123.631,123.668,15451.0,17,0.0
2020-07-27 20:00:00,123.67,123.902,123.669,123.823,5855.0,17,0.0
2020-07-28 00:00:00,123.733,123.982,123.731,123.93,9015.0,17,0.0
2020-07-28 04:00:00,123.933,123.983,123.712,123.855,14832.0,17,0.0
2020-07-28 08:00:00,123.856,123.927,123.499,123.542,15764.0,17,0.0
2020-07-28 12:00:00,123.542,123.569,123.235,123.3,15114.0,17,0.0
2020-07-28 16:00:00,123.298,123.433,123.008,123.283,18043.0,17,0.0
2020-07-28 20:00:00,123.283,123.323,123.069,123.109,7109.0,17,0.0
2020-07-29 00:00:00,123.041,123.236,123.013,123.223,5573.0,17,0.0
2020-07-29 04:00:00,123.222,123.321,123.14,123.258,8730.0,17,0.0
2020-07-29 08:00:00,123.248,123.383,123.181,123.274,13096.0,17,0.0
2020-07-29 12:00:00,123.274,123.373,123.107,123.343,12371.0,17,0.0
2020-07-29 16:00:00,123.345,123.769,123.324,123.617,15163.0,17,0.0
2020-07-29 20:00:00,123.616,123.786,123.51,123.704,16095.0,17,0.0
2020-07-30 00:00:00,123.653,123.804,123.609,123.701,7030.0,17,0.0
2020-07-30 04:00:00,123.702,123.754,123.634,123.69,9066.0,17,0.0
2020-07-30 08:00:00,123.695,123.852,123.363,123.379,15462.0,17,0.0
2020-07-30 12:00:00,123.379,123.746,123.33,123.722,14022.0,17,0.0
2020-07-30 16:00:00,123.72,123.993,123.64,123.879,23436.0,17,0.0
2020-07-30 20:00:00,123.879,124.193,123.863,124.001,9859.0,17,0.0
2020-07-31 00:00:00,123.995,124.308,123.957,124.06,11149.0,17,0.0
2020-07-31 04:00:00,124.058,124.104,123.837,124.099,14684.0,17,0.0
2020-07-31 08:00:00,124.099,124.259,123.945,124.126,17386.0,17,0.0
2020-07-31 12:00:00,124.117,124.54,123.958,124.518,16673.0,17,0.0
2020-07-31 16:00:00,124.514,125.205,124.471,124.79,28443.0,17,0.0
2020-07-31 20:00:00,124.786,124.906,124.578,124.654,11722.0,17,0.0
2020-08-03 00:00:00,124.517,125.051,124.502,124.776,13542.0,17,0.0
2020-08-03 04:00:00,124.78,124.826,124.519,124.61,12206.0,17,0.0
2020-08-03 08:00:00,124.613,124.643,124.346,124.379,15197.0,17,0.0
2020-08-03 12:00:00,124.379,124.651,123.986,124.418,16226.0,17,0.0
2020-08-03 16:00:00,124.418,124.807,124.311,124.647,18101.0,17,0.0
2020-08-03 20:00:00,124.647,124.709,124.594,124.598,7602.0,17,0.0
2020-08-04 00:00:00,124.591,124.762,124.577,124.734,6615.0,17,0.0
2020-08-04 04:00:00,124.734,124.914,124.709,124.855,7196.0,17,0.0
2020-08-04 08:00:00,124.852,124.965,124.725,124.936,14715.0,17,0.0
2020-08-04 12:00:00,124.94,124.997,124.471,124.512,16585.0,17,0.0
2020-08-04 16:00:00,124.513,124.632,124.26,124.552,18467.0,17,0.0
2020-08-04 20:00:00,124.551,124.795,124.518,124.766,7376.0,17,0.0
2020-08-05 00:00:00,124.725,124.835,124.631,124.694,7087.0,17,0.0
2020-08-05 04:00:00,124.696,124.812,124.634,124.754,7862.0,17,0.0
2020-08-05 08:00:00,124.755,125.142,124.697,125.135,14588.0,17,0.0
2020-08-05 12:00:00,125.138,125.471,125.089,125.313,16783.0,17,0.0
2020-08-05 16:00:00,125.311,125.512,125.153,125.308,18799.0,17,0.0
2020-08-05 20:00:00,125.308,125.34,125.228,125.271,6053.0,17,0.0
2020-08-06 00:00:00,125.26,125.439,125.172,125.36,5484.0,17,0.0
2020-08-06 04:00:00,125.36,125.394,125.192,125.354,7634.0,17,0.0
2020-08-06 08:00:00,125.349,125.583,125.034,125.141,19507.0,17,0.0
2020-08-06 12:00:00,125.14,125.315,124.834,125.082,16640.0,17,0.0
2020-08-06 16:00:00,125.086,125.32,124.652,125.306,20912.0,17,0.0
2020-08-06 20:00:00,125.306,125.421,125.194,125.354,8646.0,17,0.0
2020-08-07 00:00:00,125.279,125.393,125.219,125.345,5942.0,17,0.0
2020-08-07 04:00:00,125.345,125.36,124.835,124.929,11721.0,17,0.0
2020-08-07 08:00:00,124.929,125.092,124.868,124.953,14520.0,17,0.0
2020-08-07 12:00:00,124.952,125.084,124.772,124.94,17501.0,17,0.0
2020-08-07 16:00:00,124.937,124.947,124.451,124.769,22526.0,17,0.0
2020-08-07 20:00:00,124.769,124.911,124.734,124.843,7945.0,17,0.0
2020-08-10 00:00:00,124.772,124.883,124.626,124.717,5374.0,17,0.0
2020-08-10 04:00:00,124.717,124.808,124.667,124.717,5095.0,17,0.0
2020-08-10 08:00:00,124.719,124.81,124.597,124.724,11665.0,17,0.0
2020-08-10 12:00:00,124.725,124.777,124.614,124.729,12212.0,17,0.0
2020-08-10 16:00:00,124.728,124.743,124.36,124.409,15050.0,17,0.0
2020-08-10 20:00:00,124.409,124.491,124.335,124.367,6819.0,17,0.0
2020-08-11 00:00:00,124.322,124.528,124.296,124.459,5804.0,17,0.0
2020-08-11 04:00:00,124.458,124.701,124.441,124.661,7143.0,17,0.0
2020-08-11 08:00:00,124.661,124.925,124.495,124.903,14771.0,17,0.0
2020-08-11 12:00:00,124.903,125.201,124.889,125.008,16822.0,17,0.0
2020-08-11 16:00:00,125.008,125.498,124.869,125.409,21157.0,17,0.0
2020-08-11 20:00:00,125.411,125.414,124.874,125.02,11203.0,17,0.0
2020-08-12 00:00:00,125.017,125.153,124.949,125.016,6715.0,17,0.0
2020-08-12 04:00:00,125.016,125.148,124.978,125.069,11617.0,17,0.0
2020-08-12 08:00:00,125.068,125.553,125.031,125.466,14684.0,17,0.0
2020-08-12 12:00:00,125.468,126.059,125.442,125.905,16190.0,17,0.0
2020-08-12 16:00:00,125.904,126.21,125.757,125.959,18702.0,17,0.0
2020-08-12 20:00:00,125.96,126.038,125.878,125.98,8363.0,17,0.0
2020-08-13 00:00:00,125.922,126.073,125.878,125.966,5658.0,17,0.0
2020-08-13 04:00:00,125.967,126.074,125.914,126.019,8855.0,17,0.0
2020-08-13 08:00:00,126.009,126.404,125.964,126.365,13443.0,17,0.0
2020-08-13 12:00:00,126.369,126.751,126.279,126.688,15590.0,17,0.0
2020-08-13 16:00:00,126.689,126.724,126.252,126.297,16767.0,17,0.0
2020-08-13 20:00:00,126.3,126.431,126.138,126.317,9714.0,17,0.0
2020-08-14 00:00:00,126.247,126.47,126.244,126.305,5102.0,17,0.0
2020-08-14 04:00:00,126.306,126.342,126.226,126.259,6132.0,17,0.0
2020-08-14 08:00:00,126.261,126.308,125.92,126.094,11153.0,17,0.0
2020-08-14 12:00:00,126.094,126.157,125.736,125.945,13154.0,17,0.0
2020-08-14 16:00:00,125.942,126.164,125.869,126.117,15177.0,17,0.0
2020-08-14 20:00:00,126.117,126.236,126.115,126.217,6374.0,17,0.0
2020-08-17 00:00:00,126.206,126.336,126.118,126.198,5536.0,17,0.0
2020-08-17 04:00:00,126.197,126.423,126.112,126.383,6880.0,17,0.0
2020-08-17 08:00:00,126.377,126.457,125.932,126.051,11594.0,17,0.0
2020-08-17 12:00:00,126.052,126.158,125.883,125.989,13922.0,17,0.0
2020-08-17 16:00:00,125.995,126.093,125.664,125.78,14666.0,17,0.0
2020-08-17 20:00:00,125.78,125.863,125.748,125.823,5843.0,17,0.0
2020-08-18 00:00:00,125.765,125.916,125.704,125.753,7573.0,17,0.0
2020-08-18 04:00:00,125.753,125.854,125.516,125.621,9339.0,17,0.0
2020-08-18 08:00:00,125.621,125.772,125.337,125.721,15018.0,17,0.0
2020-08-18 12:00:00,125.723,125.932,125.494,125.889,14624.0,17,0.0
2020-08-18 16:00:00,125.889,126.086,125.669,125.729,20144.0,17,0.0
2020-08-18 20:00:00,125.729,125.834,125.725,125.757,5806.0,17,0.0
2020-08-19 00:00:00,125.697,125.815,125.594,125.651,7997.0,17,0.0
2020-08-19 04:00:00,125.652,125.977,125.639,125.942,10650.0,17,0.0
2020-08-19 08:00:00,125.942,126.057,125.806,125.828,12671.0,17,0.0
2020-08-19 12:00:00,125.829,125.932,125.519,125.803,13099.0,17,0.0
2020-08-19 16:00:00,125.8,125.959,125.523,125.581,19865.0,17,0.0
2020-08-19 20:00:00,125.582,125.689,125.368,125.562,15168.0,17,0.0
2020-08-20 00:00:00,125.57,125.712,125.458,125.652,6271.0,17,0.0
2020-08-20 04:00:00,125.652,125.715,125.554,125.614,9347.0,17,0.0
2020-08-20 08:00:00,125.613,125.778,125.241,125.392,14963.0,17,0.0
2020-08-20 12:00:00,125.393,125.498,125.265,125.308,15659.0,17,0.0
2020-08-20 16:00:00,125.308,125.529,125.077,125.472,23011.0,17,0.0
2020-08-20 20:00:00,125.468,125.524,125.336,125.478,8582.0,17,0.0
2020-08-21 00:00:00,125.465,125.536,125.376,125.493,5710.0,17,0.0
2020-08-21 04:00:00,125.493,125.556,125.354,125.452,7325.0,17,0.0
2020-08-21 08:00:00,125.449,125.469,124.529,124.642,14473.0,17,0.0
2020-08-21 12:00:00,124.644,124.804,124.441,124.591,16962.0,17,0.0
2020-08-21 16:00:00,124.59,124.889,124.432,124.634,18418.0,17,0.0
2020-08-21 20:00:00,124.634,124.863,124.62,124.804,6717.0,17,0.0
2020-08-24 00:00:00,124.708,124.971,124.625,124.756,5801.0,17,0.0
2020-08-24 04:00:00,124.756,124.852,124.685,124.842,6581.0,17,0.0
2020-08-24 08:00:00,124.844,125.129,124.83,125.106,10543.0,17,0.0
2020-08-24 12:00:00,125.109,125.34,125.062,125.275,10739.0,17,0.0
2020-08-24 16:00:00,125.275,125.303,124.911,124.94,16256.0,17,0.0
2020-08-24 20:00:00,124.942,125.019,124.897,124.91,6245.0,17,0.0
2020-08-25 00:00:00,124.902,125.06,124.891,125.057,6279.0,17,0.0
2020-08-25 04:00:00,125.055,125.206,124.946,125.176,7859.0,17,0.0
2020-08-25 08:00:00,125.173,125.737,125.128,125.725,11652.0,17,0.0
2020-08-25 12:00:00,125.723,126.027,125.563,125.75,14387.0,17,0.0
2020-08-25 16:00:00,125.749,126.012,125.632,125.725,19845.0,17,0.0
2020-08-25 20:00:00,125.725,125.934,125.708,125.899,6299.0,17,0.0
2020-08-26 00:00:00,125.838,126.139,125.805,125.935,5138.0,17,0.0
2020-08-26 04:00:00,125.935,126.049,125.635,125.667,6463.0,17,0.0
2020-08-26 08:00:00,125.669,125.752,125.413,125.492,11372.0,17,0.0
2020-08-26 12:00:00,125.494,125.613,125.255,125.426,13179.0,17,0.0
2020-08-26 16:00:00,125.424,125.571,125.302,125.428,17228.0,17,0.0
2020-08-26 20:00:00,125.429,125.487,125.257,125.379,7391.0,17,0.0
2020-08-27 00:00:00,125.366,125.412,125.262,125.408,9234.0,17,0.0
2020-08-27 04:00:00,125.408,125.56,125.341,125.359,8376.0,17,0.0
2020-08-27 08:00:00,125.362,125.614,125.286,125.494,12738.0,17,0.0
2020-08-27 12:00:00,125.494,125.552,125.161,125.537,14092.0,17,0.0
2020-08-27 16:00:00,125.538,125.987,125.129,125.856,37209.0,17,0.0
2020-08-27 20:00:00,125.856,126.089,125.797,125.952,11068.0,17,0.0
2020-08-28 00:00:00,125.958,126.148,125.863,126.032,7286.0,17,0.0
2020-08-28 04:00:00,126.033,126.77,125.979,126.693,10841.0,17,0.0
2020-08-28 08:00:00,126.695,126.741,125.95,126.068,23816.0,17,0.0
2020-08-28 12:00:00,126.069,126.099,125.324,125.432,18916.0,17,0.0
2020-08-28 16:00:00,125.432,125.6,125.191,125.306,20667.0,17,0.0
2020-08-28 20:00:00,125.303,125.457,125.271,125.428,7571.0,17,0.0
2020-08-31 00:00:00,125.454,125.944,125.407,125.512,9853.0,17,0.0
2020-08-31 04:00:00,125.511,125.797,125.395,125.759,9335.0,17,0.0
2020-08-31 08:00:00,125.757,126.101,125.632,126.079,13515.0,17,0.0
2020-08-31 12:00:00,126.082,126.517,125.991,126.489,13387.0,17,0.0
2020-08-31 16:00:00,126.49,126.842,126.37,126.393,19876.0,17,0.0
2020-08-31 20:00:00,126.396,126.462,126.3,126.405,7631.0,17,0.0
2020-09-01 00:00:00,126.409,126.664,126.332,126.364,6482.0,17,0.0
2020-09-01 04:00:00,126.362,126.803,126.321,126.784,12337.0,17,0.0
2020-09-01 08:00:00,126.785,126.829,126.456,126.601,16244.0,17,0.0
2020-09-01 12:00:00,126.601,126.972,126.522,126.905,14869.0,17,0.0
2020-09-01 16:00:00,126.904,127.07,126.499,126.519,20906.0,17,0.0
2020-09-01 20:00:00,126.517,126.519,126.132,126.205,9960.0,17,0.0
2020-09-02 00:00:00,126.188,126.304,126.172,126.263,6408.0,17,0.0
2020-09-02 04:00:00,126.261,126.311,126.083,126.237,8561.0,17,0.0
2020-09-02 08:00:00,126.238,126.306,125.825,125.912,14208.0,17,0.0
2020-09-02 12:00:00,125.909,126.037,125.856,125.874,15170.0,17,0.0
2020-09-02 16:00:00,125.868,125.889,125.546,125.784,19405.0,17,0.0
2020-09-02 20:00:00,125.783,125.903,125.632,125.875,8636.0,17,0.0
2020-09-03 00:00:00,125.758,125.926,125.668,125.676,6030.0,17,0.0
2020-09-03 04:00:00,125.676,125.734,125.457,125.526,8614.0,17,0.0
2020-09-03 08:00:00,125.525,125.765,125.277,125.718,14386.0,17,0.0
2020-09-03 12:00:00,125.711,126.017,125.586,125.878,14039.0,17,0.0
2020-09-03 16:00:00,125.882,126.003,125.301,125.557,23757.0,17,0.0
2020-09-03 20:00:00,125.557,125.891,125.523,125.836,11433.0,17,0.0
2020-09-04 00:00:00,125.785,125.858,125.588,125.793,7175.0,17,0.0
2020-09-04 04:00:00,125.794,125.889,125.72,125.788,8264.0,17,0.0
2020-09-04 08:00:00,125.784,125.981,125.581,125.951,12304.0,17,0.0
2020-09-04 12:00:00,125.947,125.97,125.621,125.7,15261.0,17,0.0
2020-09-04 16:00:00,125.702,125.81,125.296,125.754,27019.0,17,0.0
2020-09-04 20:00:00,125.755,125.9,125.718,125.753,10057.0,17,0.0
2020-09-07 00:00:00,125.839,125.967,125.715,125.882,6124.0,17,0.0
2020-09-07 04:00:00,125.878,125.91,125.688,125.731,7190.0,17,0.0
2020-09-07 08:00:00,125.731,125.783,125.612,125.649,11072.0,17,0.0
2020-09-07 12:00:00,125.65,125.707,125.509,125.555,8709.0,17,0.0
2020-09-07 16:00:00,125.556,125.697,125.513,125.595,7106.0,17,0.0
2020-09-07 20:00:00,125.596,125.619,125.488,125.561,7338.0,17,0.0
2020-09-08 00:00:00,125.509,125.644,125.476,125.485,4386.0,17,0.0
2020-09-08 04:00:00,125.486,125.532,125.38,125.512,6186.0,17,0.0
2020-09-08 08:00:00,125.513,125.636,125.386,125.514,12725.0,17,0.0
2020-09-08 12:00:00,125.514,125.608,124.945,125.063,19249.0,17,0.0
2020-09-08 16:00:00,125.064,125.107,124.685,124.95,25386.0,17,0.0
2020-09-08 20:00:00,124.95,125.036,124.787,124.827,9792.0,17,0.0
2020-09-09 00:00:00,124.819,124.869,124.418,124.796,10790.0,17,0.0
2020-09-09 04:00:00,124.796,124.813,124.633,124.73,7101.0,17,0.0
2020-09-09 08:00:00,124.731,124.903,124.438,124.673,14364.0,17,0.0
2020-09-09 12:00:00,124.675,125.455,124.614,125.265,15668.0,17,0.0
2020-09-09 16:00:00,125.265,125.638,125.223,125.406,21129.0,17,0.0
2020-09-09 20:00:00,125.407,125.477,125.303,125.319,6910.0,17,0.0
2020-09-10 00:00:00,125.295,125.51,125.258,125.403,6602.0,17,0.0
2020-09-10 04:00:00,125.404,125.516,125.368,125.403,6929.0,17,0.0
2020-09-10 08:00:00,125.405,125.616,125.32,125.503,10872.0,17,0.0
2020-09-10 12:00:00,125.5,126.193,125.473,126.045,17406.0,17,0.0
2020-09-10 16:00:00,126.047,126.457,125.812,125.893,23341.0,17,0.0
2020-09-10 20:00:00,125.893,125.959,125.312,125.312,13396.0,17,0.0
2020-09-11 00:00:00,125.349,125.622,125.315,125.605,9143.0,17,0.0
2020-09-11 04:00:00,125.607,125.742,125.58,125.649,6531.0,17,0.0
2020-09-11 08:00:00,125.648,125.977,125.6,125.948,11874.0,17,0.0
2020-09-11 12:00:00,125.949,126.119,125.631,125.751,12554.0,17,0.0
2020-09-11 16:00:00,125.751,125.867,125.588,125.66,16502.0,17,0.0
2020-09-11 20:00:00,125.661,125.759,125.479,125.754,9741.0,17,0.0
2020-09-14 00:00:00,125.534,125.728,125.521,125.61,5003.0,17,0.0
2020-09-14 04:00:00,125.612,125.763,125.606,125.637,5362.0,17,0.0
2020-09-14 08:00:00,125.638,125.758,125.566,125.672,10298.0,17,0.0
2020-09-14 12:00:00,125.67,125.898,125.6,125.819,10510.0,17,0.0
2020-09-14 16:00:00,125.818,125.851,125.34,125.369,14788.0,17,0.0
2020-09-14 20:00:00,125.368,125.465,125.282,125.423,6320.0,17,0.0
2020-09-15 00:00:00,125.361,125.492,125.317,125.46,4493.0,17,0.0
2020-09-15 04:00:00,125.46,125.712,125.362,125.692,7423.0,17,0.0
2020-09-15 08:00:00,125.698,125.749,125.56,125.682,9262.0,17,0.0
2020-09-15 12:00:00,125.679,125.763,125.121,125.165,11901.0,17,0.0
2020-09-15 16:00:00,125.167,125.193,124.747,124.993,14781.0,17,0.0
2020-09-15 20:00:00,124.993,125.067,124.844,124.906,6015.0,17,0.0
2020-09-16 00:00:00,124.901,124.925,124.522,124.669,5304.0,17,0.0
2020-09-16 04:00:00,124.669,124.763,124.574,124.751,7237.0,17,0.0
2020-09-16 08:00:00,124.75,124.928,124.717,124.816,8399.0,17,0.0
2020-09-16 12:00:00,124.815,125.009,124.261,124.364,12806.0,17,0.0
2020-09-16 16:00:00,124.364,124.431,123.883,124.128,16207.0,17,0.0
2020-09-16 20:00:00,124.129,124.272,123.827,123.971,20295.0,17,0.0
2020-09-17 00:00:00,123.932,124.081,123.524,123.721,8493.0,17,0.0
2020-09-17 04:00:00,123.72,123.826,123.306,123.552,12181.0,17,0.0
2020-09-17 08:00:00,123.552,123.737,123.332,123.623,15733.0,17,0.0
2020-09-17 12:00:00,123.623,123.641,123.327,123.454,15115.0,17,0.0
2020-09-17 16:00:00,123.454,123.952,123.344,123.928,19108.0,17,0.0
2020-09-17 20:00:00,123.929,124.129,123.885,124.097,7749.0,17,0.0
2020-09-18 00:00:00,124.082,124.309,124.009,124.167,5980.0,17,0.0
2020-09-18 04:00:00,124.169,124.246,124.124,124.179,7568.0,17,0.0
2020-09-18 08:00:00,124.179,124.266,123.802,123.902,10449.0,17,0.0
2020-09-18 12:00:00,123.899,123.977,123.426,123.645,12195.0,17,0.0
2020-09-18 16:00:00,123.648,123.904,123.449,123.848,15072.0,17,0.0
2020-09-18 20:00:00,123.849,124.005,123.794,123.801,8225.0,17,0.0
2020-09-21 00:00:00,123.729,123.934,123.67,123.864,5488.0,17,0.0
2020-09-21 04:00:00,123.865,123.88,123.68,123.759,6444.0,17,0.0
2020-09-21 08:00:00,123.761,123.828,122.722,122.866,14919.0,17,0.0
2020-09-21 12:00:00,122.867,122.978,122.51,122.591,15635.0,17,0.0
2020-09-21 16:00:00,122.593,123.416,122.551,122.971,22380.0,17,0.0
2020-09-21 20:00:00,122.972,123.341,122.928,123.174,9263.0,17,0.0
2020-09-22 00:00:00,123.13,123.271,123.104,123.156,4863.0,17,0.0
2020-09-22 04:00:00,123.156,123.157,122.847,123.017,7670.0,17,0.0
2020-09-22 08:00:00,123.021,123.021,122.65,122.789,13302.0,17,0.0
2020-09-22 12:00:00,122.789,122.937,122.676,122.846,13772.0,11,0.0
2020-09-22 16:00:00,122.843,123.134,122.696,122.922,21637.0,10,0.0
2020-09-22 20:00:00,122.922,122.981,122.81,122.833,5496.0,11,0.0
2020-09-23 00:00:00,122.832,123.023,122.758,122.772,9604.0,10,0.0
2020-09-23 04:00:00,122.773,122.968,122.654,122.702,8186.0,11,0.0
2020-09-23 08:00:00,122.703,122.994,122.572,122.979,12857.0,10,0.0
2020-09-23 12:00:00,122.979,123.045,122.847,122.964,12710.0,10,0.0
2020-09-23 16:00:00,122.964,123.19,122.763,123.142,17601.0,10,0.0
2020-09-23 20:00:00,123.143,123.147,122.833,122.85,7876.0,10,0.0
2020-09-24 00:00:00,122.806,123.074,122.723,123.033,6959.0,10,0.0
2020-09-24 04:00:00,123.035,123.117,122.856,122.871,6619.0,11,0.0
2020-09-24 08:00:00,122.872,122.895,122.581,122.799,12609.0,10,0.0
2020-09-24 12:00:00,122.801,122.896,122.58,122.688,13100.0,10,0.0
2020-09-24 16:00:00,122.685,123.021,122.64,122.99,19257.0,10,0.0
2020-09-24 20:00:00,122.991,123.156,122.954,122.984,8117.0,11,0.0
2020-09-25 00:00:00,123.029,123.144,122.961,123.106,5592.0,11,0.0
2020-09-25 04:00:00,123.107,123.152,122.932,122.962,6589.0,10,0.0
2020-09-25 08:00:00,122.96,123.08,122.777,122.893,13334.0,10,0.0
2020-09-25 12:00:00,122.893,122.902,122.608,122.766,14725.0,10,0.0
2020-09-25 16:00:00,122.765,122.9,122.644,122.715,16202.0,15,0.0
2020-09-25 20:00:00,122.713,122.857,122.7,122.762,7759.0,16,0.0
2020-09-28 00:00:00,122.664,122.88,122.389,122.422,6123.0,16,0.0
2020-09-28 04:00:00,122.424,122.72,122.424,122.479,6306.0,15,0.0
2020-09-28 08:00:00,122.479,122.689,122.376,122.614,10331.0,15,0.0
2020-09-28 12:00:00,122.611,123.13,122.566,123.033,11062.0,15,0.0
2020-09-28 16:00:00,123.032,123.206,122.961,123.037,14554.0,15,0.0
2020-09-28 20:00:00,123.037,123.129,122.962,122.962,5556.0,15,0.0
2020-09-29 00:00:00,123.013,123.168,123.006,123.06,7928.0,15,0.0
2020-09-29 04:00:00,123.061,123.263,123.032,123.261,6729.0,16,0.0
2020-09-29 08:00:00,123.261,123.481,123.186,123.462,12512.0,15,0.0
2020-09-29 12:00:00,123.461,123.721,123.392,123.639,13174.0,15,0.0
2020-09-29 16:00:00,123.64,124.07,123.545,124.018,19036.0,15,0.0
2020-09-29 20:00:00,124.017,124.117,123.96,124.005,6544.0,9,0.0
2020-09-30 00:00:00,124.006,124.205,124.006,124.182,5342.0,16,0.0
2020-09-30 04:00:00,124.181,124.25,123.772,123.795,10414.0,15,0.0
2020-09-30 08:00:00,123.792,124.032,123.622,123.721,15883.0,15,0.0
2020-09-30 12:00:00,123.722,123.839,123.58,123.722,15573.0,15,0.0
2020-09-30 16:00:00,123.724,123.934,123.548,123.694,27069.0,15,0.0
2020-09-30 20:00:00,123.694,123.74,123.529,123.583,12922.0,15,0.0
2020-10-01 00:00:00,123.595,123.746,123.549,123.628,6933.0,15,0.0
2020-10-01 04:00:00,123.632,123.891,123.625,123.855,7005.0,15,0.0
2020-10-01 08:00:00,123.856,124.02,123.706,123.796,17605.0,16,0.0
2020-10-01 12:00:00,123.796,124.204,123.78,124.102,22909.0,15,0.0
2020-10-01 16:00:00,124.103,124.167,123.863,123.965,27626.0,15,0.0
2020-10-01 20:00:00,123.966,124.013,123.891,123.902,9633.0,15,0.0
2020-10-02 00:00:00,123.948,124.003,123.823,123.857,7309.0,16,0.0
2020-10-02 04:00:00,123.857,123.915,123.538,123.558,9262.0,15,0.0
2020-10-02 08:00:00,123.558,123.559,123.018,123.225,31592.0,15,0.0
2020-10-02 12:00:00,123.211,123.412,123.101,123.177,20401.0,15,0.0
2020-10-02 16:00:00,123.178,123.531,123.096,123.473,23925.0,15,0.0
2020-10-02 20:00:00,123.472,123.504,123.288,123.385,8593.0,15,0.0
2020-10-05 00:00:00,123.285,123.8,123.229,123.761,10814.0,15,0.0
2020-10-05 04:00:00,123.763,123.858,123.729,123.845,6980.0,16,0.0
2020-10-05 08:00:00,123.847,124.122,123.753,124.112,12809.0,15,0.0
2020-10-05 12:00:00,124.111,124.286,124.08,124.208,12195.0,15,0.0
2020-10-05 16:00:00,124.214,124.712,124.197,124.649,16170.0,15,0.0
2020-10-05 20:00:00,124.646,124.652,124.451,124.544,6139.0,16,0.0
2020-10-06 00:00:00,124.552,124.69,124.491,124.613,6407.0,16,0.0
2020-10-06 04:00:00,124.612,124.655,124.508,124.512,6814.0,16,0.0
2020-10-06 08:00:00,124.511,124.692,124.197,124.302,12424.0,15,0.0
2020-10-06 12:00:00,124.301,124.726,124.264,124.594,14208.0,15,0.0
2020-10-06 16:00:00,124.593,124.731,124.378,124.425,16343.0,15,0.0
2020-10-06 20:00:00,124.424,124.542,123.849,123.903,18093.0,15,0.0
2020-10-07 00:00:00,123.909,124.065,123.805,123.992,7323.0,15,0.0
2020-10-07 04:00:00,123.991,124.076,123.865,124.056,8036.0,15,0.0
2020-10-07 08:00:00,124.055,124.651,124.009,124.622,15473.0,15,0.0
2020-10-07 12:00:00,124.622,124.876,124.6,124.731,16475.0,15,0.0
2020-10-07 16:00:00,124.73,124.766,124.609,124.735,18316.0,15,0.0
2020-10-07 20:00:00,124.735,124.807,124.651,124.653,7107.0,15,0.0
2020-10-08 00:00:00,124.612,124.838,124.59,124.762,11603.0,16,0.0
2020-10-08 04:00:00,124.762,124.802,124.664,124.721,7126.0,16,0.0
2020-10-08 08:00:00,124.722,124.874,124.545,124.638,12049.0,16,0.0
2020-10-08 12:00:00,124.637,124.727,124.555,124.59,11313.0,16,0.0
2020-10-08 16:00:00,124.589,124.618,124.363,124.61,16003.0,15,0.0
2020-10-08 20:00:00,124.611,124.696,124.585,124.642,5807.0,16,0.0
2020-10-09 00:00:00,124.608,124.767,124.513,124.586,7148.0,16,0.0
2020-10-09 04:00:00,124.586,124.704,124.527,124.653,7387.0,15,0.0
2020-10-09 08:00:00,124.652,124.964,124.647,124.936,11627.0,15,0.0
2020-10-09 12:00:00,124.937,125.051,124.861,125.005,12947.0,16,0.0
2020-10-09 16:00:00,125.005,125.09,124.771,124.966,18446.0,15,0.0
2020-10-09 20:00:00,124.967,124.988,124.854,124.915,6720.0,16,0.0
2020-10-12 00:00:00,124.887,125.01,124.721,124.764,7302.0,16,0.0
2020-10-12 04:00:00,124.763,124.853,124.616,124.674,7465.0,15,0.0
2020-10-12 08:00:00,124.673,124.767,124.58,124.73,11265.0,16,0.0
2020-10-12 12:00:00,124.731,124.734,124.321,124.438,11277.0,15,0.0
2020-10-12 16:00:00,124.436,124.498,124.282,124.388,12293.0,15,0.0
2020-10-12 20:00:00,124.393,124.446,124.335,124.374,5014.0,16,0.0
2020-10-13 00:00:00,124.371,124.465,124.237,124.318,11280.0,15,0.0
2020-10-13 04:00:00,124.316,124.387,124.185,124.383,8342.0,16,0.0
2020-10-13 08:00:00,124.384,124.433,124.149,124.341,13748.0,16,0.0
2020-10-13 12:00:00,124.341,124.453,124.257,124.428,12943.0,15,0.0
2020-10-13 16:00:00,124.428,124.432,123.819,123.844,19165.0,15,0.0
2020-10-13 20:00:00,123.844,123.935,123.801,123.856,7221.0,16,0.0
2020-10-14 00:00:00,123.831,123.912,123.817,123.836,6436.0,17,0.0
2020-10-14 04:00:00,123.837,123.847,123.633,123.811,8750.0,15,0.0
2020-10-14 08:00:00,123.811,123.931,123.668,123.697,11670.0,16,0.0
2020-10-14 12:00:00,123.698,123.817,123.574,123.76,16803.0,16,0.0
2020-10-14 16:00:00,123.762,123.78,123.468,123.562,15498.0,15,0.0
2020-10-14 20:00:00,123.561,123.586,123.472,123.504,5670.0,16,0.0
2020-10-15 00:00:00,123.453,123.673,123.435,123.616,11179.0,15,0.0
2020-10-15 04:00:00,123.614,123.768,123.594,123.717,9606.0,16,0.0
2020-10-15 08:00:00,123.717,123.745,123.227,123.267,14337.0,15,0.0
2020-10-15 12:00:00,123.267,123.408,123.069,123.097,15410.0,15,0.0
2020-10-15 16:00:00,123.098,123.356,123.01,123.265,20420.0,15,0.0
2020-10-15 20:00:00,123.266,123.45,123.256,123.415,6669.0,16,0.0
2020-10-16 00:00:00,123.383,123.455,123.252,123.341,9179.0,16,0.0
2020-10-16 04:00:00,123.341,123.411,123.109,123.143,8464.0,16,0.0
2020-10-16 08:00:00,123.144,123.386,123.117,123.153,12321.0,15,0.0
2020-10-16 12:00:00,123.154,123.71,123.153,123.616,17533.0,16,0.0
2020-10-16 16:00:00,123.616,123.631,123.353,123.514,16015.0,16,0.0
2020-10-16 20:00:00,123.512,123.561,123.337,123.45,5171.0,17,0.0
2020-10-19 00:00:00,123.481,123.635,123.346,123.541,6102.0,17,0.0
2020-10-19 04:00:00,123.54,123.567,123.398,123.414,7260.0,17,0.0
2020-10-19 08:00:00,123.413,123.705,123.362,123.642,11203.0,17,0.0
2020-10-19 12:00:00,123.643,124.15,123.643,124.06,11832.0,16,0.0
2020-10-19 16:00:00,124.059,124.342,124.056,124.199,14292.0,16,0.0
2020-10-19 20:00:00,124.197,124.227,124.043,124.046,6420.0,17,0.0
2020-10-20 00:00:00,124.051,124.34,123.956,124.29,13760.0,17,0.0
2020-10-20 04:00:00,124.29,124.317,124.168,124.278,7589.0,16,0.0
2020-10-20 08:00:00,124.278,124.413,124.11,124.337,10882.0,17,0.0
2020-10-20 12:00:00,124.336,124.91,124.336,124.83,13219.0,16,0.0
2020-10-20 16:00:00,124.828,125.001,124.779,124.848,15276.0,16,0.0
2020-10-20 20:00:00,124.849,124.91,124.672,124.679,7648.0,16,0.0
2020-10-21 00:00:00,124.68,124.838,124.635,124.702,8811.0,16,0.0
2020-10-21 04:00:00,124.701,124.839,124.666,124.752,9490.0,16,0.0
2020-10-21 08:00:00,124.752,124.836,124.357,124.364,17603.0,16,0.0
2020-10-21 12:00:00,124.362,124.377,124.058,124.069,15912.0,16,0.0
2020-10-21 16:00:00,124.07,124.175,123.911,124.083,18445.0,16,0.0
2020-10-21 20:00:00,124.081,124.085,123.938,123.944,6902.0,16,0.0
2020-10-22 00:00:00,123.98,124.09,123.893,123.939,10321.0,16,0.0
2020-10-22 04:00:00,123.939,124.05,123.935,124.025,7201.0,17,0.0
2020-10-22 08:00:00,124.024,124.07,123.799,123.984,12824.0,16,0.0
2020-10-22 12:00:00,123.983,124.025,123.645,123.711,13168.0,16,0.0
2020-10-22 16:00:00,123.711,124.079,123.687,123.911,16148.0,16,0.0
2020-10-22 20:00:00,123.91,124.009,123.838,123.881,4664.0,17,0.0
2020-10-23 00:00:00,123.901,124.017,123.407,123.584,12600.0,16,0.0
2020-10-23 04:00:00,123.585,123.656,123.506,123.568,7511.0,17,0.0
2020-10-23 08:00:00,123.569,123.907,123.473,123.853,12648.0,16,0.0
2020-10-23 12:00:00,123.851,124.213,123.806,124.093,12098.0,16,0.0
2020-10-23 16:00:00,124.093,124.151,123.967,124.047,14854.0,17,0.0
2020-10-23 20:00:00,124.048,124.226,124.046,124.153,4870.0,17,0.0
2020-10-26 00:00:00,124.12,124.193,123.961,124.151,12270.0,16,0.0
2020-10-26 04:00:00,124.151,124.202,124.082,124.097,6341.0,16,0.0
2020-10-26 08:00:00,124.098,124.196,123.773,123.852,14378.0,16,0.0
2020-10-26 12:00:00,123.853,124.153,123.82,124.032,11973.0,16,0.0
2020-10-26 16:00:00,124.032,124.065,123.862,123.9,10510.0,17,0.0
2020-10-26 20:00:00,123.901,123.914,123.733,123.807,4727.0,17,0.0
2020-10-27 00:00:00,123.803,123.897,123.684,123.815,6431.0,17,0.0
2020-10-27 04:00:00,123.815,123.952,123.731,123.941,4808.0,17,0.0
2020-10-27 08:00:00,123.934,123.991,123.496,123.523,10118.0,17,0.0
2020-10-27 12:00:00,123.526,123.844,123.494,123.792,9783.0,17,0.0
2020-10-27 16:00:00,123.793,123.831,123.45,123.476,9608.0,17,0.0
2020-10-27 20:00:00,123.475,123.514,123.032,123.131,5460.0,17,0.0
2020-10-28 00:00:00,123.134,123.179,122.949,123.005,7493.0,17,0.0
2020-10-28 04:00:00,123.006,123.026,122.734,122.847,5883.0,17,0.0
2020-10-28 08:00:00,122.842,122.842,122.422,122.422,13134.0,17,0.0
2020-10-28 12:00:00,122.423,122.489,122.175,122.421,15767.0,17,0.0
2020-10-28 16:00:00,122.424,122.688,122.199,122.572,14437.0,17,0.0
2020-10-28 20:00:00,122.574,122.651,122.472,122.512,7413.0,17,0.0
2020-10-29 00:00:00,122.512,122.882,122.497,122.835,7175.0,17,0.0
2020-10-29 04:00:00,122.833,122.856,122.651,122.71,5496.0,17,0.0
2020-10-29 08:00:00,122.71,122.719,122.055,122.082,12320.0,17,0.0
2020-10-29 12:00:00,122.082,122.199,121.887,122.003,18174.0,17,0.0
2020-10-29 16:00:00,122.005,122.158,121.911,122.051,15457.0,17,0.0
2020-10-29 20:00:00,122.053,122.206,122.04,122.094,7112.0,17,0.0
2020-10-30 00:00:00,122.092,122.131,121.95,122.056,7971.0,17,0.0
2020-10-30 04:00:00,122.058,122.109,121.611,121.73,8541.0,17,0.0
2020-10-30 08:00:00,121.73,121.962,121.641,121.892,13666.0,17,0.0
2020-10-30 12:00:00,121.892,122.451,121.792,122.135,14057.0,17,0.0
2020-10-30 16:00:00,122.136,122.318,121.68,121.872,16649.0,17,0.0
2020-10-30 20:00:00,121.873,121.951,121.731,121.807,5955.0,17,0.0
2020-11-02 00:00:00,121.723,121.963,121.697,121.897,10281.0,17,0.0
2020-11-02 04:00:00,121.897,121.919,121.788,121.835,6110.0,17,0.0
2020-11-02 08:00:00,121.831,122.143,121.821,121.992,12317.0,17,0.0
2020-11-02 12:00:00,121.989,122.056,121.783,121.79,10453.0,17,0.0
2020-11-02 16:00:00,121.791,122.007,121.722,121.911,11381.0,17,0.0
2020-11-02 20:00:00,121.912,121.996,121.834,121.893,5069.0,17,0.0
2020-11-03 00:00:00,121.87,122.039,121.776,122.013,4620.0,17,0.0
2020-11-03 04:00:00,122.014,122.085,121.947,122.039,5227.0,17,0.0
2020-11-03 08:00:00,122.037,122.469,121.799,122.459,12031.0,17,0.0
2020-11-03 12:00:00,122.459,122.746,122.373,122.484,11073.0,17,0.0
2020-11-03 16:00:00,122.484,122.703,122.335,122.354,13165.0,17,0.0
2020-11-03 20:00:00,122.354,122.519,122.325,122.376,7138.0,17,0.0
2020-11-04 00:00:00,122.369,123.07,122.149,122.218,22399.0,17,0.0
2020-11-04 04:00:00,122.221,122.687,122.027,122.346,29136.0,17,0.0
2020-11-04 08:00:00,122.334,122.707,121.952,122.459,20608.0,17,0.0
2020-11-04 12:00:00,122.46,122.494,122.125,122.336,19322.0,17,0.0
2020-11-04 16:00:00,122.335,122.594,122.06,122.503,18784.0,17,0.0
2020-11-04 20:00:00,122.504,122.545,122.349,122.47,8929.0,17,0.0
2020-11-05 00:00:00,122.459,122.617,122.226,122.268,10569.0,17,0.0
2020-11-05 04:00:00,122.269,122.494,122.207,122.403,8955.0,17,0.0
2020-11-05 08:00:00,122.406,123.021,122.406,122.948,15395.0,17,0.0
2020-11-05 12:00:00,122.946,123.178,122.694,122.728,18943.0,17,0.0
2020-11-05 16:00:00,122.726,122.788,122.35,122.419,18913.0,17,0.0
2020-11-05 20:00:00,122.421,122.563,122.315,122.315,10856.0,17,0.0
2020-11-06 00:00:00,122.329,122.718,122.286,122.388,12517.0,17,0.0
2020-11-06 04:00:00,122.386,122.501,122.215,122.316,11838.0,17,0.0
2020-11-06 08:00:00,122.31,122.63,122.305,122.532,13806.0,17,0.0
2020-11-06 12:00:00,122.532,122.835,122.449,122.778,16570.0,17,0.0
2020-11-06 16:00:00,122.782,122.986,122.626,122.712,20371.0,17,0.0
2020-11-06 20:00:00,122.712,122.77,122.643,122.721,6314.0,17,0.0
2020-11-09 00:00:00,122.861,122.885,122.653,122.838,11011.0,17,0.0
2020-11-09 04:00:00,122.835,123.14,122.826,123.007,8117.0,17,0.0
2020-11-09 08:00:00,123.011,123.196,122.889,123.159,13878.0,17,0.0
2020-11-09 12:00:00,123.16,124.916,123.06,124.713,27108.0,17,0.0
2020-11-09 16:00:00,124.711,125.131,124.486,124.633,29441.0,17,0.0
2020-11-09 20:00:00,124.63,124.755,124.427,124.427,12201.0,17,0.0
2020-11-10 00:00:00,124.393,124.482,124.029,124.078,14810.0,17,0.0
2020-11-10 04:00:00,124.08,124.29,123.989,124.204,13054.0,17,0.0
2020-11-10 08:00:00,124.203,124.442,124.091,124.336,15839.0,17,0.0
2020-11-10 12:00:00,124.334,124.429,124.093,124.293,17505.0,17,0.0
2020-11-10 16:00:00,124.292,124.6,124.259,124.453,19280.0,17,0.0
2020-11-10 20:00:00,124.454,124.541,124.284,124.328,7967.0,17,0.0
2020-11-11 00:00:00,124.34,124.449,124.162,124.288,8473.0,17,0.0
2020-11-11 04:00:00,124.295,124.481,124.259,124.42,7040.0,17,0.0
2020-11-11 08:00:00,124.422,124.669,124.237,124.338,12350.0,17,0.0
2020-11-11 12:00:00,124.338,124.346,123.966,124.027,13167.0,17,0.0
2020-11-11 16:00:00,124.028,124.289,123.914,124.281,12973.0,17,0.0
2020-11-11 20:00:00,124.281,124.284,124.075,124.162,5550.0,17,0.0
2020-11-12 00:00:00,124.16,124.222,123.954,123.987,8648.0,17,0.0
2020-11-12 04:00:00,123.985,124.083,123.816,123.882,6778.0,17,0.0
2020-11-12 08:00:00,123.881,124.495,123.679,124.446,11888.0,17,0.0
2020-11-12 12:00:00,124.446,124.499,124.176,124.245,12138.0,17,0.0
2020-11-12 16:00:00,124.245,124.26,123.939,124.138,14600.0,17,0.0
2020-11-12 20:00:00,124.135,124.184,124.009,124.077,8090.0,17,0.0
2020-11-13 00:00:00,124.1,124.12,123.83,123.887,9406.0,17,0.0
2020-11-13 04:00:00,123.883,123.889,123.788,123.823,6504.0,17,0.0
2020-11-13 08:00:00,123.827,124.252,123.826,124.196,9812.0,17,0.0
2020-11-13 12:00:00,124.196,124.298,123.756,123.808,14072.0,16,0.0
2020-11-13 16:00:00,123.806,123.951,123.657,123.717,18273.0,17,0.0
2020-11-13 20:00:00,123.717,123.847,123.703,123.815,7838.0,17,0.0
2020-11-16 00:00:00,123.992,124.019,123.738,123.868,10166.0,17,0.0
2020-11-16 04:00:00,123.867,123.969,123.799,123.905,6821.0,17,0.0
2020-11-16 08:00:00,123.905,123.944,123.666,123.826,12774.0,16,0.0
2020-11-16 12:00:00,123.826,124.436,123.737,123.933,27520.0,16,0.0
2020-11-16 16:00:00,123.933,123.977,123.627,123.79,15544.0,16,0.0
2020-11-16 20:00:00,123.79,123.984,123.711,123.916,5811.0,16,0.0
2020-11-17 00:00:00,123.897,124.022,123.858,123.984,11294.0,16,0.0
2020-11-17 04:00:00,123.982,124.005,123.877,123.91,5340.0,17,0.0
2020-11-17 08:00:00,123.911,123.972,123.716,123.773,11918.0,16,0.0
2020-11-17 12:00:00,123.773,123.927,123.643,123.783,13296.0,16,0.0
2020-11-17 16:00:00,123.785,123.794,123.514,123.641,19072.0,16,0.0
2020-11-17 20:00:00,123.641,123.69,123.53,123.536,8258.0,16,0.0
2020-11-18 00:00:00,123.576,123.615,123.36,123.406,10515.0,17,0.0
2020-11-18 04:00:00,123.402,123.575,123.397,123.479,7607.0,17,0.0
2020-11-18 08:00:00,123.48,123.586,123.363,123.458,13854.0,17,0.0
2020-11-18 12:00:00,123.458,123.501,123.217,123.293,17000.0,16,0.0
2020-11-18 16:00:00,123.292,123.319,123.014,123.233,16431.0,16,0.0
2020-11-18 20:00:00,123.23,123.251,123.001,123.006,8625.0,16,0.0
2020-11-19 00:00:00,123.064,123.119,122.879,122.994,11299.0,16,0.0
2020-11-19 04:00:00,122.994,123.021,122.841,122.974,8504.0,17,0.0
2020-11-19 08:00:00,122.974,123.184,122.86,123.093,16542.0,16,0.0
2020-11-19 12:00:00,123.09,123.201,123.036,123.053,16412.0,16,0.0
2020-11-19 16:00:00,123.054,123.082,122.935,122.989,18236.0,16,0.0
2020-11-19 20:00:00,122.99,123.316,122.987,123.147,9965.0,17,0.0
2020-11-20 00:00:00,123.096,123.382,123.096,123.362,9557.0,16,0.0
2020-11-20 04:00:00,123.363,123.475,123.266,123.338,7708.0,16,0.0
2020-11-20 08:00:00,123.336,123.378,123.057,123.098,14243.0,16,0.0
2020-11-20 12:00:00,123.095,123.274,123.056,123.184,13523.0,16,0.0
2020-11-20 16:00:00,123.186,123.243,123.007,123.087,13792.0,16,0.0
2020-11-20 20:00:00,123.085,123.228,123.044,123.136,8248.0,16,0.0
2020-11-23 00:00:00,122.963,123.244,122.963,123.219,6779.0,17,0.0
2020-11-23 04:00:00,123.218,123.221,123.159,123.215,3475.0,17,0.0
2020-11-23 08:00:00,123.215,123.334,123.106,123.283,13349.0,16,0.0
2020-11-23 12:00:00,123.278,123.496,123.181,123.419,13706.0,16,0.0
2020-11-23 16:00:00,123.42,123.58,123.211,123.55,27569.0,16,0.0
2020-11-23 20:00:00,123.549,123.826,123.525,123.729,8113.0,16,0.0
2020-11-24 00:00:00,123.732,123.893,123.568,123.832,13260.0,17,0.0
2020-11-24 04:00:00,123.832,123.905,123.663,123.693,8117.0,16,0.0
2020-11-24 08:00:00,123.694,123.908,123.693,123.838,13125.0,16,0.0
2020-11-24 12:00:00,123.838,124.15,123.838,124.083,15259.0,16,0.0
2020-11-24 16:00:00,124.082,124.351,123.977,124.219,18032.0,17,0.0
2020-11-24 20:00:00,124.219,124.269,124.135,124.136,8716.0,17,0.0
2020-11-25 00:00:00,124.159,124.408,124.136,124.369,13708.0,16,0.0
2020-11-25 04:00:00,124.367,124.479,124.287,124.308,8831.0,16,0.0
2020-11-25 08:00:00,124.307,124.51,124.145,124.228,17638.0,16,0.0
2020-11-25 12:00:00,124.227,124.368,124.154,124.288,14184.0,16,0.0
2020-11-25 16:00:00,124.291,124.378,124.154,124.329,17771.0,16,0.0
2020-11-25 20:00:00,124.327,124.514,124.325,124.408,8060.0,16,0.0
2020-11-26 00:00:00,124.418,124.489,124.367,124.436,9269.0,17,0.0
2020-11-26 04:00:00,124.437,124.461,124.337,124.46,5504.0,17,0.0
2020-11-26 08:00:00,124.468,124.569,124.101,124.113,12341.0,16,0.0
2020-11-26 12:00:00,124.111,124.222,123.909,124.042,10686.0,16,0.0
2020-11-26 16:00:00,124.042,124.205,124.022,124.204,8030.0,16,0.0
2020-11-26 20:00:00,124.203,124.241,124.093,124.165,10360.0,17,0.0
2020-11-27 00:00:00,124.17,124.217,123.902,123.939,8183.0,16,0.0
2020-11-27 04:00:00,123.94,124.037,123.905,123.968,7284.0,17,0.0
2020-11-27 08:00:00,123.97,124.155,123.901,124.042,10256.0,16,0.0
2020-11-27 12:00:00,124.042,124.347,123.969,124.329,13907.0,16,0.0
2020-11-27 16:00:00,124.329,124.428,124.2,124.382,16201.0,16,0.0
2020-11-27 20:00:00,124.383,124.518,124.302,124.479,8190.0,17,0.0
2020-11-30 00:00:00,124.453,124.669,124.312,124.369,10425.0,16,0.0
2020-11-30 04:00:00,124.369,124.409,124.306,124.34,7685.0,17,0.0
2020-11-30 08:00:00,124.341,124.967,124.316,124.681,14814.0,16,0.0
2020-11-30 12:00:00,124.681,124.872,124.562,124.864,14193.0,17,0.0
2020-11-30 16:00:00,124.865,125.127,124.579,124.669,24360.0,16,0.0
2020-11-30 20:00:00,124.669,124.693,124.319,124.37,10216.0,17,0.0
2020-12-01 00:00:00,124.357,124.698,124.308,124.698,9503.0,17,0.0
2020-12-01 04:00:00,124.698,124.923,124.67,124.808,7008.0,17,0.0
2020-12-01 08:00:00,124.809,124.951,124.752,124.934,13861.0,17,0.0
2020-12-01 12:00:00,124.932,125.13,124.852,125.119,14624.0,16,0.0
2020-12-01 16:00:00,125.119,125.799,125.094,125.663,24399.0,16,0.0
2020-12-01 20:00:00,125.662,125.954,125.649,125.841,8558.0,16,0.0
2020-12-02 00:00:00,125.886,126.049,125.783,126.034,11828.0,17,0.0
2020-12-02 04:00:00,126.034,126.142,126.022,126.038,7219.0,17,0.0
2020-12-02 08:00:00,126.036,126.305,125.994,126.195,17512.0,16,0.0
2020-12-02 12:00:00,126.195,126.326,126.101,126.233,18058.0,16,0.0
2020-12-02 16:00:00,126.231,126.485,126.077,126.392,21005.0,16,0.0
2020-12-02 20:00:00,126.391,126.554,126.357,126.453,7721.0,16,0.0
2020-12-03 00:00:00,126.442,126.634,126.227,126.607,9511.0,17,0.0
2020-12-03 04:00:00,126.607,126.658,126.55,126.597,6726.0,17,0.0
2020-12-03 08:00:00,126.597,126.638,126.204,126.291,15538.0,16,0.0
2020-12-03 12:00:00,126.293,126.567,126.242,126.427,17686.0,16,0.0
2020-12-03 16:00:00,126.429,126.473,126.036,126.179,21785.0,16,0.0
2020-12-03 20:00:00,126.179,126.272,126.036,126.036,8171.0,17,0.0
2020-12-04 00:00:00,126.078,126.161,126.036,126.093,8436.0,16,0.0
2020-12-04 04:00:00,126.092,126.35,126.044,126.328,7089.0,17,0.0
2020-12-04 08:00:00,126.327,126.571,126.226,126.486,14635.0,16,0.0
2020-12-04 12:00:00,126.487,126.681,126.266,126.335,20288.0,16,0.0
2020-12-04 16:00:00,126.334,126.573,126.315,126.438,19628.0,16,0.0
2020-12-04 20:00:00,126.438,126.484,126.174,126.245,8358.0,17,0.0
2020-12-07 00:00:00,126.262,126.433,126.147,126.251,10162.0,17,0.0
2020-12-07 04:00:00,126.25,126.28,126.131,126.276,6701.0,17,0.0
2020-12-07 08:00:00,126.275,126.313,125.974,126.118,16879.0,17,0.0
2020-12-07 12:00:00,126.121,126.359,126.054,126.272,16843.0,17,0.0
2020-12-07 16:00:00,126.273,126.491,126.139,126.17,17405.0,16,0.0
2020-12-07 20:00:00,126.17,126.17,125.963,125.983,10353.0,16,0.0
2020-12-08 00:00:00,125.921,126.049,125.863,125.969,8424.0,17,0.0
2020-12-08 04:00:00,125.968,126.101,125.958,126.084,6125.0,17,0.0
2020-12-08 08:00:00,126.085,126.251,125.909,126.137,13411.0,16,0.0
2020-12-08 12:00:00,126.137,126.259,126.036,126.157,17712.0,17,0.0
2020-12-08 16:00:00,126.156,126.259,126.052,126.15,18108.0,16,0.0
2020-12-08 20:00:00,126.15,126.196,126.006,126.014,5968.0,17,0.0
2020-12-09 00:00:00,126.029,126.186,126.003,126.126,7756.0,17,0.0
2020-12-09 04:00:00,126.126,126.353,126.109,126.352,6035.0,17,0.0
2020-12-09 08:00:00,126.351,126.519,126.186,126.215,12629.0,17,0.0
2020-12-09 12:00:00,126.215,126.332,126.013,126.238,15673.0,16,0.0
2020-12-09 16:00:00,126.238,126.277,125.832,125.971,19391.0,16,0.0
2020-12-09 20:00:00,125.971,125.971,125.787,125.805,10321.0,17,0.0
2020-12-10 00:00:00,125.868,126.033,125.798,125.99,9032.0,17,0.0
2020-12-10 04:00:00,125.99,126.364,125.981,126.307,8075.0,17,0.0
2020-12-10 08:00:00,126.308,126.562,126.257,126.464,13485.0,16,0.0
2020-12-10 12:00:00,126.464,126.643,126.239,126.559,20427.0,17,0.0
2020-12-10 16:00:00,126.559,126.742,126.305,126.421,27472.0,16,0.0
2020-12-10 20:00:00,126.424,126.559,126.371,126.464,10483.0,16,0.0
2020-12-11 00:00:00,126.507,126.616,126.272,126.412,11559.0,16,0.0
2020-12-11 04:00:00,126.412,126.523,126.347,126.427,7110.0,17,0.0
2020-12-11 08:00:00,126.43,126.53,125.995,126.063,15386.0,17,0.0
2020-12-11 12:00:00,126.063,126.303,126.036,126.061,17734.0,16,0.0
2020-12-11 16:00:00,126.061,126.226,125.786,125.91,19510.0,17,0.0
2020-12-11 20:00:00,125.91,126.079,125.863,125.948,7877.0,17,0.0
2020-12-14 00:00:00,126.131,126.255,125.982,126.151,10437.0,16,0.0
2020-12-14 04:00:00,126.151,126.307,126.126,126.302,6444.0,17,0.0
2020-12-14 08:00:00,126.302,126.39,126.087,126.14,12757.0,17,0.0
2020-12-14 12:00:00,126.138,126.24,126.01,126.05,15665.0,16,0.0
2020-12-14 16:00:00,126.05,126.516,125.919,126.454,22301.0,16,0.0
2020-12-14 20:00:00,126.454,126.494,126.288,126.296,8729.0,16,0.0
2020-12-15 00:00:00,126.333,126.581,126.221,126.57,8388.0,16,0.0
2020-12-15 04:00:00,126.569,126.576,126.458,126.489,6168.0,17,0.0
2020-12-15 08:00:00,126.488,126.592,126.241,126.496,12188.0,17,0.0
2020-12-15 12:00:00,126.496,126.54,125.96,125.974,16340.0,16,0.0
2020-12-15 16:00:00,125.974,126.217,125.961,126.15,17689.0,16,0.0
2020-12-15 20:00:00,126.151,126.191,125.926,125.947,11444.0,17,0.0
2020-12-16 00:00:00,125.917,126.045,125.862,125.942,7040.0,16,0.0
2020-12-16 04:00:00,125.941,125.998,125.798,125.872,6151.0,17,0.0
2020-12-16 08:00:00,125.871,126.192,125.709,126.078,17521.0,16,0.0
2020-12-16 12:00:00,126.077,126.163,125.921,126.138,15299.0,17,0.0
2020-12-16 16:00:00,126.139,126.35,126.045,126.102,18359.0,16,0.0
2020-12-16 20:00:00,126.101,126.188,125.985,126.155,19157.0,16,0.0
2020-12-17 00:00:00,126.189,126.303,126.052,126.117,9223.0,16,0.0
2020-12-17 04:00:00,126.117,126.389,126.062,126.31,7541.0,17,0.0
2020-12-17 08:00:00,126.309,126.374,126.08,126.08,15207.0,17,0.0
2020-12-17 12:00:00,126.08,126.357,126.018,126.16,16119.0,17,0.0
2020-12-17 16:00:00,126.162,126.465,126.055,126.383,18183.0,16,0.0
2020-12-17 20:00:00,126.383,126.523,126.383,126.412,10812.0,17,0.0
2020-12-18 00:00:00,126.444,126.635,126.321,126.625,7807.0,17,0.0
2020-12-18 04:00:00,126.623,126.707,126.518,126.648,7433.0,16,0.0
2020-12-18 08:00:00,126.648,127.016,126.6,126.844,15249.0,16,0.0
2020-12-18 12:00:00,126.843,126.857,126.441,126.487,16496.0,16,0.0
2020-12-18 16:00:00,126.488,126.608,126.389,126.447,18326.0,17,0.0
2020-12-18 20:00:00,126.447,126.634,126.415,126.587,7840.0,17,0.0
2020-12-21 00:00:00,126.531,126.652,126.042,126.114,11091.0,17,0.0
2020-12-21 04:00:00,126.114,126.152,125.913,126.137,10409.0,17,0.0
2020-12-21 08:00:00,126.136,126.558,126.018,126.302,22805.0,17,0.0
2020-12-21 12:00:00,126.302,126.367,125.963,126.227,32846.0,17,0.0
2020-12-21 16:00:00,126.229,126.561,126.203,126.51,20607.0,17,0.0
2020-12-21 20:00:00,126.51,126.615,126.329,126.425,12978.0,17,0.0
2020-12-22 00:00:00,126.458,126.554,126.343,126.495,8529.0,17,0.0
2020-12-22 04:00:00,126.491,126.501,126.34,126.412,7269.0,17,0.0
2020-12-22 08:00:00,126.411,126.479,126.185,126.217,15712.0,17,0.0
2020-12-22 12:00:00,126.218,126.659,126.188,126.548,18269.0,17,0.0
2020-12-22 16:00:00,126.549,126.627,126.11,126.186,23327.0,16,0.0
2020-12-22 20:00:00,126.186,126.19,125.983,125.988,10904.0,17,0.0
2020-12-23 00:00:00,126.011,126.166,125.935,126.114,10240.0,17,0.0
2020-12-23 04:00:00,126.113,126.162,125.973,126.074,7074.0,17,0.0
2020-12-23 08:00:00,126.077,126.146,125.971,126.14,12606.0,16,0.0
2020-12-23 12:00:00,126.141,126.171,125.939,126.033,15946.0,17,0.0
2020-12-23 16:00:00,126.033,126.379,126.033,126.254,25217.0,17,0.0
2020-12-23 20:00:00,126.255,126.272,126.091,126.093,11044.0,17,0.0
2020-12-24 00:00:00,126.14,126.487,126.077,126.456,8181.0,17,0.0
2020-12-24 04:00:00,126.456,126.48,126.349,126.393,6405.0,17,0.0
2020-12-24 08:00:00,126.392,126.499,126.323,126.369,8998.0,16,0.0
2020-12-24 12:00:00,126.367,126.445,126.318,126.369,7815.0,17,0.0
2020-12-24 16:00:00,126.367,126.462,126.221,126.283,9716.0,16,0.0
2020-12-24 20:00:00,126.283,126.337,126.11,126.222,5797.0,17,0.0
2020-12-28 00:00:00,126.217,126.473,126.044,126.396,10996.0,17,0.0
2020-12-28 04:00:00,126.397,126.532,126.372,126.459,6897.0,16,0.0
2020-12-28 08:00:00,126.459,126.732,126.432,126.725,9488.0,16,0.0
2020-12-28 12:00:00,126.725,126.737,126.369,126.537,16664.0,16,0.0
2020-12-28 16:00:00,126.537,126.958,126.503,126.76,15835.0,17,0.0
2020-12-28 20:00:00,126.76,126.82,126.692,126.751,8271.0,16,0.0
2020-12-29 00:00:00,126.77,126.958,126.682,126.897,9538.0,17,0.0
2020-12-29 04:00:00,126.897,126.991,126.86,126.916,8098.0,17,0.0
2020-12-29 08:00:00,126.914,127.074,126.882,127.038,10439.0,16,0.0
2020-12-29 12:00:00,127.035,127.235,126.91,127.081,11374.0,17,0.0
2020-12-29 16:00:00,127.084,127.132,126.771,126.789,15515.0,16,0.0
2020-12-29 20:00:00,126.788,126.957,126.762,126.849,7656.0,17,0.0
2020-12-30 00:00:00,126.892,127.137,126.797,127.032,10883.0,16,0.0
2020-12-30 04:00:00,127.035,127.051,126.891,126.946,8901.0,17,0.0
2020-12-30 08:00:00,126.947,126.957,126.538,126.656,12386.0,17,0.0
2020-12-30 12:00:00,126.656,126.712,126.467,126.659,14552.0,16,0.0
2020-12-30 16:00:00,126.66,127.023,126.542,126.882,20791.0,16,0.0
2020-12-30 20:00:00,126.88,127.031,126.805,126.805,7786.0,17,0.0
2020-12-31 00:00:00,126.744,126.981,126.701,126.912,5705.0,17,0.0
2020-12-31 04:00:00,126.917,126.924,126.735,126.751,7192.0,17,0.0
2020-12-31 08:00:00,126.751,126.885,126.454,126.491,13065.0,17,0.0
2020-12-31 12:00:00,126.493,126.661,126.372,126.619,13791.0,17,0.0
2020-12-31 16:00:00,126.618,126.641,126.152,126.274,18687.0,17,0.0
2020-12-31 20:00:00,126.273,126.292,126.072,126.136,5226.0,17,0.0
2021-01-04 00:00:00,126.17,126.528,126.094,126.27,14649.0,16,0.0
2021-01-04 04:00:00,126.27,126.326,126.12,126.238,8923.0,16,0.0
2021-01-04 08:00:00,126.237,126.351,126.131,126.307,15937.0,17,0.0
2021-01-04 12:00:00,126.306,126.754,126.262,126.71,19506.0,16,0.0
2021-01-04 16:00:00,126.714,126.796,126.361,126.422,31514.0,16,0.0
2021-01-04 20:00:00,126.421,126.448,126.236,126.236,15793.0,16,0.0
2021-01-05 00:00:00,126.258,126.479,126.214,126.404,15136.0,17,0.0
2021-01-05 04:00:00,126.403,126.555,126.287,126.349,15510.0,17,0.0
2021-01-05 08:00:00,126.35,126.364,126.157,126.205,21201.0,17,0.0
2021-01-05 12:00:00,126.205,126.351,126.17,126.204,20645.0,17,0.0
2021-01-05 16:00:00,126.202,126.301,126.052,126.257,27058.0,16,0.0
2021-01-05 20:00:00,126.255,126.33,126.193,126.207,13000.0,17,0.0
2021-01-06 00:00:00,126.203,126.481,126.139,126.305,24023.0,16,0.0
2021-01-06 04:00:00,126.303,126.479,126.248,126.394,27888.0,17,0.0
2021-01-06 08:00:00,126.395,126.925,126.385,126.92,23434.0,16,0.0
2021-01-06 12:00:00,126.919,127.181,126.791,127.107,23974.0,16,0.0
2021-01-06 16:00:00,127.108,127.247,126.826,126.936,33366.0,17,0.0
2021-01-06 20:00:00,126.935,127.067,126.84,126.919,26423.0,16,0.0
2021-01-07 00:00:00,126.964,127.234,126.898,127.187,16255.0,16,0.0
2021-01-07 04:00:00,127.189,127.234,127.037,127.086,14401.0,16,0.0
2021-01-07 08:00:00,127.086,127.304,126.966,127.068,21416.0,16,0.0
2021-01-07 12:00:00,127.064,127.223,126.917,127.135,22853.0,16,0.0
2021-01-07 16:00:00,127.135,127.476,127.11,127.42,27268.0,16,0.0
2021-01-07 20:00:00,127.422,127.494,127.282,127.308,12770.0,16,0.0
2021-01-08 00:00:00,127.329,127.423,127.221,127.246,18289.0,16,0.0
2021-01-08 04:00:00,127.247,127.439,127.227,127.369,16829.0,16,0.0
2021-01-08 08:00:00,127.369,127.465,126.957,127.072,22776.0,17,0.0
2021-01-08 12:00:00,127.075,127.291,127.035,127.174,17625.0,17,0.0
2021-01-08 16:00:00,127.172,127.37,127.075,127.168,33396.0,16,0.0
2021-01-08 20:00:00,127.165,127.185,126.818,127.037,16611.0,16,0.0
2021-01-11 00:00:00,126.824,127.086,126.774,126.862,13622.0,16,0.0
2021-01-11 04:00:00,126.862,126.917,126.765,126.917,10946.0,17,0.0
2021-01-11 08:00:00,126.913,127.002,126.585,126.595,16147.0,17,0.0
2021-01-11 12:00:00,126.594,126.792,126.561,126.636,15701.0,17,0.0
2021-01-11 16:00:00,126.637,126.793,126.57,126.752,24581.0,17,0.0
2021-01-11 20:00:00,126.752,126.764,126.558,126.625,8578.0,16,0.0
2021-01-12 00:00:00,126.654,126.775,126.538,126.637,13541.0,17,0.0
2021-01-12 04:00:00,126.639,126.702,126.573,126.68,8964.0,17,0.0
2021-01-12 08:00:00,126.677,126.864,126.617,126.675,15989.0,17,0.0
2021-01-12 12:00:00,126.674,126.758,126.538,126.619,15342.0,17,0.0
2021-01-12 16:00:00,126.622,126.771,126.575,126.705,19692.0,17,0.0
2021-01-12 20:00:00,126.705,126.735,126.571,126.583,15317.0,17,0.0
2021-01-13 00:00:00,126.66,126.707,126.44,126.525,9956.0,16,0.0
2021-01-13 04:00:00,126.524,126.597,126.481,126.587,9510.0,17,0.0
2021-01-13 08:00:00,126.586,126.691,126.472,126.574,14528.0,16,0.0
2021-01-13 12:00:00,126.573,126.597,126.266,126.316,16284.0,16,0.0
2021-01-13 16:00:00,126.317,126.436,126.211,126.368,20497.0,17,0.0
2021-01-13 20:00:00,126.371,126.395,126.229,126.229,12283.0,16,0.0
2021-01-14 00:00:00,126.216,126.435,126.202,126.338,11352.0,17,0.0
2021-01-14 04:00:00,126.337,126.489,126.276,126.392,17930.0,17,0.0
2021-01-14 08:00:00,126.393,126.513,126.289,126.498,14222.0,17,0.0
2021-01-14 12:00:00,126.494,126.524,126.091,126.12,15939.0,16,0.0
2021-01-14 16:00:00,126.12,126.193,125.921,126.091,20536.0,17,0.0
2021-01-14 20:00:00,126.093,126.194,126.071,126.098,13390.0,17,0.0
2021-01-15 00:00:00,126.098,126.191,125.984,126.05,13361.0,16,0.0
2021-01-15 04:00:00,126.051,126.169,125.966,126.013,8365.0,17,0.0
2021-01-15 08:00:00,126.011,126.021,125.642,125.821,12764.0,16,0.0
2021-01-15 12:00:00,125.82,125.873,125.617,125.704,14338.0,16,0.0
2021-01-15 16:00:00,125.705,125.771,125.395,125.533,22764.0,16,0.0
2021-01-15 20:00:00,125.532,125.534,125.406,125.406,9532.0,17,0.0
2021-01-18 00:00:00,125.417,125.504,125.229,125.276,12148.0,17,0.0
2021-01-18 04:00:00,125.276,125.314,125.139,125.271,11610.0,16,0.0
2021-01-18 08:00:00,125.269,125.352,125.185,125.208,12111.0,17,0.0
2021-01-18 12:00:00,125.209,125.274,125.079,125.144,10224.0,16,0.0
2021-01-18 16:00:00,125.145,125.242,125.131,125.208,8799.0,16,0.0
2021-01-18 20:00:00,125.209,125.253,125.13,125.193,18693.0,17,0.0
2021-01-19 00:00:00,125.183,125.58,125.132,125.562,10555.0,16,0.0
2021-01-19 04:00:00,125.562,125.867,125.556,125.794,11986.0,17,0.0
2021-01-19 08:00:00,125.795,126.087,125.772,126.034,12911.0,16,0.0
2021-01-19 12:00:00,126.034,126.211,126.034,126.114,13322.0,16,0.0
2021-01-19 16:00:00,126.113,126.176,125.855,125.914,18929.0,16,0.0
2021-01-19 20:00:00,125.913,126.021,125.909,125.978,8858.0,17,0.0
2021-01-20 00:00:00,125.999,126.185,125.84,126.034,9952.0,17,0.0
2021-01-20 04:00:00,126.035,126.078,125.96,125.994,7787.0,17,0.0
2021-01-20 08:00:00,125.994,126.172,125.783,125.872,13198.0,17,0.0
2021-01-20 12:00:00,125.871,125.873,125.583,125.603,12927.0,17,0.0
2021-01-20 16:00:00,125.604,125.653,125.267,125.425,20577.0,16,0.0
2021-01-20 20:00:00,125.424,125.448,125.248,125.254,9169.0,17,0.0
2021-01-21 00:00:00,125.297,125.589,125.254,125.545,9461.0,17,0.0
2021-01-21 04:00:00,125.544,125.629,125.378,125.431,8643.0,17,0.0
2021-01-21 08:00:00,125.432,125.628,125.395,125.576,13844.0,17,0.0
2021-01-21 12:00:00,125.575,125.967,125.478,125.861,17123.0,17,0.0
2021-01-21 16:00:00,125.861,125.964,125.7,125.8,21856.0,16,0.0
2021-01-21 20:00:00,125.799,125.949,125.787,125.825,9214.0,17,0.0
2021-01-22 00:00:00,125.909,126.094,125.825,126.091,8560.0,17,0.0
2021-01-22 04:00:00,126.092,126.107,125.986,126.082,6841.0,17,0.0
2021-01-22 08:00:00,126.08,126.327,125.932,126.191,14275.0,16,0.0
2021-01-22 12:00:00,126.19,126.353,126.135,126.321,13698.0,17,0.0
2021-01-22 16:00:00,126.32,126.403,126.255,126.313,17195.0,17,0.0
2021-01-22 20:00:00,126.313,126.366,126.242,126.279,7961.0,17,0.0
2021-01-25 00:00:00,126.267,126.368,126.22,126.314,6183.0,17,0.0
2021-01-25 04:00:00,126.314,126.368,126.287,126.335,4927.0,17,0.0
2021-01-25 08:00:00,126.335,126.354,126.066,126.092,11508.0,16,0.0
2021-01-25 12:00:00,126.093,126.266,125.988,126.051,12167.0,17,0.0
2021-01-25 16:00:00,126.051,126.088,125.808,126.04,19774.0,16,0.0
2021-01-25 20:00:00,126.038,126.055,125.839,125.839,5905.0,17,0.0
2021-01-26 00:00:00,125.931,126.014,125.839,125.947,5985.0,17,0.0
2021-01-26 04:00:00,125.946,125.955,125.799,125.832,5110.0,17,0.0
2021-01-26 08:00:00,125.833,125.979,125.689,125.884,13272.0,17,0.0
2021-01-26 12:00:00,125.887,126.054,125.838,126.013,14355.0,17,0.0
2021-01-26 16:00:00,126.014,126.159,125.888,126.043,16611.0,16,0.0
2021-01-26 20:00:00,126.044,126.13,125.94,125.94,7312.0,17,0.0
2021-01-27 00:00:00,125.988,126.147,125.94,126.1,10093.0,17,0.0
2021-01-27 04:00:00,126.101,126.139,126.05,126.107,7281.0,17,0.0
2021-01-27 08:00:00,126.111,126.122,125.777,125.812,15066.0,16,0.0
2021-01-27 12:00:00,125.813,125.947,125.717,125.932,17901.0,17,0.0
2021-01-27 16:00:00,125.931,126.121,125.595,126.105,26949.0,16,0.0
2021-01-27 20:00:00,126.105,126.188,125.993,126.062,18677.0,16,0.0
2021-01-28 00:00:00,126.025,126.219,125.99,126.203,13030.0,17,0.0
2021-01-28 04:00:00,126.209,126.247,126.057,126.184,9833.0,17,0.0
2021-01-28 08:00:00,126.182,126.344,126.089,126.28,19935.0,17,0.0
2021-01-28 12:00:00,126.282,126.503,126.155,126.485,19970.0,16,0.0
2021-01-28 16:00:00,126.489,126.665,126.413,126.435,24066.0,16,0.0
2021-01-28 20:00:00,126.435,126.513,126.243,126.272,10760.0,17,0.0
2021-01-29 00:00:00,126.289,126.625,126.22,126.512,11534.0,17,0.0
2021-01-29 04:00:00,126.513,126.536,126.366,126.41,10556.0,17,0.0
2021-01-29 08:00:00,126.412,127.157,126.398,127.062,19027.0,17,0.0
2021-01-29 12:00:00,127.061,127.222,126.899,127.148,24735.0,17,0.0
2021-01-29 16:00:00,127.147,127.347,126.976,127.028,28148.0,16,0.0
2021-01-29 20:00:00,127.029,127.145,126.997,127.062,13184.0,16,0.0
2021-02-01 00:00:00,127.016,127.124,126.897,126.967,12351.0,17,0.0
2021-02-01 04:00:00,126.967,127.008,126.925,126.956,6453.0,17,0.0
2021-02-01 08:00:00,126.955,127.047,126.733,126.826,17214.0,17,0.0
2021-02-01 12:00:00,126.825,126.859,126.662,126.818,18274.0,17,0.0
2021-02-01 16:00:00,126.817,126.967,126.642,126.726,18917.0,16,0.0
2021-02-01 20:00:00,126.723,126.743,126.492,126.493,9939.0,16,0.0
2021-02-02 00:00:00,126.514,126.743,126.475,126.729,10218.0,17,0.0
2021-02-02 04:00:00,126.729,126.822,126.707,126.795,7680.0,17,0.0
2021-02-02 08:00:00,126.796,126.807,126.573,126.612,14460.0,17,0.0
2021-02-02 12:00:00,126.612,126.63,126.313,126.483,16863.0,16,0.0
2021-02-02 16:00:00,126.482,126.505,126.265,126.316,19485.0,16,0.0
2021-02-02 20:00:00,126.313,126.485,126.279,126.354,9034.0,16,0.0
2021-02-03 00:00:00,126.387,126.62,126.278,126.433,9465.0,17,0.0
2021-02-03 04:00:00,126.433,126.495,126.389,126.464,6418.0,17,0.0
2021-02-03 08:00:00,126.464,126.508,126.224,126.322,11103.0,17,0.0
2021-02-03 12:00:00,126.327,126.386,126.14,126.22,10845.0,16,0.0
2021-02-03 16:00:00,126.221,126.361,126.156,126.29,16806.0,16,0.0
2021-02-03 20:00:00,126.29,126.421,126.267,126.363,6693.0,17,0.0
2021-02-04 00:00:00,126.392,126.458,126.266,126.448,9897.0,16,0.0
2021-02-04 04:00:00,126.45,126.46,126.293,126.35,9601.0,17,0.0
2021-02-04 08:00:00,126.35,126.397,126.128,126.13,12867.0,17,0.0
2021-02-04 12:00:00,126.13,126.31,126.096,126.199,12651.0,17,0.0
2021-02-04 16:00:00,126.199,126.307,126.12,126.12,15655.0,16,0.0
2021-02-04 20:00:00,126.122,126.314,126.109,126.165,6935.0,17,0.0
2021-02-05 00:00:00,126.185,126.393,126.165,126.25,7645.0,17,0.0
2021-02-05 04:00:00,126.254,126.279,126.161,126.217,7223.0,17,0.0
2021-02-05 08:00:00,126.22,126.355,126.187,126.316,10653.0,17,0.0
2021-02-05 12:00:00,126.315,126.957,126.313,126.863,17266.0,16,0.0
2021-02-05 16:00:00,126.863,126.939,126.738,126.816,19558.0,17,0.0
2021-02-05 20:00:00,126.817,126.992,126.816,126.903,7824.0,17,0.0
2021-02-08 00:00:00,126.755,127.06,126.692,126.983,11005.0,17,0.0
2021-02-08 04:00:00,126.983,127.05,126.91,126.99,6076.0,17,0.0
2021-02-08 08:00:00,126.99,127.1,126.955,127.025,10477.0,17,0.0
2021-02-08 12:00:00,127.024,127.125,126.917,126.971,10832.0,16,0.0
2021-02-08 16:00:00,126.971,127.084,126.649,126.72,17399.0,17,0.0
2021-02-08 20:00:00,126.722,126.862,126.69,126.69,5322.0,17,0.0
2021-02-09 00:00:00,126.746,126.836,126.662,126.781,12077.0,17,0.0
2021-02-09 04:00:00,126.78,126.849,126.63,126.698,10291.0,17,0.0
2021-02-09 08:00:00,126.697,126.788,126.55,126.626,13185.0,17,0.0
2021-02-09 12:00:00,126.626,126.725,126.561,126.608,10855.0,17,0.0
2021-02-09 16:00:00,126.605,126.665,126.435,126.58,14010.0,16,0.0
2021-02-09 20:00:00,126.58,126.746,126.573,126.685,6998.0,17,0.0
2021-02-10 00:00:00,126.711,126.822,126.556,126.799,12234.0,17,0.0
2021-02-10 04:00:00,126.8,126.888,126.765,126.79,6572.0,17,0.0
2021-02-10 08:00:00,126.79,127.077,126.646,127.007,12237.0,17,0.0
2021-02-10 12:00:00,127.006,127.056,126.886,126.924,12659.0,16,0.0
2021-02-10 16:00:00,126.924,127.041,126.879,127.011,17867.0,16,0.0
2021-02-10 20:00:00,127.01,127.013,126.722,126.722,5003.0,20,0.0
2021-02-11 00:00:00,126.722,126.813,126.702,126.707,3470.0,18,0.0
2021-02-11 04:00:00,126.708,126.852,126.704,126.833,4767.0,17,0.0
2021-02-11 08:00:00,126.831,127.065,126.773,126.955,8829.0,17,0.0
2021-02-11 12:00:00,126.954,127.154,126.901,127.129,8694.0,17,0.0
2021-02-11 16:00:00,127.126,127.161,127.001,127.026,17428.0,17,0.0
2021-02-11 20:00:00,127.025,127.1,126.974,126.985,7215.0,18,0.0
2021-02-12 00:00:00,126.985,127.142,126.985,127.106,6523.0,17,0.0
2021-02-12 04:00:00,127.106,127.235,127.008,127.223,6893.0,16,0.0
2021-02-12 08:00:00,127.22,127.306,127.062,127.181,11619.0,16,0.0
2021-02-12 12:00:00,127.18,127.21,126.997,127.002,11139.0,16,0.0
2021-02-12 16:00:00,127.002,127.288,126.982,127.207,15628.0,16,0.0
2021-02-12 20:00:00,127.207,127.234,127.143,127.144,5317.0,17,0.0
2021-02-15 00:00:00,127.151,127.456,127.151,127.362,8088.0,17,0.0
2021-02-15 04:00:00,127.361,127.536,127.348,127.506,7234.0,17,0.0
2021-02-15 08:00:00,127.505,127.978,127.505,127.873,10953.0,17,0.0
2021-02-15 12:00:00,127.874,127.936,127.66,127.804,8004.0,16,0.0
2021-02-15 16:00:00,127.804,127.869,127.712,127.739,7096.0,17,0.0
2021-02-15 20:00:00,127.739,127.81,127.708,127.733,4974.0,18,0.0
2021-02-16 00:00:00,127.75,128.177,127.7,128.118,8377.0,16,0.0
2021-02-16 04:00:00,128.119,128.278,127.936,127.996,8301.0,17,0.0
2021-02-16 08:00:00,127.992,128.18,127.881,127.988,12734.0,17,0.0
2021-02-16 12:00:00,127.988,128.329,127.939,128.015,10872.0,14,0.0
2021-02-16 16:00:00,128.019,128.296,127.954,128.218,21257.0,17,0.0
2021-02-16 20:00:00,128.218,128.37,128.21,128.329,7044.0,17,0.0
2021-02-17 00:00:00,128.356,128.455,128.206,128.231,13796.0,16,0.0
2021-02-17 04:00:00,128.231,128.237,127.996,128.032,10552.0,17,0.0
2021-02-17 08:00:00,128.032,128.09,127.769,127.87,14484.0,17,0.0
2021-02-17 12:00:00,127.869,127.971,127.699,127.727,14465.0,16,0.0
2021-02-17 16:00:00,127.726,127.747,127.308,127.425,20784.0,16,0.0
2021-02-17 20:00:00,127.425,127.535,127.33,127.33,7570.0,17,0.0
2021-02-18 00:00:00,127.433,127.583,127.325,127.388,8652.0,17,0.0
2021-02-18 04:00:00,127.389,127.534,127.369,127.519,7332.0,17,0.0
2021-02-18 08:00:00,127.517,127.659,127.45,127.618,13561.0,17,0.0
2021-02-18 12:00:00,127.617,127.725,127.5,127.645,13654.0,17,0.0
2021-02-18 16:00:00,127.645,127.807,127.633,127.646,19078.0,16,0.0
2021-02-18 20:00:00,127.645,127.8,127.645,127.728,5780.0,17,0.0
2021-02-19 00:00:00,127.77,127.86,127.717,127.77,6977.0,17,0.0
2021-02-19 04:00:00,127.77,127.793,127.652,127.684,8636.0,17,0.0
2021-02-19 08:00:00,127.684,127.947,127.671,127.868,13545.0,16,0.0
2021-02-19 12:00:00,127.868,127.952,127.708,127.889,12548.0,16,0.0
2021-02-19 16:00:00,127.89,128.185,127.83,127.862,15902.0,16,0.0
2021-02-19 20:00:00,127.862,127.925,127.747,127.747,7273.0,16,0.0
2021-02-22 00:00:00,127.747,128.07,127.747,128.044,9287.0,16,0.0
2021-02-22 04:00:00,128.044,128.133,127.921,128.059,11556.0,16,0.0
2021-02-22 08:00:00,128.058,128.244,127.854,127.926,15339.0,17,0.0
2021-02-22 12:00:00,127.93,128.169,127.91,127.979,13748.0,17,0.0
2021-02-22 16:00:00,127.981,128.008,127.502,127.792,20197.0,16,0.0
2021-02-22 20:00:00,127.792,127.811,127.644,127.65,6523.0,17,0.0
2021-02-23 00:00:00,127.696,127.821,127.648,127.789,8947.0,16,0.0
2021-02-23 04:00:00,127.79,127.851,127.744,127.847,7867.0,17,0.0
2021-02-23 08:00:00,127.846,128.026,127.822,127.9,14025.0,16,0.0
2021-02-23 12:00:00,127.9,128.053,127.821,128.028,16551.0,17,0.0
2021-02-23 16:00:00,128.028,128.037,127.685,127.823,23896.0,16,0.0
2021-02-23 20:00:00,127.818,127.97,127.808,127.812,9109.0,16,0.0
2021-02-24 00:00:00,127.783,128.236,127.759,128.161,12110.0,17,0.0
2021-02-24 04:00:00,128.162,128.278,128.097,128.195,13556.0,16,0.0
2021-02-24 08:00:00,128.191,128.738,128.142,128.65,16748.0,16,0.0
2021-02-24 12:00:00,128.65,128.795,128.504,128.614,20274.0,16,0.0
2021-02-24 16:00:00,128.614,128.685,128.388,128.565,27450.0,17,0.0
2021-02-24 20:00:00,128.566,128.874,128.566,128.729,10454.0,17,0.0
2021-02-25 00:00:00,128.717,129.067,128.715,129.017,10890.0,17,0.0
2021-02-25 04:00:00,129.021,129.022,128.88,128.946,14270.0,17,0.0
2021-02-25 08:00:00,128.945,129.664,128.939,129.589,16972.0,16,0.0
2021-02-25 12:00:00,129.588,129.885,129.58,129.641,20850.0,17,0.0
2021-02-25 16:00:00,129.642,129.982,129.607,129.851,29188.0,16,0.0
2021-02-25 20:00:00,129.851,129.866,128.975,129.206,26337.0,16,0.0
2021-02-26 00:00:00,129.307,129.521,128.976,129.137,18732.0,17,0.0
2021-02-26 04:00:00,129.021,129.151,128.879,129.065,17369.0,17,0.0
2021-02-26 08:00:00,129.065,129.145,128.638,129.113,25610.0,16,0.0
2021-02-26 12:00:00,129.111,129.112,128.656,128.884,26552.0,17,0.0
2021-02-26 16:00:00,128.884,129.385,128.753,128.826,35011.0,16,0.0
2021-02-26 20:00:00,128.827,128.827,128.456,128.557,14332.0,16,0.0
2021-03-01 00:00:00,128.572,128.912,128.528,128.853,15825.0,16,0.0
2021-03-01 04:00:00,128.852,128.937,128.602,128.737,11541.0,17,0.0
2021-03-01 08:00:00,128.739,128.87,128.355,128.478,15858.0,16,0.0
2021-03-01 12:00:00,128.478,128.658,128.432,128.54,14087.0,17,0.0
2021-03-01 16:00:00,128.54,128.699,128.218,128.569,21937.0,16,0.0
2021-03-01 20:00:00,128.569,128.73,128.536,128.58,7267.0,17,0.0
2021-03-02 00:00:00,128.52,128.765,128.518,128.6,8945.0,17,0.0
2021-03-02 04:00:00,128.599,128.628,128.276,128.421,11562.0,17,0.0
2021-03-02 08:00:00,128.42,128.484,128.181,128.315,16455.0,17,0.0
2021-03-02 12:00:00,128.314,128.693,128.314,128.612,15606.0,16,0.0
2021-03-02 16:00:00,128.612,128.968,128.479,128.937,20535.0,16,0.0
2021-03-02 20:00:00,128.937,129.077,128.888,128.933,8244.0,17,0.0
2021-03-03 00:00:00,128.964,129.173,128.883,129.166,7651.0,17,0.0
2021-03-03 04:00:00,129.166,129.206,129.083,129.142,6408.0,18,0.0
2021-03-03 08:00:00,129.141,129.454,129.07,129.354,15965.0,16,0.0
2021-03-03 12:00:00,129.355,129.37,128.739,128.848,18030.0,17,0.0
2021-03-03 16:00:00,128.849,129.247,128.797,129.095,27258.0,16,0.0
2021-03-03 20:00:00,129.093,129.165,129.025,129.038,11572.0,17,0.0
2021-03-04 00:00:00,129.038,129.128,128.97,129.088,9317.0,17,0.0
2021-03-04 04:00:00,129.088,129.104,128.914,129.077,9703.0,17,0.0
2021-03-04 08:00:00,129.076,129.284,129.04,129.147,16010.0,17,0.0
2021-03-04 12:00:00,129.149,129.375,129.134,129.36,16443.0,17,0.0
2021-03-04 16:00:00,129.359,129.639,129.246,129.277,29960.0,16,0.0
2021-03-04 20:00:00,129.279,129.33,129.046,129.164,24867.0,16,0.0
2021-03-05 00:00:00,129.181,129.303,128.891,129.014,12355.0,17,0.0
2021-03-05 04:00:00,129.015,129.321,128.964,129.293,11576.0,17,0.0
2021-03-05 08:00:00,129.292,129.525,129.211,129.359,21711.0,17,0.0
2021-03-05 12:00:00,129.359,129.576,129.149,129.266,24390.0,16,0.0
2021-03-05 16:00:00,129.267,129.318,128.844,128.986,36946.0,16,0.0
2021-03-05 20:00:00,128.985,129.173,128.938,129.015,12943.0,17,0.0
2021-03-08 00:00:00,129.109,129.392,129.019,129.28,12708.0,16,0.0
2021-03-08 04:00:00,129.303,129.303,128.974,129.068,11705.0,17,0.0
2021-03-08 08:00:00,129.069,129.142,128.778,128.889,16346.0,17,0.0
2021-03-08 12:00:00,128.889,129.06,128.784,129.027,15724.0,17,0.0
2021-03-08 16:00:00,129.027,129.296,129.017,129.099,25655.0,17,0.0
2021-03-08 20:00:00,129.099,129.121,129.001,129.001,9814.0,19,0.0
2021-03-09 00:00:00,128.925,129.298,128.85,129.194,12683.0,16,0.0
2021-03-09 04:00:00,129.362,129.509,129.325,129.425,14216.0,17,0.0
2021-03-09 08:00:00,129.425,129.503,129.146,129.373,17792.0,17,0.0
2021-03-09 12:00:00,129.37,129.545,129.359,129.476,15753.0,16,0.0
2021-03-09 16:00:00,129.476,129.494,128.969,128.995,21064.0,16,0.0
2021-03-09 20:00:00,128.995,129.149,128.934,129.035,7885.0,16,0.0
2021-03-10 00:00:00,128.985,129.316,128.985,129.173,8331.0,17,0.0
2021-03-10 04:00:00,129.17,129.333,129.161,129.299,9177.0,17,0.0
2021-03-10 08:00:00,129.297,129.382,129.173,129.322,11305.0,17,0.0
2021-03-10 12:00:00,129.323,129.426,129.035,129.195,15724.0,16,0.0
2021-03-10 16:00:00,129.199,129.3,129.087,129.211,20872.0,17,0.0
2021-03-10 20:00:00,129.209,129.315,129.191,129.218,11494.0,17,0.0
2021-03-11 00:00:00,129.279,129.386,129.145,129.356,10001.0,16,0.0
2021-03-11 04:00:00,129.357,129.682,129.357,129.648,10003.0,16,0.0
2021-03-11 08:00:00,129.648,129.839,129.618,129.77,13352.0,17,0.0
2021-03-11 12:00:00,129.77,129.888,129.59,129.805,15575.0,16,0.0
2021-03-11 16:00:00,129.804,129.934,129.559,129.932,18824.0,16,0.0
2021-03-11 20:00:00,129.93,130.05,129.897,129.992,9659.0,16,0.0
2021-03-12 00:00:00,130.018,130.288,129.981,130.211,7149.0,17,0.0
2021-03-12 04:00:00,130.213,130.227,130.013,130.095,9888.0,17,0.0
2021-03-12 08:00:00,130.097,130.345,129.986,130.034,16382.0,16,0.0
2021-03-12 12:00:00,130.034,130.173,129.818,130.091,13860.0,16,0.0
2021-03-12 16:00:00,130.093,130.3,129.982,130.274,19370.0,16,0.0
2021-03-12 20:00:00,130.274,130.391,130.236,130.263,7304.0,17,0.0
2021-03-15 00:00:00,130.244,130.43,130.213,130.412,14492.0,16,0.0
2021-03-15 04:00:00,130.411,130.489,130.32,130.405,9742.0,16,0.0
2021-03-15 08:00:00,130.408,130.448,130.055,130.113,12295.0,17,0.0
2021-03-15 12:00:00,130.113,130.259,130.027,130.191,12069.0,17,0.0
2021-03-15 16:00:00,130.192,130.257,129.988,130.186,13754.0,16,0.0
2021-03-15 20:00:00,130.188,130.314,130.012,130.169,4286.0,17,0.0
2021-03-16 00:00:00,130.169,130.285,130.128,130.255,6549.0,17,0.0
2021-03-16 04:00:00,130.255,130.341,130.177,130.307,6070.0,17,0.0
2021-03-16 08:00:00,130.307,130.323,130.114,130.239,10314.0,17,0.0
2021-03-16 12:00:00,130.249,130.393,129.487,129.551,15143.0,17,0.0
2021-03-16 16:00:00,129.555,129.769,129.523,129.753,16492.0,17,0.0
2021-03-16 20:00:00,129.752,129.78,129.662,129.695,5378.0,18,0.0
2021-03-17 00:00:00,129.695,129.91,129.682,129.837,7705.0,16,0.0
2021-03-17 04:00:00,129.838,129.938,129.792,129.893,6427.0,17,0.0
2021-03-17 08:00:00,129.892,130.004,129.751,129.928,9149.0,17,0.0
2021-03-17 12:00:00,129.928,130.054,129.842,129.946,11583.0,17,0.0
2021-03-17 16:00:00,129.945,130.136,129.941,130.118,12759.0,17,0.0
2021-03-17 20:00:00,130.112,130.442,130.083,130.401,21063.0,16,0.0
2021-03-18 00:00:00,130.402,130.666,130.289,130.541,20037.0,16,0.0
2021-03-18 04:00:00,130.543,130.577,130.054,130.255,11714.0,16,0.0
2021-03-18 08:00:00,130.258,130.588,130.148,130.209,16348.0,16,0.0
2021-03-18 12:00:00,130.209,130.299,130.063,130.096,17432.0,16,0.0
2021-03-18 16:00:00,130.096,130.138,129.915,130.017,18146.0,16,0.0
2021-03-18 20:00:00,130.018,130.027,129.592,129.767,9518.0,17,0.0
2021-03-19 00:00:00,129.767,129.926,129.702,129.85,9072.0,17,0.0
2021-03-19 04:00:00,129.85,129.989,129.688,129.771,12145.0,17,0.0
2021-03-19 08:00:00,129.771,129.815,129.44,129.455,13323.0,16,0.0
2021-03-19 12:00:00,129.456,129.628,129.441,129.504,18626.0,17,0.0
2021-03-19 16:00:00,129.504,129.677,129.316,129.654,16159.0,17,0.0
2021-03-19 20:00:00,129.655,129.69,129.567,129.576,5178.0,17,0.0
2021-03-22 00:00:00,129.027,129.467,129.002,129.401,8419.0,17,0.0
2021-03-22 04:00:00,129.401,129.434,129.309,129.411,6651.0,17,0.0
2021-03-22 08:00:00,129.408,129.418,129.129,129.295,13564.0,16,0.0
2021-03-22 12:00:00,129.299,129.834,129.297,129.613,14135.0,17,0.0
2021-03-22 16:00:00,129.612,129.924,129.602,129.872,11987.0,17,0.0
2021-03-22 20:00:00,129.872,129.942,129.793,129.868,4222.0,17,0.0
2021-03-23 00:00:00,129.866,129.917,129.737,129.759,6264.0,17,0.0
2021-03-23 04:00:00,129.759,129.768,129.633,129.676,6770.0,17,0.0
2021-03-23 08:00:00,129.676,129.729,129.208,129.21,11996.0,16,0.0
2021-03-23 12:00:00,129.209,129.209,128.85,128.976,16582.0,16,0.0
2021-03-23 16:00:00,128.976,129.06,128.875,128.904,14121.0,16,0.0
2021-03-23 20:00:00,128.903,128.93,128.595,128.663,6696.0,16,0.0
2021-03-24 00:00:00,128.662,128.744,128.43,128.522,6853.0,16,0.0
2021-03-24 04:00:00,128.521,128.631,128.461,128.51,6726.0,17,0.0
2021-03-24 08:00:00,128.511,128.717,128.289,128.56,13489.0,16,0.0
2021-03-24 12:00:00,128.559,128.783,128.499,128.722,11863.0,17,0.0
2021-03-24 16:00:00,128.722,128.853,128.623,128.661,11295.0,17,0.0
2021-03-24 20:00:00,128.661,128.667,128.363,128.422,5890.0,17,0.0
2021-03-25 00:00:00,128.422,128.707,128.411,128.655,5356.0,17,0.0
2021-03-25 04:00:00,128.655,128.843,128.655,128.762,6696.0,16,0.0
2021-03-25 08:00:00,128.762,128.94,128.69,128.793,10073.0,17,0.0
2021-03-25 12:00:00,128.791,128.924,128.685,128.824,13994.0,16,0.0
2021-03-25 16:00:00,128.823,128.88,128.416,128.487,15325.0,16,0.0
2021-03-25 20:00:00,128.489,128.551,128.382,128.47,6565.0,17,0.0
2021-03-26 00:00:00,128.47,128.784,128.449,128.681,7091.0,17,0.0
2021-03-26 04:00:00,128.682,128.74,128.622,128.73,4669.0,17,0.0
2021-03-26 08:00:00,128.731,129.129,128.634,129.095,10020.0,17,0.0
2021-03-26 12:00:00,129.094,129.458,129.058,129.394,12890.0,17,0.0
2021-03-26 16:00:00,129.394,129.43,129.2,129.317,12737.0,16,0.0
2021-03-26 20:00:00,129.317,129.386,129.237,129.278,5483.0,18,0.0
2021-03-29 00:00:00,129.365,129.429,129.141,129.194,6425.0,16,0.0
2021-03-29 04:00:00,129.194,129.261,128.993,129.031,6159.0,17,0.0
2021-03-29 08:00:00,129.031,129.279,128.831,129.0,11562.0,17,0.0
2021-03-29 12:00:00,129.0,129.293,128.94,129.281,10547.0,16,0.0
2021-03-29 16:00:00,129.278,129.331,129.087,129.204,15194.0,16,0.0
2021-03-29 20:00:00,129.207,129.279,129.092,129.092,6513.0,17,0.0
2021-03-30 00:00:00,129.136,129.298,129.083,129.297,7574.0,16,0.0
2021-03-30 04:00:00,129.296,129.461,129.251,129.336,9453.0,17,0.0
2021-03-30 08:00:00,129.342,129.527,129.308,129.5,12145.0,16,0.0
2021-03-30 12:00:00,129.493,129.544,129.412,129.445,11710.0,17,0.0
2021-03-30 16:00:00,129.446,129.48,129.18,129.239,16100.0,17,0.0
2021-03-30 20:00:00,129.239,129.346,129.177,129.242,4642.0,16,0.0
2021-03-31 00:00:00,129.246,129.773,129.204,129.744,8601.0,16,0.0
2021-03-31 04:00:00,129.745,129.883,129.527,129.786,9788.0,17,0.0
2021-03-31 08:00:00,129.786,129.963,129.685,129.794,13177.0,17,0.0
2021-03-31 12:00:00,129.799,129.948,129.673,129.805,11045.0,16,0.0
2021-03-31 16:00:00,129.806,130.045,129.694,129.957,17050.0,16,0.0
2021-03-31 20:00:00,129.957,130.0,129.772,129.772,7312.0,17,0.0
2021-04-01 00:00:00,129.803,130.015,129.772,129.949,5128.0,17,0.0
2021-04-01 04:00:00,129.949,129.967,129.651,129.687,7157.0,17,0.0
2021-04-01 08:00:00,129.684,130.011,129.684,129.902,11823.0,17,0.0
2021-04-01 12:00:00,129.903,130.17,129.87,130.012,10870.0,17,0.0
2021-04-01 16:00:00,130.013,130.232,129.943,130.186,15240.0,17,0.0
2021-04-01 20:00:00,130.187,130.265,130.162,130.186,4928.0,17,0.0
2021-04-02 00:00:00,130.206,130.308,130.16,130.219,4410.0,17,0.0
2021-04-02 04:00:00,130.217,130.318,130.202,130.263,6817.0,17,0.0
2021-04-02 08:00:00,130.263,130.276,130.049,130.055,6169.0,16,0.0
2021-04-02 12:00:00,130.055,130.303,130.025,130.173,6229.0,17,0.0
2021-04-02 16:00:00,130.171,130.263,130.078,130.184,6718.0,18,0.0
2021-04-02 20:00:00,130.184,130.22,130.055,130.11,9621.0,22,0.0
2021-04-05 00:00:00,130.022,130.263,129.974,130.145,11060.0,16,0.0
2021-04-05 04:00:00,130.145,130.17,130.088,130.113,4505.0,17,0.0
2021-04-05 08:00:00,130.112,130.124,129.889,129.929,6489.0,18,0.0
2021-04-05 12:00:00,129.93,130.141,129.834,130.132,6620.0,16,0.0
2021-04-05 16:00:00,130.133,130.163,129.872,130.089,12036.0,16,0.0
2021-04-05 20:00:00,130.09,130.197,130.078,130.087,4711.0,18,0.0
2021-04-06 00:00:00,130.116,130.303,130.039,130.265,8311.0,16,0.0
2021-04-06 04:00:00,130.265,130.339,130.144,130.157,9350.0,17,0.0
2021-04-06 08:00:00,130.158,130.443,130.062,130.427,10864.0,16,0.0
2021-04-06 12:00:00,130.428,130.562,129.981,130.001,13015.0,16,0.0
2021-04-06 16:00:00,130.001,130.274,129.811,130.269,16575.0,17,0.0
2021-04-06 20:00:00,130.268,130.44,130.236,130.266,6112.0,16,0.0
2021-04-07 00:00:00,130.272,130.441,130.143,130.329,5407.0,16,0.0
2021-04-07 04:00:00,130.329,130.346,130.141,130.243,8833.0,16,0.0
2021-04-07 08:00:00,130.243,130.602,130.241,130.58,11692.0,16,0.0
2021-04-07 12:00:00,130.58,130.64,130.44,130.581,11002.0,17,0.0
2021-04-07 16:00:00,130.581,130.685,130.332,130.365,13907.0,16,0.0
2021-04-07 20:00:00,130.366,130.463,130.281,130.301,5740.0,17,0.0
2021-04-08 00:00:00,130.207,130.479,130.207,130.268,4150.0,17,0.0
2021-04-08 04:00:00,130.27,130.295,130.156,130.208,6242.0,17,0.0
2021-04-08 08:00:00,130.208,130.352,129.98,130.042,9461.0,17,0.0
2021-04-08 12:00:00,130.045,130.083,129.571,129.719,12700.0,17,0.0
2021-04-08 16:00:00,129.719,130.251,129.656,130.238,15340.0,16,0.0
2021-04-08 20:00:00,130.236,130.252,130.084,130.084,4445.0,17,0.0
2021-04-09 00:00:00,130.116,130.331,130.116,130.224,5616.0,17,0.0
2021-04-09 04:00:00,130.224,130.24,130.06,130.192,6345.0,17,0.0
2021-04-09 08:00:00,130.19,130.364,130.05,130.337,10966.0,16,0.0
2021-04-09 12:00:00,130.336,130.551,130.294,130.487,11507.0,16,0.0
2021-04-09 16:00:00,130.489,130.54,130.243,130.468,12257.0,17,0.0
2021-04-09 20:00:00,130.468,130.548,130.465,130.471,4786.0,18,0.0
2021-04-12 00:00:00,130.393,130.611,130.37,130.589,4371.0,17,0.0
2021-04-12 04:00:00,130.59,130.591,130.141,130.211,8878.0,16,0.0
2021-04-12 08:00:00,130.211,130.341,129.894,130.098,9700.0,17,0.0
2021-04-12 12:00:00,130.098,130.291,130.079,130.258,10289.0,16,0.0
2021-04-12 16:00:00,130.258,130.383,130.219,130.364,9378.0,17,0.0
2021-04-12 20:00:00,130.364,130.364,130.214,130.217,3734.0,17,0.0
2021-04-13 00:00:00,130.244,130.418,130.237,130.405,4050.0,16,0.0
2021-04-13 04:00:00,130.407,130.497,130.343,130.41,7500.0,16,0.0
2021-04-13 08:00:00,130.409,130.467,130.057,130.086,9708.0,16,0.0
2021-04-13 12:00:00,130.087,130.344,129.8,130.318,16990.0,16,0.0
2021-04-13 16:00:00,130.319,130.443,130.218,130.347,11657.0,16,0.0
2021-04-13 20:00:00,130.347,130.354,130.241,130.241,4747.0,17,0.0
2021-04-14 00:00:00,130.271,130.336,130.067,130.081,4772.0,17,0.0
2021-04-14 04:00:00,130.081,130.336,130.031,130.333,6589.0,17,0.0
2021-04-14 08:00:00,130.333,130.483,130.225,130.415,10300.0,16,0.0
2021-04-14 12:00:00,130.415,130.417,130.153,130.342,8921.0,16,0.0
2021-04-14 16:00:00,130.342,130.581,130.314,130.578,12480.0,16,0.0
2021-04-14 20:00:00,130.578,130.582,130.391,130.407,4808.0,17,0.0
2021-04-15 00:00:00,130.445,130.551,130.415,130.502,3481.0,17,0.0
2021-04-15 04:00:00,130.502,130.51,130.306,130.318,5408.0,17,0.0
2021-04-15 08:00:00,130.318,130.512,130.249,130.32,7647.0,16,0.0
2021-04-15 12:00:00,130.32,130.368,130.1,130.106,11143.0,16,0.0
2021-04-15 16:00:00,130.107,130.238,130.042,130.118,12506.0,17,0.0
2021-04-15 20:00:00,130.117,130.153,130.023,130.056,5086.0,17,0.0
2021-04-16 00:00:00,130.101,130.154,129.979,130.049,4566.0,17,0.0
2021-04-16 04:00:00,130.052,130.238,130.052,130.169,7873.0,16,0.0
2021-04-16 08:00:00,130.168,130.54,130.138,130.38,10822.0,16,0.0
2021-04-16 12:00:00,130.383,130.465,130.263,130.446,11269.0,17,0.0
2021-04-16 16:00:00,130.445,130.475,130.284,130.324,9974.0,16,0.0
2021-04-16 20:00:00,130.325,130.376,130.259,130.259,3312.0,17,0.0
2021-04-19 00:00:00,130.195,130.319,129.974,130.016,8425.0,16,0.0
2021-04-19 04:00:00,130.017,130.054,129.699,129.942,8676.0,17,0.0
2021-04-19 08:00:00,129.942,130.099,129.799,129.967,16780.0,16,0.0
2021-04-19 12:00:00,129.967,130.303,129.912,130.133,13670.0,16,0.0
2021-04-19 16:00:00,130.135,130.213,129.811,130.087,13408.0,16,0.0
2021-04-19 20:00:00,130.087,130.22,130.077,130.151,4001.0,17,0.0
2021-04-20 00:00:00,130.126,130.263,130.057,130.235,5407.0,16,0.0
2021-04-20 04:00:00,130.235,130.554,130.228,130.472,9237.0,16,0.0
2021-04-20 08:00:00,130.468,130.972,130.433,130.919,15688.0,16,0.0
2021-04-20 12:00:00,130.918,130.924,130.493,130.515,12858.0,17,0.0
2021-04-20 16:00:00,130.521,130.628,130.006,130.083,15483.0,16,0.0
2021-04-20 20:00:00,130.082,130.101,129.992,130.031,5879.0,18,0.0
2021-04-21 00:00:00,130.033,130.119,129.88,130.076,5299.0,17,0.0
2021-04-21 04:00:00,130.076,130.091,129.826,129.964,6957.0,17,0.0
2021-04-21 08:00:00,129.965,130.05,129.802,129.917,10048.0,16,0.0
2021-04-21 12:00:00,129.917,130.0,129.635,129.812,9431.0,16,0.0
2021-04-21 16:00:00,129.814,130.141,129.634,130.02,13660.0,17,0.0
2021-04-21 20:00:00,130.02,130.077,129.953,129.956,4041.0,17,0.0
2021-04-22 00:00:00,129.994,130.125,129.964,130.023,4179.0,17,0.0
2021-04-22 04:00:00,130.022,130.105,129.863,129.923,7764.0,19,0.0
2021-04-22 08:00:00,129.924,130.067,129.822,129.926,9830.0,16,0.0
2021-04-22 12:00:00,129.926,130.464,129.884,130.445,11090.0,16,0.0
2021-04-22 16:00:00,130.445,130.46,129.691,129.937,16538.0,16,0.0
2021-04-22 20:00:00,129.94,129.958,129.636,129.649,9938.0,17,0.0
2021-04-23 00:00:00,129.648,129.77,129.6,129.675,5117.0,17,0.0
2021-04-23 04:00:00,129.675,129.808,129.587,129.765,5811.0,17,0.0
2021-04-23 08:00:00,129.764,130.168,129.713,130.127,9436.0,16,0.0
2021-04-23 12:00:00,130.127,130.162,129.782,129.788,10546.0,16,0.0
2021-04-23 16:00:00,129.788,130.403,129.787,130.397,16743.0,16,0.0
2021-04-23 20:00:00,130.397,130.562,130.355,130.47,6261.0,18,0.0
2021-04-26 00:00:00,130.498,130.595,130.367,130.568,5300.0,17,0.0
2021-04-26 04:00:00,130.567,130.588,130.388,130.423,8186.0,17,0.0
2021-04-26 08:00:00,130.424,130.596,130.207,130.326,11770.0,16,0.0
2021-04-26 12:00:00,130.325,130.678,130.268,130.556,11196.0,17,0.0
2021-04-26 16:00:00,130.557,130.722,130.248,130.714,13882.0,17,0.0
2021-04-26 20:00:00,130.714,130.762,130.596,130.596,5074.0,17,0.0
2021-04-27 00:00:00,130.543,130.759,130.543,130.615,4626.0,16,0.0
2021-04-27 04:00:00,130.614,130.839,130.614,130.658,6677.0,17,0.0
2021-04-27 08:00:00,130.658,130.78,130.585,130.654,8124.0,17,0.0
2021-04-27 12:00:00,130.656,130.895,130.605,130.821,9696.0,17,0.0
2021-04-27 16:00:00,130.82,131.181,130.8,131.175,12281.0,17,0.0
2021-04-27 20:00:00,131.176,131.5,131.159,131.361,5213.0,17,0.0
2021-04-28 00:00:00,131.405,131.59,131.358,131.568,4911.0,16,0.0
2021-04-28 04:00:00,131.568,131.589,131.42,131.43,6830.0,17,0.0
2021-04-28 08:00:00,131.429,131.676,131.397,131.535,10458.0,17,0.0
2021-04-28 12:00:00,131.534,131.575,131.413,131.509,9919.0,17,0.0
2021-04-28 16:00:00,131.509,131.692,131.403,131.618,13022.0,16,0.0
2021-04-28 20:00:00,131.618,131.819,131.503,131.625,11798.0,16,0.0
2021-04-29 00:00:00,131.647,131.742,131.602,131.693,4247.0,17,0.0
2021-04-29 04:00:00,131.692,131.838,131.668,131.736,6574.0,16,0.0
2021-04-29 08:00:00,131.735,132.06,131.735,132.04,11293.0,16,0.0
2021-04-29 12:00:00,132.041,132.249,132.004,132.039,12630.0,16,0.0
2021-04-29 16:00:00,132.039,132.369,131.81,131.968,16434.0,16,0.0
2021-04-29 20:00:00,131.967,132.08,131.929,131.947,5224.0,17,0.0
2021-04-30 00:00:00,131.932,132.194,131.932,132.056,5717.0,17,0.0
2021-04-30 04:00:00,132.057,132.076,131.777,131.851,7148.0,17,0.0
2021-04-30 08:00:00,131.852,131.961,131.688,131.73,9861.0,17,0.0
2021-04-30 12:00:00,131.731,131.789,131.456,131.694,10737.0,17,0.0
2021-04-30 16:00:00,131.694,131.745,131.443,131.464,19586.0,16,0.0
2021-04-30 20:00:00,131.463,131.477,131.341,131.348,6926.0,17,0.0
2021-05-03 00:00:00,131.449,131.633,131.428,131.589,3621.0,17,0.0
2021-05-03 04:00:00,131.588,131.742,131.57,131.735,6031.0,17,0.0
2021-05-03 08:00:00,131.736,132.098,131.679,132.084,9307.0,16,0.0
2021-05-03 12:00:00,132.086,132.163,131.66,131.73,10381.0,16,0.0
2021-05-03 16:00:00,131.731,131.737,131.452,131.544,12874.0,16,0.0
2021-05-03 20:00:00,131.54,131.661,131.507,131.53,4599.0,17,0.0
2021-05-04 00:00:00,131.541,131.681,131.504,131.534,2766.0,17,0.0
2021-05-04 04:00:00,131.534,131.638,131.502,131.587,4327.0,19,0.0
2021-05-04 08:00:00,131.587,131.641,131.302,131.344,10377.0,16,0.0
2021-05-04 12:00:00,131.342,131.508,131.152,131.194,13524.0,17,0.0
2021-05-04 16:00:00,131.197,131.439,131.143,131.328,19135.0,16,0.0
2021-05-04 20:00:00,131.328,131.367,131.246,131.248,6225.0,16,0.0
2021-05-05 00:00:00,131.296,131.459,131.248,131.413,2059.0,18,0.0
2021-05-05 04:00:00,131.414,131.453,131.27,131.439,4174.0,17,0.0
2021-05-05 08:00:00,131.438,131.438,130.981,131.192,11975.0,16,0.0
2021-05-05 12:00:00,131.19,131.387,131.129,131.154,10845.0,16,0.0
2021-05-05 16:00:00,131.154,131.236,131.022,131.09,13097.0,16,0.0
2021-05-05 20:00:00,131.089,131.147,130.969,130.972,4846.0,17,0.0
2021-05-06 00:00:00,131.027,131.218,130.972,131.162,3703.0,17,0.0
2021-05-06 04:00:00,131.162,131.331,131.159,131.3,8740.0,17,0.0
2021-05-06 08:00:00,131.299,131.62,131.21,131.502,10247.0,16,0.0
2021-05-06 12:00:00,131.5,131.799,131.364,131.784,13973.0,16,0.0
2021-05-06 16:00:00,131.784,131.85,131.431,131.467,16918.0,16,0.0
2021-05-06 20:00:00,131.469,131.608,131.419,131.544,5388.0,17,0.0
2021-05-07 00:00:00,131.537,131.658,131.2,131.64,3598.0,16,0.0
2021-05-07 04:00:00,131.64,131.714,131.564,131.583,6305.0,16,0.0
2021-05-07 08:00:00,131.585,131.942,131.562,131.911,10337.0,16,0.0
2021-05-07 12:00:00,131.91,131.943,131.578,131.694,17757.0,16,0.0
2021-05-07 16:00:00,131.694,132.086,131.586,132.035,24268.0,16,0.0
2021-05-07 20:00:00,132.034,132.175,132.028,132.044,7590.0,17,0.0
2021-05-10 00:00:00,132.019,132.326,132.007,132.252,6545.0,16,0.0
2021-05-10 04:00:00,132.252,132.388,132.206,132.282,7007.0,17,0.0
2021-05-10 08:00:00,132.281,132.529,132.237,132.401,12655.0,16,0.0
2021-05-10 12:00:00,132.401,132.408,132.201,132.289,11079.0,17,0.0
2021-05-10 16:00:00,132.29,132.36,132.169,132.304,14177.0,16,0.0
2021-05-10 20:00:00,132.304,132.355,131.927,131.927,7226.0,17,0.0
2021-05-11 00:00:00,131.919,132.186,131.907,132.131,4801.0,17,0.0
2021-05-11 04:00:00,132.13,132.28,132.079,132.115,8024.0,17,0.0
2021-05-11 08:00:00,132.115,132.416,132.029,132.355,12158.0,16,0.0
2021-05-11 12:00:00,132.354,132.473,132.014,132.109,12773.0,17,0.0
2021-05-11 16:00:00,132.109,132.244,131.784,132.021,19460.0,16,0.0
2021-05-11 20:00:00,132.021,132.085,131.932,131.939,7064.0,17,0.0
2021-05-12 00:00:00,131.941,132.083,131.825,132.03,4130.0,17,0.0
2021-05-12 04:00:00,132.029,132.113,131.869,131.939,8139.0,17,0.0
2021-05-12 08:00:00,131.939,132.089,131.933,131.963,10445.0,16,0.0
2021-05-12 12:00:00,131.964,132.425,131.638,132.219,18098.0,16,0.0
2021-05-12 16:00:00,132.218,132.359,131.987,132.284,30609.0,16,0.0
2021-05-12 20:00:00,132.281,132.445,132.233,132.346,10867.0,17,0.0
2021-05-13 00:00:00,132.297,132.538,132.266,132.429,5646.0,16,0.0
2021-05-13 04:00:00,132.429,132.52,132.324,132.489,8488.0,17,0.0
2021-05-13 08:00:00,132.489,132.731,132.034,132.164,16358.0,16,0.0
2021-05-13 12:00:00,132.167,132.473,132.159,132.392,14865.0,16,0.0
2021-05-13 16:00:00,132.392,132.551,132.198,132.228,15581.0,17,0.0
2021-05-13 20:00:00,132.228,132.262,132.08,132.174,9763.0,16,0.0
2021-05-14 00:00:00,132.178,132.368,132.118,132.325,5683.0,17,0.0
2021-05-14 04:00:00,132.325,132.457,132.324,132.376,5177.0,17,0.0
2021-05-14 08:00:00,132.376,132.58,132.361,132.504,11606.0,16,0.0
2021-05-14 12:00:00,132.505,132.725,132.372,132.606,14437.0,16,0.0
2021-05-14 16:00:00,132.608,132.845,132.595,132.79,14753.0,17,0.0
2021-05-14 20:00:00,132.79,132.833,132.761,132.772,5760.0,17,0.0
2021-05-17 00:00:00,132.669,132.954,132.58,132.785,5603.0,16,0.0
2021-05-17 04:00:00,132.785,132.799,132.616,132.688,7663.0,17,0.0
2021-05-17 08:00:00,132.687,132.734,132.517,132.667,9570.0,16,0.0
2021-05-17 12:00:00,132.666,132.803,132.544,132.645,10873.0,16,0.0
2021-05-17 16:00:00,132.647,132.709,132.537,132.644,12451.0,17,0.0
2021-05-17 20:00:00,132.643,132.785,132.606,132.655,5433.0,17,0.0
2021-05-18 00:00:00,132.665,132.839,132.648,132.764,3898.0,16,0.0
2021-05-18 04:00:00,132.764,132.886,132.715,132.842,5983.0,17,0.0
2021-05-18 08:00:00,132.842,133.105,132.762,133.006,11308.0,16,0.0
2021-05-18 12:00:00,133.004,133.178,132.983,133.127,11552.0,16,0.0
2021-05-18 16:00:00,133.127,133.131,132.919,133.088,13601.0,16,0.0
2021-05-18 20:00:00,133.088,133.189,133.008,133.026,5403.0,17,0.0
2021-05-19 00:00:00,133.058,133.292,133.045,133.276,3994.0,17,0.0
2021-05-19 04:00:00,133.276,133.324,133.161,133.279,6407.0,17,0.0
2021-05-19 08:00:00,133.28,133.439,133.141,133.222,11980.0,16,0.0
2021-05-19 12:00:00,133.222,133.393,133.085,133.097,14908.0,16,0.0
2021-05-19 16:00:00,133.097,133.211,132.637,132.868,22112.0,16,0.0
2021-05-19 20:00:00,132.868,133.163,132.863,132.887,17263.0,16,0.0
2021-05-20 00:00:00,132.815,133.091,132.815,133.061,7466.0,17,0.0
2021-05-20 04:00:00,133.06,133.062,132.851,132.98,8821.0,16,0.0
2021-05-20 08:00:00,132.98,133.042,132.707,132.747,10696.0,16,0.0
2021-05-20 12:00:00,132.747,133.023,132.743,132.962,12306.0,16,0.0
2021-05-20 16:00:00,132.963,133.016,132.814,132.924,13397.0,16,0.0
2021-05-20 20:00:00,132.926,133.034,132.886,132.928,6427.0,17,0.0
2021-05-21 00:00:00,132.946,133.213,132.899,133.143,6482.0,16,0.0
2021-05-21 04:00:00,133.144,133.178,133.017,133.063,14629.0,16,0.0
2021-05-21 08:00:00,133.064,133.122,132.701,132.791,11495.0,17,0.0
2021-05-21 12:00:00,132.791,132.988,132.527,132.69,13357.0,16,0.0
2021-05-21 16:00:00,132.691,132.843,132.553,132.579,16000.0,17,0.0
2021-05-21 20:00:00,132.58,132.731,132.558,132.706,5501.0,17,0.0
2021-05-24 00:00:00,132.636,132.762,132.541,132.745,5266.0,17,0.0
2021-05-24 04:00:00,132.745,132.765,132.527,132.567,5811.0,17,0.0
2021-05-24 08:00:00,132.568,132.874,132.519,132.843,10519.0,16,0.0
2021-05-24 12:00:00,132.843,133.045,132.824,132.972,11009.0,16,0.0
2021-05-24 16:00:00,132.973,133.005,132.805,132.89,12089.0,16,0.0
2021-05-24 20:00:00,132.89,132.898,132.806,132.81,6562.0,17,0.0
2021-05-25 00:00:00,132.81,132.989,132.788,132.96,4920.0,17,0.0
2021-05-25 04:00:00,132.959,132.998,132.885,132.953,6815.0,17,0.0
2021-05-25 08:00:00,132.953,133.333,132.906,133.302,13703.0,16,0.0
2021-05-25 12:00:00,133.303,133.611,133.289,133.54,12787.0,16,0.0
2021-05-25 16:00:00,133.541,133.596,133.251,133.275,14905.0,16,0.0
2021-05-25 20:00:00,133.274,133.275,133.144,133.155,6511.0,17,0.0
2021-05-26 00:00:00,133.216,133.318,133.18,133.187,5922.0,16,0.0
2021-05-26 04:00:00,133.187,133.394,133.134,133.358,7487.0,17,0.0
2021-05-26 08:00:00,133.359,133.414,133.183,133.257,10852.0,16,0.0
2021-05-26 12:00:00,133.257,133.384,133.059,133.089,11497.0,16,0.0
2021-05-26 16:00:00,133.088,133.3,133.065,133.087,17325.0,16,0.0
2021-05-26 20:00:00,133.087,133.116,132.994,133.011,6662.0,16,0.0
2021-05-27 00:00:00,132.985,133.129,132.951,133.048,4330.0,17,0.0
2021-05-27 04:00:00,133.048,133.052,132.933,133.024,6630.0,17,0.0
2021-05-27 08:00:00,133.024,133.236,132.986,133.007,11513.0,16,0.0
2021-05-27 12:00:00,133.008,133.421,132.999,133.262,14941.0,16,0.0
2021-05-27 16:00:00,133.262,133.981,133.255,133.915,18860.0,16,0.0
2021-05-27 20:00:00,133.915,134.057,133.803,133.845,7864.0,16,0.0
2021-05-28 00:00:00,133.87,133.982,133.84,133.935,4118.0,16,0.0
2021-05-28 04:00:00,133.936,133.977,133.837,133.885,5977.0,17,0.0
2021-05-28 08:00:00,133.885,133.997,133.738,133.978,10746.0,17,0.0
2021-05-28 12:00:00,133.977,133.994,133.609,133.725,14056.0,16,0.0
2021-05-28 16:00:00,133.725,134.007,133.679,133.936,16702.0,16,0.0
2021-05-28 20:00:00,133.933,133.984,133.806,133.851,6312.0,19,0.0
2021-05-31 00:00:00,133.92,134.022,133.767,133.823,3739.0,17,0.0
2021-05-31 04:00:00,133.823,133.867,133.743,133.772,7909.0,17,0.0
2021-05-31 08:00:00,133.771,133.851,133.731,133.782,8288.0,16,0.0
2021-05-31 12:00:00,133.78,133.811,133.662,133.763,6998.0,17,0.0
2021-05-31 16:00:00,133.762,133.911,133.685,133.871,8338.0,16,0.0
2021-05-31 20:00:00,133.869,133.933,133.823,133.873,7905.0,20,0.0
2021-06-01 00:00:00,133.892,133.998,133.76,133.803,4063.0,17,0.0
2021-06-01 04:00:00,133.803,133.884,133.743,133.852,6427.0,17,0.0
2021-06-01 08:00:00,133.852,134.035,133.775,134.007,10939.0,16,0.0
2021-06-01 12:00:00,134.008,134.119,133.925,134.036,10780.0,16,0.0
2021-06-01 16:00:00,134.036,134.127,133.873,133.875,14965.0,16,0.0
2021-06-01 20:00:00,133.873,133.878,133.608,133.613,5336.0,17,0.0
2021-06-02 00:00:00,133.71,133.998,133.631,133.964,4313.0,16,0.0
2021-06-02 04:00:00,133.963,134.026,133.912,134.012,7553.0,6,0.0
2021-06-02 08:00:00,134.013,134.072,133.811,133.819,10874.0,16,0.0
2021-06-02 12:00:00,133.819,133.883,133.646,133.716,11673.0,16,0.0
2021-06-02 16:00:00,133.716,133.897,133.697,133.873,11527.0,16,0.0
2021-06-02 20:00:00,133.874,133.891,133.742,133.764,4356.0,18,0.0
2021-06-03 00:00:00,133.726,133.881,133.617,133.862,3268.0,17,0.0
2021-06-03 04:00:00,133.863,133.919,133.823,133.869,4370.0,17,0.0
2021-06-03 08:00:00,133.869,133.91,133.744,133.81,8417.0,16,0.0
2021-06-03 12:00:00,133.81,133.874,133.687,133.698,16261.0,16,0.0
2021-06-03 16:00:00,133.698,133.781,133.626,133.66,18407.0,16,0.0
2021-06-03 20:00:00,133.66,133.796,133.636,133.677,5625.0,17,0.0
2021-06-04 00:00:00,133.714,133.816,133.615,133.679,4628.0,16,0.0
2021-06-04 04:00:00,133.68,133.684,133.503,133.572,6307.0,16,0.0
2021-06-04 08:00:00,133.572,133.584,133.398,133.402,8595.0,16,0.0
2021-06-04 12:00:00,133.403,133.592,133.298,133.549,15342.0,16,0.0
2021-06-04 16:00:00,133.548,133.551,133.138,133.155,16793.0,16,0.0
2021-06-04 20:00:00,133.156,133.296,133.156,133.225,4109.0,17,0.0
2021-06-07 00:00:00,133.158,133.382,133.097,133.326,5800.0,16,0.0
2021-06-07 04:00:00,133.327,133.33,133.114,133.148,15756.0,16,0.0
2021-06-07 08:00:00,133.148,133.174,132.999,133.008,8914.0,16,0.0
2021-06-07 12:00:00,133.008,133.106,132.917,132.925,8985.0,16,0.0
2021-06-07 16:00:00,132.926,133.309,132.882,133.263,12117.0,17,0.0
2021-06-07 20:00:00,133.264,133.277,133.108,133.108,3100.0,17,0.0
2021-06-08 00:00:00,133.106,133.339,133.106,133.286,3997.0,16,0.0
2021-06-08 04:00:00,133.287,133.35,133.212,133.258,6125.0,16,0.0
2021-06-08 08:00:00,133.258,133.351,133.19,133.308,7881.0,16,0.0
2021-06-08 12:00:00,133.307,133.36,133.133,133.196,11219.0,16,0.0
2021-06-08 16:00:00,133.195,133.425,133.184,133.342,11624.0,17,0.0
2021-06-08 20:00:00,133.345,133.373,133.204,133.204,3419.0,16,0.0
2021-06-09 00:00:00,133.253,133.321,133.209,133.253,3044.0,18,0.0
2021-06-09 04:00:00,133.254,133.365,133.202,133.339,3986.0,17,0.0
2021-06-09 08:00:00,133.338,133.439,133.235,133.438,7072.0,17,0.0
2021-06-09 12:00:00,133.439,133.468,133.353,133.412,6668.0,16,0.0
2021-06-09 16:00:00,133.412,133.626,133.378,133.507,12317.0,16,0.0
2021-06-09 20:00:00,133.507,133.527,133.427,133.438,4422.0,17,0.0
2021-06-10 00:00:00,133.474,133.552,133.412,133.441,3565.0,17,0.0
2021-06-10 04:00:00,133.44,133.448,133.264,133.288,9078.0,17,0.0
2021-06-10 08:00:00,133.288,133.294,133.112,133.209,7255.0,16,0.0
2021-06-10 12:00:00,133.208,133.758,133.165,133.618,15277.0,16,0.0
2021-06-10 16:00:00,133.621,133.668,133.153,133.246,18606.0,16,0.0
2021-06-10 20:00:00,133.245,133.272,133.03,133.03,5555.0,17,0.0
2021-06-11 00:00:00,133.06,133.278,133.045,133.249,5574.0,16,0.0
2021-06-11 04:00:00,133.249,133.363,133.228,133.329,4944.0,17,0.0
2021-06-11 08:00:00,133.327,133.413,133.201,133.269,9258.0,16,0.0
2021-06-11 12:00:00,133.268,133.288,132.848,132.966,11026.0,16,0.0
2021-06-11 16:00:00,132.966,132.992,132.678,132.68,12225.0,16,0.0
2021-06-11 20:00:00,132.678,132.811,132.66,132.781,4052.0,17,0.0
2021-06-14 00:00:00,132.691,132.909,132.663,132.878,4827.0,17,0.0
2021-06-14 04:00:00,132.878,132.88,132.769,132.85,4715.0,16,0.0
2021-06-14 08:00:00,132.85,132.965,132.644,132.779,8221.0,16,0.0
2021-06-14 12:00:00,132.78,133.026,132.77,133.013,7564.0,16,0.0
2021-06-14 16:00:00,133.011,133.395,132.991,133.361,11033.0,16,0.0
2021-06-14 20:00:00,133.361,133.434,133.313,133.313,3948.0,18,0.0
2021-06-15 00:00:00,133.367,133.428,133.349,133.415,3655.0,17,0.0
2021-06-15 04:00:00,133.415,133.519,133.342,133.483,4848.0,17,0.0
2021-06-15 08:00:00,133.483,133.679,133.418,133.579,7336.0,16,0.0
2021-06-15 12:00:00,133.578,133.578,133.27,133.345,9605.0,16,0.0
2021-06-15 16:00:00,133.345,133.568,133.313,133.493,10177.0,16,0.0
2021-06-15 20:00:00,133.494,133.516,133.431,133.431,3910.0,17,0.0
2021-06-16 00:00:00,133.367,133.539,133.367,133.508,3034.0,17,0.0
2021-06-16 04:00:00,133.509,133.513,133.403,133.487,3840.0,17,0.0
2021-06-16 08:00:00,133.486,133.582,133.259,133.336,8000.0,16,0.0
2021-06-16 12:00:00,133.334,133.349,133.122,133.141,8030.0,16,0.0
2021-06-16 16:00:00,133.141,133.352,133.063,133.153,9324.0,16,0.0
2021-06-16 20:00:00,133.153,133.153,132.678,132.71,27005.0,16,0.0
2021-06-17 00:00:00,132.705,132.873,132.626,132.765,8481.0,16,0.0
2021-06-17 04:00:00,132.764,132.831,132.707,132.819,8369.0,17,0.0
2021-06-17 08:00:00,132.819,132.83,132.102,132.188,16208.0,16,0.0
2021-06-17 12:00:00,132.187,132.323,131.788,131.826,15365.0,16,0.0
2021-06-17 16:00:00,131.825,131.962,131.021,131.222,20745.0,16,0.0
2021-06-17 20:00:00,131.22,131.39,131.122,131.152,9831.0,16,0.0
2021-06-18 00:00:00,131.172,131.427,131.158,131.348,6536.0,16,0.0
2021-06-18 04:00:00,131.347,131.405,131.242,131.299,6629.0,13,0.0
2021-06-18 08:00:00,131.299,131.307,130.799,131.192,13712.0,13,0.0
2021-06-18 12:00:00,131.193,131.366,130.819,131.059,12468.0,13,0.0
2021-06-18 16:00:00,131.059,131.1,130.601,130.884,17199.0,13,0.0
2021-06-18 20:00:00,130.885,130.92,130.654,130.723,6996.0,13,0.0
2021-06-21 00:00:00,130.636,130.888,130.636,130.868,10623.0,13,0.0
2021-06-21 04:00:00,130.869,130.88,130.037,130.276,15407.0,17,0.0
2021-06-21 08:00:00,130.275,130.835,130.228,130.743,16389.0,16,0.0
2021-06-21 12:00:00,130.742,131.048,130.723,130.974,13094.0,16,0.0
2021-06-21 16:00:00,130.973,131.406,130.96,131.305,16392.0,16,0.0
2021-06-21 20:00:00,131.306,131.491,131.293,131.333,6648.0,16,0.0
2021-06-22 00:00:00,131.383,131.54,131.217,131.294,4991.0,17,0.0
2021-06-22 04:00:00,131.295,131.552,131.233,131.468,6728.0,17,0.0
2021-06-22 08:00:00,131.468,131.573,131.306,131.428,11076.0,16,0.0
2021-06-22 12:00:00,131.428,131.659,131.223,131.648,9730.0,16,0.0
2021-06-22 16:00:00,131.648,132.153,131.615,132.117,15760.0,16,0.0
2021-06-22 20:00:00,132.115,132.191,132.014,132.014,7055.0,17,0.0
2021-06-23 00:00:00,132.02,132.205,132.02,132.119,5303.0,17,0.0
2021-06-23 04:00:00,132.119,132.221,132.032,132.054,6464.0,17,0.0
2021-06-23 08:00:00,132.057,132.441,132.036,132.336,10623.0,16,0.0
2021-06-23 12:00:00,132.337,132.691,132.239,132.483,11420.0,16,0.0
2021-06-23 16:00:00,132.481,132.601,132.318,132.434,15166.0,17,0.0
2021-06-23 20:00:00,132.434,132.45,132.254,132.254,8723.0,17,0.0
2021-06-24 00:00:00,132.334,132.575,132.314,132.455,7014.0,17,0.0
2021-06-24 04:00:00,132.455,132.479,132.3,132.314,6929.0,17,0.0
2021-06-24 08:00:00,132.317,132.385,132.113,132.212,10037.0,16,0.0
2021-06-24 12:00:00,132.212,132.436,132.155,132.39,11881.0,16,0.0
2021-06-24 16:00:00,132.389,132.405,132.127,132.247,14107.0,17,0.0
2021-06-24 20:00:00,132.248,132.311,132.198,132.202,9663.0,17,0.0
2021-06-25 00:00:00,132.217,132.402,132.19,132.346,3364.0,17,0.0
2021-06-25 04:00:00,132.346,132.451,132.3,132.339,5238.0,17,0.0
2021-06-25 08:00:00,132.339,132.405,132.201,132.24,8163.0,16,0.0
2021-06-25 12:00:00,132.24,132.329,132.101,132.172,10175.0,16,0.0
2021-06-25 16:00:00,132.173,132.406,132.152,132.295,13607.0,17,0.0
2021-06-25 20:00:00,132.293,132.307,132.198,132.204,5797.0,17,0.0
2021-06-28 00:00:00,132.224,132.346,132.053,132.138,5175.0,16,0.0
2021-06-28 04:00:00,132.135,132.136,131.897,131.92,5396.0,17,0.0
2021-06-28 08:00:00,131.92,132.241,131.894,132.212,8147.0,17,0.0
2021-06-28 12:00:00,132.212,132.233,132.05,132.146,9940.0,16,0.0
2021-06-28 16:00:00,132.144,132.206,131.786,131.81,15866.0,16,0.0
2021-06-28 20:00:00,131.81,131.901,131.776,131.823,6495.0,17,0.0
2021-06-29 00:00:00,131.804,131.947,131.718,131.738,3832.0,18,0.0
2021-06-29 04:00:00,131.737,131.755,131.577,131.705,6254.0,17,0.0
2021-06-29 08:00:00,131.705,131.875,131.623,131.623,9343.0,16,0.0
2021-06-29 12:00:00,131.625,131.72,131.482,131.522,11551.0,17,0.0
2021-06-29 16:00:00,131.522,131.62,131.275,131.482,14923.0,16,0.0
2021-06-29 20:00:00,131.482,131.577,131.462,131.481,6185.0,17,0.0
2021-06-30 00:00:00,131.389,131.653,131.389,131.568,4906.0,16,0.0
2021-06-30 04:00:00,131.569,131.588,131.452,131.491,5846.0,17,0.0
2021-06-30 08:00:00,131.491,131.592,131.275,131.293,10741.0,17,0.0
2021-06-30 12:00:00,131.293,131.494,131.287,131.467,13547.0,17,0.0
2021-06-30 16:00:00,131.466,131.656,131.311,131.617,20395.0,16,0.0
2021-06-30 20:00:00,131.618,131.782,131.604,131.69,9998.0,17,0.0
2021-07-01 00:00:00,131.689,131.77,131.602,131.611,3742.0,17,0.0
2021-07-01 04:00:00,131.611,131.656,131.559,131.639,4521.0,17,0.0
2021-07-01 08:00:00,131.639,131.958,131.559,131.947,12251.0,16,0.0
2021-07-01 12:00:00,131.947,132.428,131.903,132.311,14546.0,16,0.0
2021-07-01 16:00:00,132.311,132.401,132.185,132.198,16450.0,16,0.0
2021-07-01 20:00:00,132.196,132.279,132.078,132.086,6088.0,17,0.0
2021-07-02 00:00:00,132.073,132.225,132.07,132.219,3114.0,16,0.0
2021-07-02 04:00:00,132.223,132.227,132.108,132.168,5264.0,17,0.0
2021-07-02 08:00:00,132.168,132.189,131.8,131.84,9819.0,16,0.0
2021-07-02 12:00:00,131.84,132.052,131.701,131.821,15380.0,17,0.0
2021-07-02 16:00:00,131.819,131.888,131.678,131.721,19282.0,16,0.0
2021-07-02 20:00:00,131.719,131.822,131.675,131.691,8176.0,16,0.0
2021-07-05 00:00:00,131.663,131.866,131.588,131.787,7609.0,16,0.0
2021-07-05 04:00:00,131.786,131.808,131.665,131.773,7080.0,16,0.0
2021-07-05 08:00:00,131.77,131.775,131.58,131.638,8967.0,17,0.0
2021-07-05 12:00:00,131.638,131.675,131.543,131.591,6737.0,17,0.0
2021-07-05 16:00:00,131.591,131.655,131.564,131.604,5138.0,16,0.0
2021-07-05 20:00:00,131.605,131.673,131.536,131.536,12462.0,17,0.0
2021-07-06 00:00:00,131.578,131.652,131.46,131.487,4683.0,17,0.0
2021-07-06 04:00:00,131.487,131.655,131.424,131.602,8019.0,17,0.0
2021-07-06 08:00:00,131.601,131.858,131.215,131.222,13335.0,17,0.0
2021-07-06 12:00:00,131.218,131.293,130.968,131.042,13219.0,17,0.0
2021-07-06 16:00:00,131.044,131.097,130.615,130.698,25285.0,16,0.0
2021-07-06 20:00:00,130.698,130.85,130.691,130.726,9310.0,17,0.0
2021-07-07 00:00:00,130.755,130.81,130.489,130.515,9221.0,16,0.0
2021-07-07 04:00:00,130.515,130.842,130.495,130.675,8600.0,16,0.0
2021-07-07 08:00:00,130.674,130.966,130.653,130.943,12392.0,16,0.0
2021-07-07 12:00:00,130.943,131.031,130.62,130.66,11450.0,17,0.0
2021-07-07 16:00:00,130.66,130.865,130.459,130.593,18179.0,16,0.0
2021-07-07 20:00:00,130.593,130.702,130.407,130.407,13204.0,16,0.0
2021-07-08 00:00:00,130.398,130.523,130.316,130.337,4309.0,18,0.0
2021-07-08 04:00:00,130.337,130.426,130.156,130.374,9646.0,16,0.0
2021-07-08 08:00:00,130.374,130.379,129.617,129.861,25528.0,16,0.0
2021-07-08 12:00:00,129.862,130.15,129.729,129.97,23286.0,17,0.0
2021-07-08 16:00:00,129.97,130.158,129.82,130.052,25239.0,16,0.0
2021-07-08 20:00:00,130.052,130.093,129.883,129.883,8864.0,17,0.0
2021-07-09 00:00:00,129.906,130.188,129.889,130.093,8577.0,17,0.0
2021-07-09 04:00:00,130.093,130.173,129.93,130.138,12741.0,16,0.0
2021-07-09 08:00:00,130.138,130.361,130.125,130.263,16387.0,16,0.0
2021-07-09 12:00:00,130.263,130.581,130.22,130.528,15064.0,16,0.0
2021-07-09 16:00:00,130.528,130.84,130.467,130.787,14954.0,17,0.0
2021-07-09 20:00:00,130.785,130.876,130.735,130.742,7935.0,17,0.0
2021-07-12 00:00:00,130.785,130.905,130.679,130.774,5919.0,19,0.0
2021-07-12 04:00:00,130.774,130.822,130.661,130.766,9129.0,17,0.0
2021-07-12 08:00:00,130.765,130.862,130.619,130.686,10327.0,17,0.0
2021-07-12 12:00:00,130.687,130.72,130.449,130.628,12054.0,16,0.0
2021-07-12 16:00:00,130.625,130.987,130.586,130.881,14915.0,16,0.0
2021-07-12 20:00:00,130.88,130.902,130.796,130.833,7731.0,17,0.0
2021-07-13 00:00:00,130.893,131.006,130.78,130.986,5069.0,18,0.0
2021-07-13 04:00:00,130.986,131.087,130.913,131.007,7447.0,17,0.0
2021-07-13 08:00:00,131.005,131.013,130.67,130.759,10386.0,18,0.0
2021-07-13 12:00:00,130.758,130.76,130.334,130.39,15758.0,18,0.0
2021-07-13 16:00:00,130.39,130.584,130.299,130.34,21672.0,17,0.0
2021-07-13 20:00:00,130.339,130.428,130.201,130.201,13433.0,17,0.0
2021-07-14 00:00:00,130.22,130.357,130.199,130.278,6065.0,16,0.0
2021-07-14 04:00:00,130.278,130.281,130.124,130.207,9481.0,16,0.0
2021-07-14 08:00:00,130.207,130.362,130.189,130.217,11744.0,17,0.0
2021-07-14 12:00:00,130.218,130.429,130.108,130.25,15022.0,17,0.0
2021-07-14 16:00:00,130.25,130.259,130.017,130.134,20299.0,17,0.0
2021-07-14 20:00:00,130.133,130.205,130.062,130.064,8088.0,17,0.0
2021-07-15 00:00:00,130.107,130.198,129.924,130.05,13458.0,16,0.0
2021-07-15 04:00:00,130.051,130.056,129.888,130.006,9131.0,17,0.0
2021-07-15 08:00:00,130.006,130.089,129.833,130.039,12246.0,18,0.0
2021-07-15 12:00:00,130.038,130.173,129.881,129.946,14266.0,16,0.0
2021-07-15 16:00:00,129.945,130.049,129.797,129.876,17796.0,17,0.0
2021-07-15 20:00:00,129.877,129.888,129.606,129.787,11125.0,16,0.0
2021-07-16 00:00:00,129.787,129.8,129.633,129.781,5206.0,17,0.0
2021-07-16 04:00:00,129.78,129.958,129.737,129.911,10199.0,16,0.0
2021-07-16 08:00:00,129.913,130.108,129.786,130.094,11363.0,16,0.0
2021-07-16 12:00:00,130.094,130.207,129.916,130.189,12899.0,17,0.0
2021-07-16 16:00:00,130.189,130.279,129.951,130.043,18492.0,17,0.0
2021-07-16 20:00:00,130.044,130.078,129.821,129.898,10369.0,17,0.0
2021-07-19 00:00:00,129.887,130.002,129.641,129.661,6638.0,17,0.0
2021-07-19 04:00:00,129.659,129.81,129.654,129.763,8485.0,16,0.0
2021-07-19 08:00:00,129.763,129.823,129.087,129.186,15088.0,16,0.0
2021-07-19 12:00:00,129.184,129.378,128.893,129.03,19974.0,16,0.0
2021-07-19 16:00:00,129.027,129.301,128.884,129.061,29890.0,16,0.0
2021-07-19 20:00:00,129.061,129.185,129.024,129.117,12589.0,17,0.0
2021-07-20 00:00:00,129.063,129.22,129.021,129.164,5053.0,16,0.0
2021-07-20 04:00:00,129.163,129.299,128.953,129.04,9418.0,16,0.0
2021-07-20 08:00:00,129.041,129.428,128.971,129.219,17337.0,16,0.0
2021-07-20 12:00:00,129.218,129.324,128.804,128.948,18723.0,16,0.0
2021-07-20 16:00:00,128.948,129.461,128.588,129.442,23906.0,16,0.0
2021-07-20 20:00:00,129.442,129.48,129.334,129.334,10086.0,17,0.0
2021-07-21 00:00:00,129.367,129.55,129.328,129.537,7900.0,17,0.0
2021-07-21 04:00:00,129.538,129.541,129.318,129.359,8877.0,17,0.0
2021-07-21 08:00:00,129.359,129.717,129.156,129.698,15586.0,17,0.0
2021-07-21 12:00:00,129.698,129.712,129.531,129.648,13398.0,16,0.0
2021-07-21 16:00:00,129.648,130.153,129.644,130.097,16616.0,16,0.0
2021-07-21 20:00:00,130.098,130.19,129.995,129.995,6419.0,16,0.0
2021-07-22 00:00:00,130.073,130.107,129.89,129.895,12381.0,17,0.0
2021-07-22 04:00:00,129.893,129.967,129.764,129.938,6587.0,17,0.0
2021-07-22 08:00:00,129.937,130.121,129.868,130.06,11157.0,17,0.0
2021-07-22 12:00:00,130.06,130.233,129.715,129.871,18420.0,16,0.0
2021-07-22 16:00:00,129.869,130.295,129.484,129.539,21772.0,16,0.0
2021-07-22 20:00:00,129.54,129.731,129.518,129.624,8139.0,17,0.0
2021-07-23 00:00:00,129.605,129.734,129.423,129.714,3169.0,17,0.0
2021-07-23 04:00:00,129.714,129.836,129.709,129.76,5710.0,19,0.0
2021-07-23 08:00:00,129.76,130.183,129.72,130.088,12259.0,16,0.0
2021-07-23 12:00:00,130.089,130.164,129.894,130.147,12519.0,16,0.0
2021-07-23 16:00:00,130.148,130.159,129.864,130.091,14924.0,17,0.0
2021-07-23 20:00:00,130.091,130.171,130.06,130.105,7890.0,17,0.0
2021-07-26 00:00:00,130.02,130.169,129.951,129.957,9240.0,17,0.0
2021-07-26 04:00:00,129.959,129.995,129.871,129.96,10546.0,17,0.0
2021-07-26 08:00:00,129.961,130.005,129.673,129.885,16046.0,16,0.0
2021-07-26 12:00:00,129.885,130.156,129.863,130.045,12879.0,16,0.0
2021-07-26 16:00:00,130.042,130.323,129.956,130.315,16997.0,16,0.0
2021-07-26 20:00:00,130.315,130.35,130.186,130.186,5636.0,19,0.0
2021-07-27 00:00:00,130.25,130.283,130.142,130.153,6413.0,17,0.0
2021-07-27 04:00:00,130.153,130.227,130.026,130.07,11942.0,17,0.0
2021-07-27 08:00:00,130.07,130.091,129.54,129.636,16501.0,17,0.0
2021-07-27 12:00:00,129.637,130.007,129.592,129.949,12005.0,16,0.0
2021-07-27 16:00:00,129.946,129.964,129.627,129.747,22160.0,16,0.0
2021-07-27 20:00:00,129.747,129.815,129.619,129.619,8279.0,17,0.0
2021-07-28 00:00:00,129.639,129.877,129.541,129.801,5723.0,17,0.0
2021-07-28 04:00:00,129.799,129.9,129.721,129.742,11148.0,16,0.0
2021-07-28 08:00:00,129.742,130.028,129.62,130.024,11890.0,16,0.0
2021-07-28 12:00:00,130.024,130.054,129.762,129.955,13353.0,16,0.0
2021-07-28 16:00:00,129.954,130.055,129.816,130.009,16654.0,16,0.0
2021-07-28 20:00:00,130.009,130.235,129.807,130.1,23362.0,18,0.0
2021-07-29 00:00:00,130.144,130.215,129.944,129.977,6014.0,17,0.0
2021-07-29 04:00:00,129.976,130.21,129.895,130.159,13375.0,17,0.0
2021-07-29 08:00:00,130.158,130.416,130.047,130.415,12930.0,16,0.0
2021-07-29 12:00:00,130.411,130.491,130.245,130.434,11485.0,16,0.0
2021-07-29 16:00:00,130.434,130.563,130.123,130.166,14551.0,16,0.0
2021-07-29 20:00:00,130.166,130.198,130.04,130.04,8727.0,18,0.0
2021-07-30 00:00:00,130.089,130.18,130.017,130.156,8143.0,17,0.0
2021-07-30 04:00:00,130.156,130.22,130.037,130.099,11589.0,16,0.0
2021-07-30 08:00:00,130.1,130.376,130.058,130.367,10439.0,17,0.0
2021-07-30 12:00:00,130.37,130.499,130.219,130.4,11654.0,17,0.0
2021-07-30 16:00:00,130.4,130.427,130.069,130.197,15003.0,17,0.0
2021-07-30 20:00:00,130.197,130.254,130.113,130.13,8685.0,17,0.0
2021-08-02 00:00:00,130.206,130.23,130.077,130.119,6312.0,17,0.0
2021-08-02 04:00:00,130.118,130.249,130.087,130.219,8752.0,17,0.0
2021-08-02 08:00:00,130.219,130.42,130.122,130.315,10669.0,16,0.0
2021-08-02 12:00:00,130.315,130.346,130.03,130.05,8968.0,16,0.0
2021-08-02 16:00:00,130.051,130.143,129.6,129.671,16506.0,16,0.0
2021-08-02 20:00:00,129.671,129.813,129.626,129.782,4990.0,17,0.0
2021-08-03 00:00:00,129.782,129.824,129.697,129.763,11712.0,16,0.0
2021-08-03 04:00:00,129.763,129.779,129.631,129.708,11690.0,17,0.0
2021-08-03 08:00:00,129.708,129.771,129.538,129.705,11213.0,17,0.0
2021-08-03 12:00:00,129.705,129.861,129.583,129.595,9227.0,18,0.0
2021-08-03 16:00:00,129.598,129.598,129.163,129.439,17981.0,17,0.0
2021-08-03 20:00:00,129.44,129.5,129.269,129.269,7606.0,16,0.0
2021-08-04 00:00:00,129.253,129.397,129.223,129.311,5137.0,16,0.0
2021-08-04 04:00:00,129.311,129.499,129.24,129.491,9840.0,17,0.0
2021-08-04 08:00:00,129.491,129.612,129.333,129.395,8503.0,17,0.0
2021-08-04 12:00:00,129.395,129.487,129.129,129.31,11423.0,18,0.0
2021-08-04 16:00:00,129.31,129.816,129.284,129.645,23837.0,16,0.0
2021-08-04 20:00:00,129.645,129.646,129.501,129.514,10309.0,18,0.0
2021-08-05 00:00:00,129.56,129.785,129.525,129.78,5635.0,18,0.0
2021-08-05 04:00:00,129.781,129.84,129.738,129.806,9196.0,17,0.0
2021-08-05 08:00:00,129.807,129.928,129.693,129.736,10523.0,17,0.0
2021-08-05 12:00:00,129.736,129.805,129.629,129.71,12014.0,16,0.0
2021-08-05 16:00:00,129.711,130.014,129.704,129.92,15382.0,17,0.0
2021-08-05 20:00:00,129.92,129.946,129.819,129.819,8874.0,16,0.0
2021-08-06 00:00:00,129.864,129.963,129.846,129.92,4203.0,19,0.0
2021-08-06 04:00:00,129.921,129.951,129.829,129.863,6708.0,20,0.0
2021-08-06 08:00:00,129.863,129.914,129.583,129.664,8172.0,17,0.0
2021-08-06 12:00:00,129.662,129.843,129.563,129.759,13660.0,16,0.0
2021-08-06 16:00:00,129.763,129.898,129.611,129.632,18460.0,16,0.0
2021-08-06 20:00:00,129.63,129.679,129.579,129.61,8503.0,17,0.0
2021-08-09 00:00:00,129.664,129.67,129.5,129.561,9152.0,17,0.0
2021-08-09 04:00:00,129.561,129.647,129.531,129.645,7636.0,17,0.0
2021-08-09 08:00:00,129.645,129.649,129.5,129.521,9520.0,17,0.0
2021-08-09 12:00:00,129.52,129.575,129.435,129.531,8415.0,17,0.0
2021-08-09 16:00:00,129.531,129.565,129.388,129.481,14202.0,17,0.0
2021-08-09 20:00:00,129.479,129.52,129.344,129.344,9790.0,18,0.0
2021-08-10 00:00:00,129.424,129.569,129.41,129.495,8432.0,17,0.0
2021-08-10 04:00:00,129.495,129.53,129.418,129.502,6545.0,17,0.0
2021-08-10 08:00:00,129.5,129.682,129.484,129.613,8535.0,17,0.0
2021-08-10 12:00:00,129.609,129.615,129.398,129.447,9032.0,18,0.0
2021-08-10 16:00:00,129.447,129.614,129.44,129.568,13191.0,18,0.0
2021-08-10 20:00:00,129.569,129.621,129.549,129.563,8887.0,17,0.0
2021-08-11 00:00:00,129.513,129.67,129.465,129.627,8141.0,17,0.0
2021-08-11 04:00:00,129.627,129.735,129.617,129.688,6593.0,19,0.0
2021-08-11 08:00:00,129.688,129.805,129.65,129.767,7341.0,17,0.0
2021-08-11 12:00:00,129.767,129.794,129.533,129.662,11170.0,16,0.0
2021-08-11 16:00:00,129.663,129.757,129.593,129.716,14570.0,18,0.0
2021-08-11 20:00:00,129.717,129.72,129.618,129.618,9764.0,17,0.0
2021-08-12 00:00:00,129.549,129.681,129.543,129.549,3448.0,20,0.0
2021-08-12 04:00:00,129.549,129.652,129.496,129.621,6939.0,17,0.0
2021-08-12 08:00:00,129.622,129.659,129.558,129.63,7303.0,18,0.0
2021-08-12 12:00:00,129.629,129.703,129.577,129.677,7467.0,17,0.0
2021-08-12 16:00:00,129.675,129.689,129.388,129.589,11647.0,17,0.0
2021-08-12 20:00:00,129.589,129.645,129.448,129.448,7960.0,17,0.0
2021-08-13 00:00:00,129.417,129.611,129.413,129.59,7711.0,18,0.0
2021-08-13 04:00:00,129.589,129.635,129.554,129.607,7356.0,17,0.0
2021-08-13 08:00:00,129.606,129.612,129.361,129.481,5825.0,18,0.0
2021-08-13 12:00:00,129.482,129.695,129.47,129.652,6631.0,17,0.0
2021-08-13 16:00:00,129.652,129.671,129.397,129.41,13716.0,17,0.0
2021-08-13 20:00:00,129.411,129.411,129.228,129.269,8540.0,17,0.0
2021-08-16 00:00:00,129.245,129.432,129.069,129.159,17331.0,17,0.0
2021-08-16 04:00:00,129.156,129.194,128.938,129.06,12138.0,16,0.0
2021-08-16 08:00:00,129.06,129.079,128.83,128.846,8509.0,16,0.0
2021-08-16 12:00:00,128.846,128.896,128.678,128.734,8776.0,17,0.0
2021-08-16 16:00:00,128.734,128.758,128.491,128.623,12041.0,16,0.0
2021-08-16 20:00:00,128.623,128.675,128.569,128.569,2611.0,17,0.0
2021-08-17 00:00:00,128.648,128.767,128.576,128.608,3792.0,17,0.0
2021-08-17 04:00:00,128.611,128.693,128.545,128.675,8042.0,17,0.0
2021-08-17 08:00:00,128.675,128.868,128.355,128.724,10872.0,17,0.0
2021-08-17 12:00:00,128.724,128.744,128.477,128.629,10484.0,16,0.0
2021-08-17 16:00:00,128.629,128.633,128.254,128.256,13859.0,16,0.0
2021-08-17 20:00:00,128.256,128.362,128.222,128.241,4892.0,18,0.0
2021-08-18 00:00:00,128.206,128.34,128.206,128.26,4399.0,17,0.0
2021-08-18 04:00:00,128.258,128.504,128.216,128.447,10730.0,17,0.0
2021-08-18 08:00:00,128.446,128.555,128.382,128.469,7511.0,17,0.0
2021-08-18 12:00:00,128.469,128.763,128.414,128.73,8883.0,17,0.0
2021-08-18 16:00:00,128.731,128.746,128.563,128.668,11103.0,17,0.0
2021-08-18 20:00:00,128.668,128.945,128.457,128.457,11137.0,16,0.0
2021-08-19 00:00:00,128.541,128.624,128.465,128.538,5486.0,17,0.0
2021-08-19 04:00:00,128.538,128.702,128.515,128.641,10340.0,17,0.0
2021-08-19 08:00:00,128.641,128.694,128.041,128.089,17070.0,16,0.0
2021-08-19 12:00:00,128.089,128.382,127.928,128.31,13205.0,17,0.0
2021-08-19 16:00:00,128.309,128.453,128.141,128.307,15321.0,17,0.0
2021-08-19 20:00:00,128.306,128.308,128.028,128.051,5623.0,18,0.0
2021-08-20 00:00:00,128.123,128.371,128.094,128.319,4774.0,17,0.0
2021-08-20 04:00:00,128.319,128.321,128.025,128.245,9427.0,17,0.0
2021-08-20 08:00:00,128.245,128.245,127.983,128.035,12174.0,18,0.0
2021-08-20 12:00:00,128.035,128.094,127.942,128.086,8575.0,17,0.0
2021-08-20 16:00:00,128.084,128.522,128.059,128.513,12457.0,16,0.0
2021-08-20 20:00:00,128.512,128.519,128.321,128.398,3765.0,18,0.0
2021-08-23 00:00:00,128.364,128.634,128.296,128.536,7536.0,17,0.0
2021-08-23 04:00:00,128.536,128.8,128.525,128.742,7931.0,18,0.0
2021-08-23 08:00:00,128.742,128.981,128.7,128.961,10489.0,17,0.0
2021-08-23 12:00:00,128.961,129.144,128.93,129.098,7916.0,17,0.0
2021-08-23 16:00:00,129.098,129.1,128.783,128.865,11645.0,17,0.0
2021-08-23 20:00:00,128.866,128.883,128.791,128.813,3611.0,18,0.0
2021-08-24 00:00:00,128.759,128.869,128.753,128.847,9065.0,17,0.0
2021-08-24 04:00:00,128.847,128.902,128.755,128.883,4681.0,19,0.0
2021-08-24 08:00:00,128.883,129.033,128.712,128.771,9066.0,16,0.0
2021-08-24 12:00:00,128.769,128.829,128.654,128.704,8417.0,17,0.0
2021-08-24 16:00:00,128.704,129.009,128.591,128.871,12427.0,17,0.0
2021-08-24 20:00:00,128.871,128.976,128.802,128.826,3050.0,17,0.0
2021-08-25 00:00:00,128.86,129.039,128.856,128.94,3344.0,17,0.0
2021-08-25 04:00:00,128.94,128.945,128.83,128.849,5401.0,18,0.0
2021-08-25 08:00:00,128.849,129.12,128.766,128.961,8208.0,16,0.0
2021-08-25 12:00:00,128.962,129.057,128.942,129.038,8476.0,17,0.0
2021-08-25 16:00:00,129.034,129.435,129.006,129.425,11732.0,17,0.0
2021-08-25 20:00:00,129.424,129.535,129.416,129.458,4577.0,17,0.0
2021-08-26 00:00:00,129.379,129.548,129.372,129.49,16559.0,17,0.0
2021-08-26 04:00:00,129.49,129.529,129.302,129.393,19705.0,17,0.0
2021-08-26 08:00:00,129.391,129.765,129.354,129.56,9228.0,16,0.0
2021-08-26 12:00:00,129.56,129.697,129.455,129.461,9417.0,17,0.0
2021-08-26 16:00:00,129.461,129.626,129.227,129.439,14118.0,17,0.0
2021-08-26 20:00:00,129.439,129.446,129.282,129.347,5229.0,17,0.0
2021-08-27 00:00:00,129.214,129.396,129.155,129.26,3878.0,17,0.0
2021-08-27 04:00:00,129.26,129.37,129.197,129.305,6373.0,17,0.0
2021-08-27 08:00:00,129.305,129.519,129.299,129.393,6979.0,19,0.0
2021-08-27 12:00:00,129.392,129.621,129.357,129.416,7489.0,16,0.0
2021-08-27 16:00:00,129.415,129.748,129.369,129.574,23349.0,16,0.0
2021-08-27 20:00:00,129.574,129.584,129.484,129.484,4274.0,17,0.0
2021-08-30 00:00:00,129.543,129.635,129.499,129.525,4029.0,17,0.0
2021-08-30 04:00:00,129.524,129.646,129.49,129.544,6026.0,18,0.0
2021-08-30 08:00:00,129.544,129.665,129.486,129.6,5240.0,19,0.0
2021-08-30 12:00:00,129.602,129.68,129.535,129.577,5454.0,16,0.0
2021-08-30 16:00:00,129.578,129.692,129.545,129.656,8572.0,17,0.0
2021-08-30 20:00:00,129.657,129.71,129.57,129.586,2295.0,17,0.0
2021-08-31 00:00:00,129.632,129.756,129.53,129.676,4626.0,17,0.0
2021-08-31 04:00:00,129.676,129.944,129.634,129.883,8295.0,18,0.0
2021-08-31 08:00:00,129.883,129.982,129.819,129.904,7915.0,17,0.0
2021-08-31 12:00:00,129.904,130.177,129.757,129.86,11980.0,16,0.0
2021-08-31 16:00:00,129.86,129.918,129.592,129.842,18812.0,17,0.0
2021-08-31 20:00:00,129.842,129.938,129.813,129.813,4825.0,17,0.0
2021-09-01 00:00:00,129.84,130.07,129.84,130.045,5725.0,20,0.0
2021-09-01 04:00:00,130.045,130.115,130.028,130.069,7375.0,17,0.0
2021-09-01 08:00:00,130.069,130.414,129.983,130.392,10410.0,17,0.0
2021-09-01 12:00:00,130.393,130.446,130.241,130.25,10523.0,16,0.0
2021-09-01 16:00:00,130.248,130.456,130.13,130.378,12995.0,18,0.0
2021-09-01 20:00:00,130.378,130.401,130.173,130.174,3684.0,17,0.0
2021-09-02 00:00:00,130.198,130.407,130.169,130.266,5043.0,17,0.0
2021-09-02 04:00:00,130.265,130.269,130.163,130.215,3943.0,18,0.0
2021-09-02 08:00:00,130.214,130.424,130.201,130.307,6457.0,16,0.0
2021-09-02 12:00:00,130.305,130.406,130.255,130.344,6607.0,18,0.0
2021-09-02 16:00:00,130.344,130.567,130.342,130.525,9450.0,16,0.0
2021-09-02 20:00:00,130.525,130.593,130.446,130.453,4057.0,17,0.0
2021-09-03 00:00:00,130.53,130.64,130.47,130.57,6468.0,17,0.0
2021-09-03 04:00:00,130.57,130.747,130.465,130.677,8608.0,17,0.0
2021-09-03 08:00:00,130.679,130.715,130.584,130.592,6305.0,17,0.0
2021-09-03 12:00:00,130.592,130.684,130.386,130.64,12639.0,17,0.0
2021-09-03 16:00:00,130.642,130.739,130.188,130.351,16031.0,17,0.0
2021-09-03 20:00:00,130.349,130.453,130.275,130.275,3293.0,18,0.0
2021-09-06 00:00:00,130.349,130.503,130.193,130.44,3465.0,17,0.0
2021-09-06 04:00:00,130.44,130.458,130.273,130.331,3783.0,19,0.0
2021-09-06 08:00:00,130.333,130.501,130.288,130.374,5200.0,17,0.0
2021-09-06 12:00:00,130.375,130.397,130.291,130.332,5048.0,18,0.0
2021-09-06 16:00:00,130.334,130.415,130.25,130.415,4542.0,17,0.0
2021-09-06 20:00:00,130.414,130.418,130.3,130.302,5078.0,26,0.0
2021-09-07 00:00:00,130.322,130.438,130.305,130.415,5409.0,18,0.0
2021-09-07 04:00:00,130.416,130.495,130.291,130.409,5557.0,16,0.0
2021-09-07 08:00:00,130.409,130.596,130.35,130.543,10157.0,16,0.0
2021-09-07 12:00:00,130.544,130.598,130.419,130.457,10687.0,17,0.0
2021-09-07 16:00:00,130.456,130.604,130.437,130.556,11632.0,17,0.0
2021-09-07 20:00:00,130.555,130.659,130.51,130.51,4397.0,17,0.0
2021-09-08 00:00:00,130.521,130.663,130.52,130.634,3579.0,20,0.0
2021-09-08 04:00:00,130.634,130.695,130.588,130.642,3297.0,19,0.0
2021-09-08 08:00:00,130.641,130.695,130.174,130.224,10791.0,17,0.0
2021-09-08 12:00:00,130.225,130.412,130.219,130.319,8688.0,18,0.0
2021-09-08 16:00:00,130.317,130.419,130.224,130.339,13392.0,17,0.0
2021-09-08 20:00:00,130.338,130.373,130.228,130.234,4640.0,17,0.0
2021-09-09 00:00:00,130.232,130.323,130.175,130.206,2846.0,17,0.0
2021-09-09 04:00:00,130.206,130.257,130.1,130.136,4334.0,17,0.0
2021-09-09 08:00:00,130.136,130.174,129.966,130.032,8640.0,16,0.0
2021-09-09 12:00:00,130.031,130.146,129.771,129.936,12343.0,17,0.0
2021-09-09 16:00:00,129.936,129.969,129.662,129.789,12996.0,17,0.0
2021-09-09 20:00:00,129.789,129.808,129.662,129.662,7866.0,17,0.0
2021-09-10 00:00:00,129.698,129.829,129.69,129.711,4092.0,17,0.0
2021-09-10 04:00:00,129.711,129.99,129.684,129.985,5483.0,18,0.0
2021-09-10 08:00:00,129.986,130.275,129.958,130.197,8390.0,16,0.0
2021-09-10 12:00:00,130.198,130.227,129.957,129.966,8584.0,16,0.0
2021-09-10 16:00:00,129.965,130.055,129.87,129.915,12676.0,17,0.0
2021-09-10 20:00:00,129.916,129.918,129.761,129.793,5952.0,18,0.0
2021-09-13 00:00:00,129.791,129.868,129.714,129.822,4872.0,17,0.0
2021-09-13 04:00:00,129.822,129.83,129.68,129.718,5492.0,18,0.0
2021-09-13 08:00:00,129.719,129.841,129.648,129.821,9175.0,17,0.0
2021-09-13 12:00:00,129.82,129.855,129.589,129.679,7481.0,17,0.0
2021-09-13 16:00:00,129.681,129.942,129.667,129.879,11223.0,18,0.0
2021-09-13 20:00:00,129.879,129.936,129.806,129.833,4246.0,17,0.0
2021-09-14 00:00:00,129.866,129.958,129.846,129.935,2718.0,19,0.0
2021-09-14 04:00:00,129.933,130.088,129.928,130.018,5349.0,17,0.0
2021-09-14 08:00:00,130.017,130.126,129.967,130.074,7554.0,18,0.0
2021-09-14 12:00:00,130.074,130.195,129.858,130.108,12031.0,17,0.0
2021-09-14 16:00:00,130.111,130.126,129.584,129.604,13891.0,17,0.0
2021-09-14 20:00:00,129.606,129.615,129.36,129.375,5359.0,17,0.0
2021-09-15 00:00:00,129.41,129.532,129.348,129.35,5072.0,17,0.0
2021-09-15 04:00:00,129.351,129.485,129.327,129.405,5236.0,18,0.0
2021-09-15 08:00:00,129.405,129.418,129.219,129.285,9411.0,17,0.0
2021-09-15 12:00:00,129.287,129.309,129.057,129.187,10983.0,16,0.0
2021-09-15 16:00:00,129.186,129.274,129.056,129.119,14102.0,16,0.0
2021-09-15 20:00:00,129.123,129.244,129.118,129.185,3662.0,16,0.0
2021-09-16 00:00:00,129.172,129.349,129.172,129.279,3887.0,17,0.0
2021-09-16 04:00:00,129.28,129.281,129.058,129.06,4945.0,17,0.0
2021-09-16 08:00:00,129.06,129.065,128.721,128.768,8950.0,16,0.0
2021-09-16 12:00:00,128.767,128.958,128.601,128.934,10456.0,16,0.0
2021-09-16 16:00:00,128.933,129.08,128.865,129.04,11205.0,16,0.0
2021-09-16 20:00:00,129.04,129.174,128.935,128.994,5242.0,16,0.0
2021-09-17 00:00:00,129.037,129.162,129.011,129.117,4128.0,16,0.0
2021-09-17 04:00:00,129.117,129.304,129.099,129.302,5498.0,16,0.0
2021-09-17 08:00:00,129.302,129.553,129.294,129.524,10663.0,17,0.0
2021-09-17 12:00:00,129.523,129.672,129.48,129.537,10184.0,16,0.0
2021-09-17 16:00:00,129.539,129.587,128.93,128.957,14283.0,16,0.0
2021-09-17 20:00:00,128.956,129.005,128.894,128.915,4930.0,17,0.0
2021-09-20 00:00:00,128.811,129.025,128.81,128.975,2687.0,19,0.0
2021-09-20 04:00:00,128.98,128.98,128.675,128.763,6750.0,18,0.0
2021-09-20 08:00:00,128.763,128.795,128.374,128.424,10144.0,18,0.0
2021-09-20 12:00:00,128.424,128.477,128.137,128.265,11330.0,18,0.0
2021-09-20 16:00:00,128.265,128.502,128.233,128.243,14492.0,17,0.0
2021-09-20 20:00:00,128.243,128.354,128.181,128.238,6466.0,16,0.0
2021-09-21 00:00:00,128.221,128.497,128.196,128.453,6476.0,17,0.0
2021-09-21 04:00:00,128.452,128.636,128.427,128.549,5858.0,18,0.0
2021-09-21 08:00:00,128.549,128.697,128.472,128.548,10280.0,17,0.0
2021-09-21 12:00:00,128.548,128.621,128.261,128.293,9570.0,16,0.0
2021-09-21 16:00:00,128.294,128.318,127.99,128.135,15607.0,17,0.0
2021-09-21 20:00:00,128.133,128.154,128.016,128.031,6694.0,16,0.0
2021-09-22 00:00:00,127.997,128.106,127.927,128.03,7506.0,16,0.0
2021-09-22 04:00:00,128.03,128.405,127.95,128.375,10179.0,16,0.0
2021-09-22 08:00:00,128.375,128.553,128.31,128.497,10133.0,16,0.0
2021-09-22 12:00:00,128.497,128.586,128.418,128.557,6189.0,17,0.0
2021-09-22 16:00:00,128.557,128.692,128.482,128.622,10286.0,16,0.0
2021-09-22 20:00:00,128.622,128.77,128.201,128.235,22974.0,16,0.0
2021-09-23 00:00:00,128.237,128.42,128.232,128.398,3241.0,19,0.0
2021-09-23 04:00:00,128.399,128.582,128.378,128.577,4146.0,20,0.0
2021-09-23 08:00:00,128.578,128.931,128.552,128.859,10880.0,16,0.0
2021-09-23 12:00:00,128.859,129.139,128.568,129.103,17713.0,16,0.0
2021-09-23 16:00:00,129.103,129.411,129.042,129.388,15786.0,16,0.0
2021-09-23 20:00:00,129.389,129.544,129.376,129.445,4366.0,17,0.0
2021-09-24 00:00:00,129.414,129.688,129.411,129.645,6070.0,16,0.0
2021-09-24 04:00:00,129.645,129.693,129.503,129.621,7125.0,16,0.0
2021-09-24 08:00:00,129.621,129.757,129.43,129.591,8800.0,16,0.0
2021-09-24 12:00:00,129.593,129.626,129.422,129.422,10002.0,16,0.0
2021-09-24 16:00:00,129.422,129.791,129.385,129.76,12030.0,17,0.0
2021-09-24 20:00:00,129.761,129.845,129.735,129.76,3430.0,17,0.0
2021-09-27 00:00:00,129.763,129.865,129.636,129.751,5292.0,17,0.0
2021-09-27 04:00:00,129.752,129.778,129.588,129.593,4934.0,17,0.0
2021-09-27 08:00:00,129.593,129.746,129.481,129.647,10270.0,18,0.0
2021-09-27 12:00:00,129.647,129.935,129.646,129.799,13623.0,17,0.0
2021-09-27 16:00:00,129.799,129.907,129.656,129.888,13687.0,17,0.0
2021-09-27 20:00:00,129.887,129.93,129.729,129.73,3981.0,17,0.0
2021-09-28 00:00:00,129.762,129.848,129.666,129.789,3747.0,20,0.0
2021-09-28 04:00:00,129.791,130.077,129.731,130.04,6368.0,18,0.0
2021-09-28 08:00:00,130.039,130.146,129.886,129.99,13364.0,18,0.0
2021-09-28 12:00:00,129.99,130.369,129.932,130.304,15218.0,16,0.0
2021-09-28 16:00:00,130.307,130.383,129.962,130.156,24286.0,17,0.0
2021-09-28 20:00:00,130.158,130.35,130.131,130.277,8950.0,17,0.0
2021-09-29 00:00:00,130.187,130.446,130.187,130.421,5831.0,18,0.0
2021-09-29 04:00:00,130.422,130.474,130.111,130.303,13093.0,16,0.0
2021-09-29 08:00:00,130.303,130.337,129.73,129.84,16983.0,16,0.0
2021-09-29 12:00:00,129.841,130.005,129.674,129.938,12801.0,18,0.0
2021-09-29 16:00:00,129.938,130.042,129.749,129.875,17479.0,16,0.0
2021-09-29 20:00:00,129.874,129.997,129.752,129.752,5845.0,18,0.0
2021-09-30 00:00:00,129.803,129.898,129.767,129.823,4634.0,16,0.0
2021-09-30 04:00:00,129.823,129.942,129.741,129.929,6686.0,16,0.0
2021-09-30 08:00:00,129.929,129.965,129.684,129.903,11638.0,16,0.0
2021-09-30 12:00:00,129.906,129.922,129.557,129.673,12795.0,16,0.0
2021-09-30 16:00:00,129.673,129.708,128.923,128.938,23987.0,16,0.0
2021-09-30 20:00:00,128.939,129.065,128.788,128.812,9298.0,17,0.0
2021-10-01 00:00:00,128.752,129.049,128.752,128.836,6027.0,18,0.0
2021-10-01 04:00:00,128.835,128.864,128.659,128.743,9747.0,17,0.0
2021-10-01 08:00:00,128.743,128.934,128.622,128.649,15599.0,17,0.0
2021-10-01 12:00:00,128.649,129.037,128.596,128.791,14897.0,16,0.0
2021-10-01 16:00:00,128.792,128.893,128.55,128.728,24750.0,16,0.0
2021-10-01 20:00:00,128.728,128.859,128.703,128.74,7145.0,18,0.0
2021-10-04 00:00:00,128.586,128.868,128.536,128.732,6367.0,18,0.0
2021-10-04 04:00:00,128.73,128.854,128.685,128.767,8151.0,19,0.0
2021-10-04 08:00:00,128.766,129.167,128.697,129.143,11356.0,18,0.0
2021-10-04 12:00:00,129.143,129.38,129.073,129.2,10784.0,16,0.0
2021-10-04 16:00:00,129.201,129.358,128.809,128.819,19972.0,16,0.0
2021-10-04 20:00:00,128.816,128.977,128.811,128.811,6603.0,19,0.0
2021-10-05 00:00:00,128.809,128.962,128.759,128.808,6170.0,19,0.0
2021-10-05 04:00:00,128.808,128.983,128.801,128.924,9120.0,18,0.0
2021-10-05 08:00:00,128.922,129.039,128.812,128.943,13011.0,18,0.0
2021-10-05 12:00:00,128.946,129.111,128.882,129.07,10192.0,18,0.0
2021-10-05 16:00:00,129.07,129.388,128.992,129.349,17194.0,17,0.0
2021-10-05 20:00:00,129.349,129.351,129.19,129.19,4397.0,17,0.0
2021-10-06 00:00:00,129.232,129.434,129.177,129.432,5093.0,18,0.0
2021-10-06 04:00:00,129.433,129.49,129.265,129.466,9264.0,16,0.0
2021-10-06 08:00:00,129.467,129.501,128.793,128.895,14626.0,16,0.0
2021-10-06 12:00:00,128.892,128.897,128.443,128.553,17481.0,16,0.0
2021-10-06 16:00:00,128.552,128.642,128.335,128.579,18628.0,18,0.0
2021-10-06 20:00:00,128.58,128.805,128.556,128.651,6954.0,16,0.0
2021-10-07 00:00:00,128.683,128.787,128.646,128.742,4942.0,19,0.0
2021-10-07 04:00:00,128.738,128.86,128.703,128.744,5292.0,17,0.0
2021-10-07 08:00:00,128.743,128.917,128.634,128.8,10452.0,18,0.0
2021-10-07 12:00:00,128.8,128.921,128.716,128.798,10072.0,17,0.0
2021-10-07 16:00:00,128.797,128.995,128.751,128.989,13142.0,17,0.0
2021-10-07 20:00:00,128.99,129.031,128.854,128.854,4088.0,19,0.0
2021-10-08 00:00:00,128.927,129.161,128.874,129.13,8095.0,18,0.0
2021-10-08 04:00:00,129.129,129.288,129.127,129.253,7616.0,17,0.0
2021-10-08 08:00:00,129.253,129.371,129.169,129.355,9342.0,18,0.0
2021-10-08 12:00:00,129.355,129.432,129.091,129.127,14780.0,19,0.0
2021-10-08 16:00:00,129.126,129.804,129.081,129.749,18811.0,17,0.0
2021-10-08 20:00:00,129.749,129.909,129.724,129.86,5367.0,16,0.0
2021-10-11 00:00:00,129.691,129.991,129.691,129.986,5025.0,18,0.0
2021-10-11 04:00:00,129.986,130.427,129.981,130.397,7809.0,16,0.0
2021-10-11 08:00:00,130.396,130.716,130.372,130.638,11053.0,16,0.0
2021-10-11 12:00:00,130.637,130.981,130.493,130.866,10525.0,18,0.0
2021-10-11 16:00:00,130.866,131.225,130.756,131.135,10266.0,18,0.0
2021-10-11 20:00:00,131.135,131.136,130.787,130.807,4297.0,17,0.0
2021-10-12 00:00:00,130.767,131.101,130.744,131.032,5378.0,16,0.0
2021-10-12 04:00:00,131.032,131.075,130.851,130.98,7259.0,17,0.0
2021-10-12 08:00:00,130.979,131.165,130.746,131.078,13216.0,17,0.0
2021-10-12 12:00:00,131.082,131.25,130.889,131.184,12347.0,18,0.0
2021-10-12 16:00:00,131.184,131.276,130.909,131.007,18807.0,17,0.0
2021-10-12 20:00:00,131.007,131.062,130.902,130.903,5209.0,16,0.0
2021-10-13 00:00:00,130.92,131.036,130.882,130.926,5328.0,16,0.0
2021-10-13 04:00:00,130.925,131.12,130.884,131.084,5592.0,16,0.0
2021-10-13 08:00:00,131.083,131.281,131.001,131.226,9726.0,18,0.0
2021-10-13 12:00:00,131.226,131.36,131.129,131.196,13261.0,17,0.0
2021-10-13 16:00:00,131.193,131.361,130.996,131.351,18653.0,17,0.0
2021-10-13 20:00:00,131.352,131.464,131.206,131.206,7866.0,17,0.0
2021-10-14 00:00:00,131.233,131.512,131.233,131.496,4005.0,17,0.0
2021-10-14 04:00:00,131.496,131.682,131.495,131.598,4937.0,17,0.0
2021-10-14 08:00:00,131.599,131.797,131.542,131.756,10047.0,17,0.0
2021-10-14 12:00:00,131.756,131.78,131.501,131.745,10991.0,17,0.0
2021-10-14 16:00:00,131.743,131.782,131.584,131.69,11639.0,17,0.0
2021-10-14 20:00:00,131.69,131.861,131.686,131.744,3412.0,18,0.0
2021-10-15 00:00:00,131.777,132.067,131.777,132.037,5507.0,17,0.0
2021-10-15 04:00:00,132.037,132.321,131.984,132.297,5735.0,16,0.0
2021-10-15 08:00:00,132.296,132.621,132.287,132.621,12583.0,17,0.0
2021-10-15 12:00:00,132.621,132.775,132.484,132.675,12681.0,16,0.0
2021-10-15 16:00:00,132.677,132.757,132.311,132.51,15583.0,17,0.0
2021-10-15 20:00:00,132.51,132.608,132.496,132.508,4220.0,19,0.0
2021-10-18 00:00:00,132.474,132.684,132.336,132.35,7247.0,18,0.0
2021-10-18 04:00:00,132.35,132.569,132.152,132.396,9092.0,17,0.0
2021-10-18 08:00:00,132.396,132.551,132.224,132.447,13742.0,19,0.0
2021-10-18 12:00:00,132.447,132.689,132.408,132.574,14568.0,16,0.0
2021-10-18 16:00:00,132.573,132.789,132.463,132.749,13110.0,17,0.0
2021-10-18 20:00:00,132.749,132.756,132.611,132.683,3612.0,16,0.0
2021-10-19 00:00:00,132.679,132.873,132.624,132.667,4013.0,18,0.0
2021-10-19 04:00:00,132.67,133.022,132.645,132.979,7560.0,18,0.0
2021-10-19 08:00:00,132.98,133.028,132.717,132.866,14428.0,17,0.0
2021-10-19 12:00:00,132.863,133.19,132.806,133.084,12869.0,18,0.0
2021-10-19 16:00:00,133.086,133.174,132.88,132.99,12258.0,18,0.0
2021-10-19 20:00:00,132.99,133.089,132.962,132.962,3645.0,18,0.0
2021-10-20 00:00:00,132.968,133.406,132.968,133.363,5502.0,16,0.0
2021-10-20 04:00:00,133.363,133.471,133.22,133.443,7346.0,16,0.0
2021-10-20 08:00:00,133.444,133.482,132.879,133.032,12868.0,17,0.0
2021-10-20 12:00:00,133.033,133.134,132.739,132.92,10999.0,17,0.0
2021-10-20 16:00:00,132.923,133.171,132.842,132.995,12276.0,19,0.0
2021-10-20 20:00:00,132.994,133.215,132.994,133.134,4939.0,18,0.0
2021-10-21 00:00:00,133.051,133.329,133.051,133.213,4419.0,18,0.0
2021-10-21 04:00:00,133.213,133.373,132.819,132.929,8835.0,16,0.0
2021-10-21 08:00:00,132.928,132.99,132.64,132.733,12696.0,18,0.0
2021-10-21 12:00:00,132.733,132.955,132.581,132.683,11815.0,18,0.0
2021-10-21 16:00:00,132.681,132.701,132.276,132.277,15027.0,17,0.0
2021-10-21 20:00:00,132.276,132.546,132.261,132.48,5413.0,18,0.0
2021-10-22 00:00:00,132.46,132.67,132.303,132.655,5925.0,17,0.0
2021-10-22 04:00:00,132.654,132.794,132.557,132.582,8287.0,19,0.0
2021-10-22 08:00:00,132.581,132.79,132.46,132.637,12327.0,18,0.0
2021-10-22 12:00:00,132.637,132.686,132.343,132.369,10320.0,16,0.0
2021-10-22 16:00:00,132.369,132.542,131.922,131.985,17962.0,16,0.0
2021-10-22 20:00:00,131.985,132.15,131.953,132.018,5789.0,16,0.0
2021-10-25 00:00:00,132.153,132.461,131.964,132.397,6894.0,17,0.0
2021-10-25 04:00:00,132.398,132.602,132.279,132.522,10856.0,16,0.0
2021-10-25 08:00:00,132.522,132.599,132.277,132.326,10968.0,16,0.0
2021-10-25 12:00:00,132.325,132.333,131.864,132.04,11830.0,18,0.0
2021-10-25 16:00:00,132.04,132.094,131.865,131.992,12683.0,16,0.0
2021-10-25 20:00:00,131.992,132.058,131.923,131.923,3356.0,16,0.0
2021-10-26 00:00:00,131.951,132.119,131.951,132.109,5191.0,17,0.0
2021-10-26 04:00:00,132.11,132.225,132.07,132.223,9544.0,16,0.0
2021-10-26 08:00:00,132.223,132.37,132.137,132.337,10125.0,17,0.0
2021-10-26 12:00:00,132.337,132.669,132.293,132.605,10774.0,16,0.0
2021-10-26 16:00:00,132.603,132.647,132.256,132.296,12978.0,16,0.0
2021-10-26 20:00:00,132.296,132.422,132.248,132.35,3740.0,20,0.0
2021-10-27 00:00:00,132.281,132.48,132.257,132.462,6778.0,17,0.0
2021-10-27 04:00:00,132.462,132.524,132.188,132.282,6983.0,17,0.0
2021-10-27 08:00:00,132.282,132.404,131.774,131.833,11825.0,17,0.0
2021-10-27 12:00:00,131.833,132.186,131.581,132.102,15714.0,16,0.0
2021-10-27 16:00:00,132.101,132.203,131.737,132.026,22719.0,16,0.0
2021-10-27 20:00:00,132.025,132.184,131.97,131.998,7256.0,16,0.0
2021-10-28 00:00:00,132.044,132.117,131.915,131.92,4885.0,18,0.0
2021-10-28 04:00:00,131.92,131.96,131.742,131.808,9995.0,17,0.0
2021-10-28 08:00:00,131.808,131.975,131.607,131.717,14220.0,17,0.0
2021-10-28 12:00:00,131.717,132.27,131.558,132.218,19854.0,16,0.0
2021-10-28 16:00:00,132.218,132.525,131.842,132.491,26516.0,17,0.0
2021-10-28 20:00:00,132.491,132.703,132.485,132.564,5268.0,16,0.0
2021-10-29 00:00:00,132.635,132.92,132.62,132.671,6427.0,18,0.0
2021-10-29 04:00:00,132.672,132.748,132.465,132.54,10712.0,18,0.0
2021-10-29 08:00:00,132.541,132.674,132.404,132.474,14699.0,17,0.0
2021-10-29 12:00:00,132.499,132.692,132.352,132.392,16584.0,17,0.0
2021-10-29 16:00:00,132.392,132.596,131.609,131.644,24924.0,16,0.0
2021-10-29 20:00:00,131.644,131.836,131.611,131.785,6607.0,18,0.0
2021-11-01 00:00:00,131.893,132.06,131.795,131.925,10482.0,16,0.0
2021-11-01 04:00:00,131.924,132.147,131.808,132.1,7914.0,16,0.0
2021-11-01 08:00:00,132.101,132.403,132.003,132.135,13568.0,16,0.0
2021-11-01 12:00:00,132.136,132.279,132.086,132.127,12633.0,17,0.0
2021-11-01 16:00:00,132.129,132.446,132.002,132.28,12910.0,17,0.0
2021-11-01 20:00:00,132.281,132.359,132.189,132.279,6799.0,18,0.0
2021-11-02 00:00:00,132.266,132.395,132.145,132.172,7823.0,16,0.0
2021-11-02 04:00:00,132.173,132.217,131.863,131.963,10526.0,16,0.0
2021-11-02 08:00:00,131.964,131.989,131.476,131.678,12802.0,17,0.0
2021-11-02 12:00:00,131.678,132.104,131.6,131.865,13131.0,17,0.0
2021-11-02 16:00:00,131.867,131.945,131.749,131.9,12382.0,16,0.0
2021-11-02 20:00:00,131.9,132.036,131.846,131.921,3608.0,19,0.0
2021-11-03 00:00:00,131.918,132.002,131.844,131.899,4300.0,16,0.0
2021-11-03 04:00:00,131.898,131.936,131.76,131.915,3705.0,16,0.0
2021-11-03 08:00:00,131.914,132.02,131.813,131.987,8107.0,19,0.0
2021-11-03 12:00:00,131.986,131.992,131.748,131.849,13514.0,17,0.0
2021-11-03 16:00:00,131.84,132.159,131.84,131.993,13201.0,18,0.0
2021-11-03 20:00:00,131.999,132.414,131.946,132.346,19817.0,17,0.0
2021-11-04 00:00:00,132.345,132.565,132.318,132.526,6446.0,16,0.0
2021-11-04 04:00:00,132.526,132.542,132.23,132.297,5093.0,20,0.0
2021-11-04 08:00:00,132.297,132.336,131.609,131.747,13613.0,17,0.0
2021-11-04 12:00:00,131.742,131.795,131.403,131.492,19166.0,17,0.0
2021-11-04 16:00:00,131.494,131.504,131.019,131.27,18262.0,16,0.0
2021-11-04 20:00:00,131.271,131.481,131.269,131.421,4471.0,19,0.0
2021-11-05 00:00:00,131.424,131.549,131.183,131.207,8727.0,17,0.0
2021-11-05 04:00:00,131.208,131.397,131.14,131.303,7218.0,19,0.0
2021-11-05 08:00:00,131.299,131.588,131.257,131.373,13845.0,17,0.0
2021-11-05 12:00:00,131.372,131.421,130.871,130.903,24076.0,16,0.0
2021-11-05 16:00:00,130.9,131.152,130.837,131.025,17471.0,17,0.0
2021-11-05 20:00:00,131.024,131.209,130.944,131.108,5020.0,18,0.0
2021-11-08 00:00:00,131.058,131.385,131.017,131.261,8135.0,17,0.0
2021-11-08 04:00:00,131.264,131.42,131.224,131.289,6258.0,19,0.0
2021-11-08 08:00:00,131.289,131.429,131.089,131.094,14293.0,17,0.0
2021-11-08 12:00:00,131.095,131.348,131.081,131.142,10752.0,17,0.0
2021-11-08 16:00:00,131.14,131.22,130.898,131.199,14448.0,17,0.0
2021-11-08 20:00:00,131.199,131.255,131.122,131.125,5417.0,18,0.0
2021-11-09 00:00:00,131.163,131.269,130.969,131.007,6503.0,19,0.0
2021-11-09 04:00:00,131.007,131.019,130.679,130.81,9101.0,17,0.0
2021-11-09 08:00:00,130.81,130.963,130.737,130.829,12641.0,17,0.0
2021-11-09 12:00:00,130.826,130.914,130.773,130.89,14658.0,17,0.0
2021-11-09 16:00:00,130.891,130.983,130.713,130.795,20247.0,18,0.0
2021-11-09 20:00:00,130.795,130.896,130.763,130.769,6579.0,18,0.0
2021-11-10 00:00:00,130.813,130.953,130.744,130.882,6278.0,19,0.0
2021-11-10 04:00:00,130.885,130.894,130.653,130.688,5326.0,16,0.0
2021-11-10 08:00:00,130.688,131.13,130.682,131.076,12719.0,19,0.0
2021-11-10 12:00:00,131.076,131.095,130.726,131.066,17944.0,16,0.0
2021-11-10 16:00:00,131.064,131.423,131.06,131.16,27380.0,16,0.0
2021-11-10 20:00:00,131.16,131.182,130.645,130.685,13315.0,16,0.0
2021-11-11 00:00:00,130.717,130.999,130.684,130.939,7933.0,17,0.0
2021-11-11 04:00:00,130.938,130.995,130.7,130.798,6445.0,17,0.0
2021-11-11 08:00:00,130.798,130.889,130.637,130.769,11651.0,18,0.0
2021-11-11 12:00:00,130.769,130.841,130.441,130.494,13415.0,16,0.0
2021-11-11 16:00:00,130.496,130.791,130.466,130.644,12909.0,17,0.0
2021-11-11 20:00:00,130.645,130.648,130.535,130.542,4226.0,18,0.0
2021-11-12 00:00:00,130.518,130.743,130.518,130.723,6483.0,18,0.0
2021-11-12 04:00:00,130.723,130.737,130.644,130.694,5384.0,18,0.0
2021-11-12 08:00:00,130.692,130.763,130.419,130.48,12882.0,16,0.0
2021-11-12 12:00:00,130.481,130.617,130.421,130.435,13995.0,17,0.0
2021-11-12 16:00:00,130.435,130.483,130.225,130.417,20538.0,16,0.0
2021-11-12 20:00:00,130.417,130.418,130.25,130.25,5746.0,19,0.0
2021-11-15 00:00:00,130.401,130.497,130.337,130.392,6830.0,19,0.0
2021-11-15 04:00:00,130.394,130.503,130.394,130.441,6010.0,19,0.0
2021-11-15 08:00:00,130.441,130.601,130.291,130.31,12279.0,18,0.0
2021-11-15 12:00:00,130.31,130.432,130.258,130.337,14079.0,18,0.0
2021-11-15 16:00:00,130.338,130.427,129.736,129.876,20110.0,17,0.0
2021-11-15 20:00:00,129.875,129.912,129.676,129.684,7353.0,17,0.0
2021-11-16 00:00:00,129.722,130.061,129.645,130.052,9551.0,17,0.0
2021-11-16 04:00:00,130.052,130.079,129.826,129.861,7574.0,16,0.0
2021-11-16 08:00:00,129.862,130.034,129.663,129.733,14854.0,16,0.0
2021-11-16 12:00:00,129.735,130.114,129.681,130.009,18473.0,17,0.0
2021-11-16 16:00:00,130.008,130.067,129.735,129.834,22121.0,16,0.0
2021-11-16 20:00:00,129.835,129.99,129.771,129.93,8903.0,18,0.0
2021-11-17 00:00:00,129.931,130.079,129.904,129.988,9225.0,19,0.0
2021-11-17 04:00:00,129.988,130.027,129.414,129.839,11345.0,16,0.0
2021-11-17 08:00:00,129.839,130.021,129.716,129.906,16026.0,18,0.0
2021-11-17 12:00:00,129.906,129.942,129.615,129.634,16491.0,17,0.0
2021-11-17 16:00:00,129.635,129.81,129.09,129.122,21107.0,16,0.0
2021-11-17 20:00:00,129.121,129.256,129.037,129.095,8621.0,16,0.0
2021-11-18 00:00:00,129.068,129.333,129.068,129.154,9502.0,16,0.0
2021-11-18 04:00:00,129.155,129.366,129.075,129.233,10547.0,17,0.0
2021-11-18 08:00:00,129.233,129.448,129.148,129.39,14221.0,16,0.0
2021-11-18 12:00:00,129.391,129.697,129.367,129.618,17014.0,18,0.0
2021-11-18 16:00:00,129.619,129.898,129.576,129.89,21774.0,17,0.0
2021-11-18 20:00:00,129.889,129.948,129.84,129.861,5369.0,17,0.0
2021-11-19 00:00:00,129.905,129.989,129.797,129.834,7350.0,16,0.0
2021-11-19 04:00:00,129.834,129.903,129.805,129.824,5749.0,19,0.0
2021-11-19 08:00:00,129.823,129.855,128.636,128.818,19034.0,16,0.0
2021-11-19 12:00:00,128.818,128.919,127.978,128.474,31692.0,16,0.0
2021-11-19 16:00:00,128.47,129.051,128.418,128.779,29202.0,16,0.0
2021-11-19 20:00:00,128.78,128.83,128.58,128.608,7757.0,16,0.0
2021-11-22 00:00:00,128.608,128.887,128.561,128.697,13099.0,16,0.0
2021-11-22 04:00:00,128.697,128.764,128.592,128.719,8198.0,17,0.0
2021-11-22 08:00:00,128.718,128.811,128.58,128.749,18166.0,16,0.0
2021-11-22 12:00:00,128.748,128.894,128.564,128.77,16698.0,17,0.0
2021-11-22 16:00:00,128.77,129.324,128.675,129.169,28178.0,16,0.0
2021-11-22 20:00:00,129.17,129.224,128.982,128.998,7455.0,16,0.0
2021-11-23 00:00:00,129.038,129.105,128.981,129.04,4454.0,19,0.0
2021-11-23 04:00:00,129.04,129.388,129.036,129.32,8410.0,18,0.0
2021-11-23 08:00:00,129.318,129.369,128.893,129.216,29585.0,17,0.0
2021-11-23 12:00:00,129.215,129.413,129.151,129.379,21960.0,17,0.0
2021-11-23 16:00:00,129.375,129.602,129.297,129.419,23853.0,17,0.0
2021-11-23 20:00:00,129.418,129.58,129.297,129.453,8170.0,16,0.0
2021-11-24 00:00:00,129.458,129.56,129.389,129.431,7712.0,18,0.0
2021-11-24 04:00:00,129.431,129.431,129.14,129.169,9946.0,17,0.0
2021-11-24 08:00:00,129.171,129.294,128.694,128.86,17927.0,17,0.0
2021-11-24 12:00:00,128.86,129.154,128.801,129.059,21116.0,18,0.0
2021-11-24 16:00:00,129.058,129.325,128.967,129.254,26688.0,16,0.0
2021-11-24 20:00:00,129.253,129.32,129.18,129.185,7116.0,16,0.0
2021-11-25 00:00:00,129.238,129.388,129.196,129.321,5770.0,21,0.0
2021-11-25 04:00:00,129.321,129.42,129.306,129.375,4304.0,19,0.0
2021-11-25 08:00:00,129.376,129.498,129.335,129.468,10257.0,17,0.0
2021-11-25 12:00:00,129.467,129.529,129.328,129.381,10587.0,18,0.0
2021-11-25 16:00:00,129.38,129.407,129.287,129.305,7273.0,17,0.0
2021-11-25 20:00:00,129.305,129.347,129.214,129.252,18590.0,16,0.0
2021-11-26 00:00:00,129.251,129.292,128.621,128.867,38176.0,16,0.0
2021-11-26 04:00:00,128.866,128.923,128.584,128.688,31309.0,16,0.0
2021-11-26 08:00:00,128.687,128.775,128.058,128.371,63978.0,16,0.0
2021-11-26 12:00:00,128.374,128.954,128.37,128.586,28842.0,16,0.0
2021-11-26 16:00:00,128.585,128.601,127.792,127.802,32715.0,16,0.0
2021-11-26 20:00:00,127.809,128.427,127.809,128.263,15173.0,16,0.0
2021-11-29 00:00:00,128.329,128.57,128.052,128.254,19916.0,19,0.0
2021-11-29 04:00:00,128.267,128.301,127.719,127.761,16319.0,18,0.0
2021-11-29 08:00:00,127.762,128.027,127.488,127.912,30981.0,16,0.0
2021-11-29 12:00:00,127.911,128.301,127.891,128.145,20194.0,18,0.0
2021-11-29 16:00:00,128.144,128.375,127.939,128.197,24290.0,16,0.0
2021-11-29 20:00:00,128.197,128.266,128.118,128.118,7077.0,17,0.0
2021-11-30 00:00:00,128.096,128.602,128.088,128.437,8263.0,19,0.0
2021-11-30 04:00:00,128.437,128.566,127.868,127.911,16384.0,17,0.0
2021-11-30 08:00:00,127.913,128.319,127.838,128.231,37055.0,16,0.0
2021-11-30 12:00:00,128.235,128.356,128.076,128.216,25758.0,16,0.0
2021-11-30 16:00:00,128.215,128.374,127.643,127.942,45781.0,16,0.0
2021-11-30 20:00:00,127.94,128.312,127.892,128.205,14443.0,17,0.0
2021-12-01 00:00:00,128.139,128.531,128.136,128.469,12681.0,17,0.0
2021-12-01 04:00:00,128.469,128.641,128.361,128.609,11470.0,19,0.0
2021-12-01 08:00:00,128.611,128.787,128.299,128.505,24734.0,17,0.0
2021-12-01 12:00:00,128.505,128.59,128.195,128.27,21590.0,16,0.0
2021-12-01 16:00:00,128.269,128.298,127.657,127.687,26681.0,16,0.0
2021-12-01 20:00:00,127.687,127.773,127.567,127.591,14547.0,16,0.0
2021-12-02 00:00:00,127.519,128.091,127.519,128.076,9427.0,18,0.0
2021-12-02 04:00:00,128.076,128.211,127.953,128.025,10926.0,16,0.0
2021-12-02 08:00:00,128.027,128.225,127.985,128.129,20935.0,18,0.0
2021-12-02 12:00:00,128.132,128.18,127.799,127.898,26647.0,18,0.0
2021-12-02 16:00:00,127.899,128.126,127.747,127.941,32429.0,17,0.0
2021-12-02 20:00:00,127.939,127.968,127.792,127.792,10201.0,19,0.0
2021-12-03 00:00:00,127.622,127.947,127.615,127.759,12113.0,17,0.0
2021-12-03 04:00:00,127.76,127.984,127.737,127.923,9036.0,18,0.0
2021-12-03 08:00:00,127.923,128.203,127.845,128.015,16362.0,18,0.0
2021-12-03 12:00:00,128.015,128.296,127.859,128.277,22459.0,13,0.0
2021-12-03 16:00:00,128.277,128.343,127.573,127.622,38710.0,16,0.0
2021-12-03 20:00:00,127.62,127.671,127.384,127.528,13874.0,17,0.0
2021-12-06 00:00:00,127.58,127.827,127.554,127.644,11794.0,17,0.0
2021-12-06 04:00:00,127.643,127.684,127.531,127.535,7436.0,19,0.0
2021-12-06 08:00:00,127.535,127.981,127.514,127.945,18740.0,19,0.0
2021-12-06 12:00:00,127.947,128.018,127.703,127.909,16404.0,18,0.0
2021-12-06 16:00:00,127.909,127.977,127.65,127.97,22652.0,16,0.0
2021-12-06 20:00:00,127.974,128.088,127.968,127.986,6563.0,18,0.0
2021-12-07 00:00:00,128.005,128.151,127.944,128.112,7807.0,17,0.0
2021-12-07 04:00:00,128.114,128.396,128.077,128.366,8417.0,17,0.0
2021-12-07 08:00:00,128.364,128.467,127.962,128.141,16293.0,18,0.0
2021-12-07 12:00:00,128.142,128.184,127.604,127.873,16049.0,17,0.0
2021-12-07 16:00:00,127.875,127.886,127.672,127.879,16402.0,16,0.0
2021-12-07 20:00:00,127.876,128.0,127.717,127.851,6521.0,18,0.0
2021-12-08 00:00:00,127.882,128.047,127.824,127.997,8719.0,16,0.0
2021-12-08 04:00:00,127.998,128.196,127.975,128.185,7984.0,18,0.0
2021-12-08 08:00:00,128.186,128.227,127.928,128.095,15192.0,17,0.0
2021-12-08 12:00:00,128.095,128.876,127.948,128.861,29659.0,16,0.0
2021-12-08 16:00:00,128.862,129.109,128.667,128.989,20760.0,16,0.0
2021-12-08 20:00:00,128.988,129.056,128.879,128.879,6273.0,18,0.0
2021-12-09 00:00:00,128.905,129.073,128.894,128.897,6739.0,17,0.0
2021-12-09 04:00:00,128.899,128.953,128.699,128.711,9097.0,17,0.0
2021-12-09 08:00:00,128.709,128.799,128.343,128.537,14621.0,17,0.0
2021-12-09 12:00:00,128.536,128.541,128.205,128.268,16843.0,17,0.0
2021-12-09 16:00:00,128.27,128.395,127.937,128.191,15785.0,18,0.0
2021-12-09 20:00:00,128.19,128.289,128.033,128.099,7582.0,20,0.0
2021-12-10 00:00:00,128.038,128.164,127.933,128.098,6916.0,19,0.0
2021-12-10 04:00:00,128.1,128.334,128.099,128.151,6836.0,20,0.0
2021-12-10 08:00:00,128.151,128.332,128.151,128.254,13949.0,18,0.0
2021-12-10 12:00:00,128.254,128.407,128.004,128.195,16387.0,17,0.0
2021-12-10 16:00:00,128.199,128.312,127.811,128.289,18243.0,17,0.0
2021-12-10 20:00:00,128.289,128.39,128.273,128.296,4497.0,20,0.0
2021-12-13 00:00:00,128.182,128.459,128.165,128.353,6117.0,16,0.0
2021-12-13 04:00:00,128.354,128.375,128.18,128.225,4624.0,17,0.0
2021-12-13 08:00:00,128.224,128.285,128.02,128.128,9986.0,17,0.0
2021-12-13 12:00:00,128.128,128.279,128.026,128.239,12280.0,17,0.0
2021-12-13 16:00:00,128.243,128.311,128.012,128.14,16176.0,18,0.0
2021-12-13 20:00:00,128.141,128.215,128.044,128.083,5388.0,18,0.0
2021-12-14 00:00:00,128.08,128.208,127.966,128.185,5029.0,19,0.0
2021-12-14 04:00:00,128.185,128.232,127.994,128.106,5610.0,19,0.0
2021-12-14 08:00:00,128.106,128.44,128.081,128.382,11057.0,17,0.0
2021-12-14 12:00:00,128.384,128.558,128.29,128.417,13071.0,17,0.0
2021-12-14 16:00:00,128.417,128.508,128.018,128.118,15925.0,18,0.0
2021-12-14 20:00:00,128.118,128.141,127.955,127.955,6272.0,18,0.0
2021-12-15 00:00:00,127.987,128.206,127.937,128.152,5964.0,18,0.0
2021-12-15 04:00:00,128.15,128.187,128.028,128.16,4317.0,20,0.0
2021-12-15 08:00:00,128.161,128.226,128.083,128.208,10158.0,19,0.0
2021-12-15 12:00:00,128.207,128.355,128.157,128.339,11502.0,18,0.0
2021-12-15 16:00:00,128.339,128.348,128.016,128.262,15468.0,18,0.0
2021-12-15 20:00:00,128.263,128.818,128.122,128.647,19775.0,17,0.0
2021-12-16 00:00:00,128.676,128.948,128.654,128.783,8066.0,17,0.0
2021-12-16 04:00:00,128.785,128.854,128.729,128.827,5824.0,18,0.0
2021-12-16 08:00:00,128.825,129.154,128.816,129.136,13043.0,16,0.0
2021-12-16 12:00:00,129.138,129.64,128.887,129.639,17077.0,18,0.0
2021-12-16 16:00:00,129.634,129.634,128.452,128.61,20610.0,16,0.0
2021-12-16 20:00:00,128.609,128.854,128.568,128.714,7719.0,18,0.0
2021-12-17 00:00:00,128.669,128.988,128.643,128.698,9119.0,17,0.0
2021-12-17 04:00:00,128.697,128.904,128.53,128.89,9632.0,17,0.0
2021-12-17 08:00:00,128.892,128.919,128.6,128.733,15143.0,18,0.0
2021-12-17 12:00:00,128.734,128.738,128.124,128.155,16562.0,17,0.0
2021-12-17 16:00:00,128.153,128.259,127.998,128.053,19888.0,16,0.0
2021-12-17 20:00:00,128.052,128.073,127.744,127.76,7736.0,17,0.0
2021-12-20 00:00:00,127.6,127.825,127.576,127.583,7918.0,17,0.0
2021-12-20 04:00:00,127.585,127.782,127.521,127.682,7826.0,19,0.0
2021-12-20 08:00:00,127.681,127.88,127.517,127.822,17766.0,17,0.0
2021-12-20 12:00:00,127.82,128.294,127.788,128.209,15109.0,17,0.0
2021-12-20 16:00:00,128.209,128.309,127.988,128.095,18651.0,18,0.0
2021-12-20 20:00:00,128.095,128.28,128.0,128.089,7132.0,18,0.0
2021-12-21 00:00:00,128.127,128.273,128.049,128.23,5241.0,19,0.0
2021-12-21 04:00:00,128.229,128.304,128.175,128.289,5249.0,17,0.0
2021-12-21 08:00:00,128.289,128.436,128.235,128.35,13022.0,17,0.0
2021-12-21 12:00:00,128.35,128.526,128.194,128.445,12006.0,17,0.0
2021-12-21 16:00:00,128.444,128.71,128.261,128.679,15631.0,16,0.0
2021-12-21 20:00:00,128.676,128.76,128.602,128.657,5507.0,17,0.0
2021-12-22 00:00:00,128.56,128.855,128.392,128.789,6925.0,17,0.0
2021-12-22 04:00:00,128.788,128.791,128.58,128.628,6085.0,17,0.0
2021-12-22 08:00:00,128.628,128.988,128.563,128.954,12251.0,17,0.0
2021-12-22 12:00:00,128.956,129.194,128.954,129.155,12599.0,18,0.0
2021-12-22 16:00:00,129.153,129.498,129.071,129.388,14579.0,17,0.0
2021-12-22 20:00:00,129.388,129.424,129.168,129.168,4833.0,18,0.0
2021-12-23 00:00:00,129.189,129.486,129.093,129.428,4281.0,17,0.0
2021-12-23 04:00:00,129.422,129.468,129.379,129.443,3003.0,18,0.0
2021-12-23 08:00:00,129.443,129.533,129.29,129.399,8817.0,16,0.0
2021-12-23 12:00:00,129.398,129.519,129.141,129.145,12016.0,17,0.0
2021-12-23 16:00:00,129.143,129.716,129.043,129.704,14187.0,18,0.0
2021-12-23 20:00:00,129.705,129.725,129.532,129.532,3247.0,17,0.0
2021-12-24 00:00:00,129.461,129.685,129.456,129.503,7845.0,21,0.0
2021-12-24 04:00:00,129.502,129.696,129.479,129.6,4389.0,25,0.0
2021-12-24 08:00:00,129.586,129.75,129.555,129.737,7139.0,16,0.0
2021-12-24 12:00:00,129.737,129.748,129.386,129.481,16122.0,16,0.0
2021-12-24 16:00:00,129.479,129.535,129.307,129.34,22604.0,16,0.0
2021-12-24 20:00:00,129.343,129.519,129.231,129.297,10911.0,53,0.0
2021-12-27 00:00:00,129.357,129.528,129.199,129.482,5890.0,16,0.0
2021-12-27 04:00:00,129.491,129.595,129.462,129.476,3964.0,16,0.0
2021-12-27 08:00:00,129.476,129.805,129.449,129.672,8516.0,16,0.0
2021-12-27 12:00:00,129.672,129.83,129.634,129.79,7984.0,16,0.0
2021-12-27 16:00:00,129.789,130.148,129.752,130.141,10414.0,16,0.0
2021-12-27 20:00:00,130.138,130.155,130.057,130.066,3919.0,16,0.0
2021-12-28 00:00:00,130.079,130.226,130.015,130.043,6214.0,16,0.0
2021-12-28 04:00:00,130.043,130.144,130.023,130.13,4862.0,16,0.0
2021-12-28 08:00:00,130.127,130.151,129.917,130.06,6092.0,16,0.0
2021-12-28 12:00:00,130.061,130.203,129.886,129.887,5397.0,16,0.0
2021-12-28 16:00:00,129.886,129.961,129.609,129.786,9254.0,16,0.0
2021-12-28 20:00:00,129.785,129.898,129.699,129.846,3583.0,16,0.0
2021-12-29 00:00:00,129.834,129.929,129.69,129.754,4082.0,16,0.0
2021-12-29 04:00:00,129.762,129.921,129.698,129.894,2800.0,16,0.0
2021-12-29 08:00:00,129.894,129.937,129.652,129.745,5986.0,16,0.0
2021-12-29 12:00:00,129.745,130.177,129.726,130.129,8951.0,16,0.0
2021-12-29 16:00:00,130.13,130.562,130.014,130.366,13838.0,16,0.0
2021-12-29 20:00:00,130.365,130.554,130.352,130.408,5913.0,16,0.0
2021-12-30 00:00:00,130.403,130.593,130.333,130.52,4474.0,16,0.0
2021-12-30 04:00:00,130.52,130.537,130.322,130.379,3198.0,16,0.0
2021-12-30 08:00:00,130.377,130.401,130.122,130.159,6926.0,16,0.0
2021-12-30 12:00:00,130.161,130.552,130.145,130.198,9336.0,16,0.0
2021-12-30 16:00:00,130.198,130.516,130.133,130.331,10789.0,16,0.0
2021-12-30 20:00:00,130.333,130.376,130.17,130.301,3323.0,16,0.0
2021-12-31 00:00:00,130.301,130.343,130.213,130.246,2851.0,16,0.0
2021-12-31 04:00:00,130.246,130.351,130.175,130.187,2186.0,16,0.0
2021-12-31 08:00:00,130.187,130.426,130.161,130.407,5670.0,16,0.0
2021-12-31 12:00:00,130.407,130.679,130.221,130.624,7792.0,16,0.0
2021-12-31 16:00:00,130.619,131.01,130.496,130.973,12608.0,16,0.0
2021-12-31 20:00:00,130.974,131.042,130.778,130.779,4197.0,16,0.0
2022-01-03 00:00:00,130.898,131.002,130.734,130.866,3712.0,16,0.0
2022-01-03 04:00:00,130.866,130.866,130.695,130.737,3108.0,16,0.0
2022-01-03 08:00:00,130.738,130.856,130.6,130.746,6384.0,16,0.0
2022-01-03 12:00:00,130.737,130.801,130.507,130.701,9751.0,16,0.0
2022-01-03 16:00:00,130.702,130.715,130.023,130.123,13948.0,16,0.0
2022-01-03 20:00:00,130.122,130.327,130.111,130.195,4246.0,16,0.0
2022-01-04 00:00:00,130.191,130.54,130.182,130.495,5439.0,16,0.0
2022-01-04 04:00:00,130.495,130.897,130.473,130.85,6836.0,16,0.0
2022-01-04 08:00:00,130.849,130.971,130.531,130.91,9277.0,16,0.0
2022-01-04 12:00:00,130.91,131.312,130.871,131.145,12865.0,16,0.0
2022-01-04 16:00:00,131.146,131.46,131.015,131.2,14263.0,16,0.0
2022-01-04 20:00:00,131.201,131.207,130.979,131.06,5750.0,16,0.0
2022-01-05 00:00:00,131.038,131.177,130.838,130.923,6078.0,16,0.0
2022-01-05 04:00:00,130.927,131.065,130.89,131.009,4909.0,16,0.0
2022-01-05 08:00:00,131.01,131.157,130.882,130.99,7969.0,16,0.0
2022-01-05 12:00:00,130.991,131.156,130.886,131.131,11987.0,16,0.0
2022-01-05 16:00:00,131.13,131.578,131.073,131.528,11436.0,16,0.0
2022-01-05 20:00:00,131.525,131.599,131.268,131.337,8917.0,16,0.0
2022-01-06 00:00:00,131.339,131.428,131.121,131.189,5414.0,16,0.0
2022-01-06 04:00:00,131.191,131.252,130.988,131.037,5941.0,16,0.0
2022-01-06 08:00:00,131.036,131.037,130.677,130.858,11084.0,16,0.0
2022-01-06 12:00:00,130.853,131.255,130.836,130.94,13623.0,16,0.0
2022-01-06 16:00:00,130.938,131.221,130.638,130.82,17321.0,16,0.0
2022-01-06 20:00:00,130.819,130.921,130.7,130.719,6112.0,16,0.0
2022-01-07 00:00:00,130.672,131.052,130.669,130.975,5815.0,16,0.0
2022-01-07 04:00:00,130.974,131.024,130.886,131.008,4103.0,16,0.0
2022-01-07 08:00:00,131.006,131.114,130.929,131.075,7850.0,16,0.0
2022-01-07 12:00:00,131.073,131.107,130.815,130.932,11585.0,16,0.0
2022-01-07 16:00:00,130.933,131.345,130.898,131.311,16323.0,16,0.0
2022-01-07 20:00:00,131.309,131.346,131.217,131.27,5623.0,16,0.0
2022-01-10 00:00:00,131.171,131.366,131.171,131.252,5796.0,16,0.0
2022-01-10 04:00:00,131.252,131.342,131.232,131.265,4010.0,16,0.0
2022-01-10 08:00:00,131.266,131.27,130.996,131.015,9199.0,16,0.0
2022-01-10 12:00:00,131.015,131.022,130.331,130.358,12910.0,16,0.0
2022-01-10 16:00:00,130.358,130.492,130.16,130.382,16178.0,16,0.0
2022-01-10 20:00:00,130.386,130.571,130.37,130.384,6569.0,16,0.0
2022-01-11 00:00:00,130.394,130.822,130.379,130.752,6332.0,16,0.0
2022-01-11 04:00:00,130.753,130.876,130.68,130.706,5157.0,16,0.0
2022-01-11 08:00:00,130.708,131.0,130.544,130.764,10959.0,16,0.0
2022-01-11 12:00:00,130.764,131.028,130.702,130.941,10399.0,16,0.0
2022-01-11 16:00:00,130.941,131.188,130.799,131.093,15556.0,16,0.0
2022-01-11 20:00:00,131.093,131.202,131.022,131.074,5971.0,16,0.0
2022-01-12 00:00:00,131.078,131.175,130.98,131.088,5334.0,16,0.0
2022-01-12 04:00:00,131.09,131.254,131.065,131.197,4912.0,16,0.0
2022-01-12 08:00:00,131.197,131.204,131.022,131.135,7900.0,16,0.0
2022-01-12 12:00:00,131.134,131.452,131.068,131.452,12309.0,16,0.0
2022-01-12 16:00:00,131.457,131.476,131.012,131.059,17658.0,16,0.0
2022-01-12 20:00:00,131.059,131.186,130.954,131.162,7289.0,16,0.0
2022-01-13 00:00:00,131.161,131.247,131.031,131.054,7995.0,16,0.0
2022-01-13 04:00:00,131.054,131.209,131.012,131.072,4338.0,16,0.0
2022-01-13 08:00:00,131.07,131.442,131.07,131.388,9790.0,16,0.0
2022-01-13 12:00:00,131.389,131.406,130.891,131.1,10772.0,16,0.0
2022-01-13 16:00:00,131.1,131.185,130.62,130.728,15139.0,16,0.0
2022-01-13 20:00:00,130.728,130.867,130.655,130.785,6441.0,16,0.0
2022-01-14 00:00:00,130.785,130.86,130.452,130.531,7568.0,16,0.0
2022-01-14 04:00:00,130.532,130.603,130.398,130.539,7685.0,16,0.0
2022-01-14 08:00:00,130.54,130.597,130.373,130.522,10871.0,16,0.0
2022-01-14 12:00:00,130.522,130.601,129.782,129.905,13170.0,16,0.0
2022-01-14 16:00:00,129.905,130.195,129.854,130.13,19836.0,16,0.0
2022-01-14 20:00:00,130.13,130.423,130.079,130.24,8029.0,16,0.0
2022-01-17 00:00:00,130.248,130.567,130.242,130.553,7313.0,16,0.0
2022-01-17 04:00:00,130.562,130.763,130.517,130.741,4729.0,16,0.0
2022-01-17 08:00:00,130.741,130.825,130.61,130.806,8019.0,16,0.0
2022-01-17 12:00:00,130.802,130.82,130.509,130.586,8794.0,16,0.0
2022-01-17 16:00:00,130.587,130.827,130.543,130.808,7195.0,16,0.0
2022-01-17 20:00:00,130.808,130.822,130.683,130.704,1466.0,16,0.0
2022-01-18 00:00:00,130.699,130.802,130.636,130.718,4893.0,16,0.0
2022-01-18 04:00:00,130.718,131.178,130.701,130.857,10920.0,16,0.0
2022-01-18 08:00:00,130.855,131.05,130.475,130.659,15103.0,16,0.0
2022-01-18 12:00:00,130.66,130.703,130.317,130.421,13761.0,16,0.0
2022-01-18 16:00:00,130.421,130.45,129.725,129.744,16685.0,16,0.0
2022-01-18 20:00:00,129.743,129.904,129.695,129.695,9057.0,16,0.0
2022-01-19 00:00:00,129.698,129.985,129.682,129.817,6945.0,16,0.0
2022-01-19 04:00:00,129.818,129.895,129.391,129.446,8795.0,16,0.0
2022-01-19 08:00:00,129.449,129.924,129.422,129.866,12075.0,16,0.0
2022-01-19 12:00:00,129.866,129.978,129.747,129.907,11312.0,16,0.0
2022-01-19 16:00:00,129.907,129.925,129.591,129.673,16237.0,16,0.0
2022-01-19 20:00:00,129.674,129.722,129.624,129.673,6391.0,16,0.0
2022-01-20 00:00:00,129.664,129.816,129.529,129.73,8561.0,16,0.0
2022-01-20 04:00:00,129.729,129.964,129.715,129.922,7973.0,16,0.0
2022-01-20 08:00:00,129.92,130.086,129.594,129.688,10055.0,16,0.0
2022-01-20 12:00:00,129.688,129.759,129.457,129.469,10964.0,16,0.0
2022-01-20 16:00:00,129.468,129.52,129.258,129.276,14500.0,16,0.0
2022-01-20 20:00:00,129.276,129.3,129.011,129.017,7999.0,16,0.0
2022-01-21 00:00:00,129.015,129.088,128.556,128.793,10517.0,16,0.0
2022-01-21 04:00:00,128.789,128.951,128.709,128.941,9798.0,16,0.0
2022-01-21 08:00:00,128.942,129.308,128.882,129.23,12089.0,16,0.0
2022-01-21 12:00:00,129.229,129.231,128.911,129.024,11235.0,16,0.0
2022-01-21 16:00:00,129.024,129.192,128.907,128.931,19169.0,16,0.0
2022-01-21 20:00:00,128.931,129.008,128.856,128.915,8751.0,16,0.0
2022-01-24 00:00:00,128.9,129.154,128.828,129.119,6445.0,16,0.0
2022-01-24 04:00:00,129.119,129.142,128.775,128.793,5892.0,16,0.0
2022-01-24 08:00:00,128.796,128.877,128.554,128.66,13000.0,16,0.0
2022-01-24 12:00:00,128.66,128.788,128.477,128.477,15157.0,16,0.0
2022-01-24 16:00:00,128.477,129.075,128.404,128.85,22475.0,16,0.0
2022-01-24 20:00:00,128.848,129.14,128.73,128.951,11841.0,16,0.0
2022-01-25 00:00:00,128.954,129.195,128.799,128.831,9017.0,16,0.0
2022-01-25 04:00:00,128.829,128.842,128.567,128.706,7499.0,16,0.0
2022-01-25 08:00:00,128.707,128.826,128.612,128.741,13924.0,16,0.0
2022-01-25 12:00:00,128.742,128.823,128.374,128.426,13580.0,16,0.0
2022-01-25 16:00:00,128.423,128.56,128.243,128.499,17264.0,16,0.0
2022-01-25 20:00:00,128.501,128.778,128.475,128.67,8128.0,16,0.0
2022-01-26 00:00:00,128.657,128.787,128.589,128.726,5834.0,16,0.0
2022-01-26 04:00:00,128.727,128.793,128.697,128.751,4561.0,16,0.0
2022-01-26 08:00:00,128.749,128.909,128.626,128.808,9671.0,16,0.0
2022-01-26 12:00:00,128.807,128.965,128.731,128.957,10190.0,16,0.0
2022-01-26 16:00:00,128.961,129.116,128.841,129.076,13786.0,16,0.0
2022-01-26 20:00:00,129.081,129.24,128.617,128.78,21956.0,16,0.0
2022-01-27 00:00:00,128.784,129.013,128.646,128.734,11102.0,16,0.0
2022-01-27 04:00:00,128.73,128.737,128.536,128.655,11699.0,16,0.0
2022-01-27 08:00:00,128.651,128.848,128.436,128.763,15589.0,16,0.0
2022-01-27 12:00:00,128.763,128.963,128.482,128.637,17982.0,16,0.0
2022-01-27 16:00:00,128.632,128.783,128.432,128.521,17907.0,16,0.0
2022-01-27 20:00:00,128.517,128.585,128.325,128.522,9021.0,16,0.0
2022-01-28 00:00:00,128.528,128.711,128.43,128.69,8435.0,16,0.0
2022-01-28 04:00:00,128.693,128.799,128.606,128.754,6458.0,16,0.0
2022-01-28 08:00:00,128.755,128.818,128.481,128.708,13355.0,16,0.0
2022-01-28 12:00:00,128.707,128.848,128.596,128.802,15988.0,16,0.0
2022-01-28 16:00:00,128.8,128.828,128.444,128.505,18985.0,16,0.0
2022-01-28 20:00:00,128.505,128.624,128.351,128.447,6772.0,16,0.0
2022-01-31 00:00:00,128.461,128.809,128.408,128.804,7546.0,16,0.0
2022-01-31 04:00:00,128.802,128.993,128.766,128.874,5878.0,16,0.0
2022-01-31 08:00:00,128.874,129.07,128.81,128.982,11389.0,16,0.0
2022-01-31 12:00:00,128.984,129.101,128.639,129.021,13162.0,16,0.0
2022-01-31 16:00:00,129.02,129.376,129.002,129.162,18101.0,16,0.0
2022-01-31 20:00:00,129.163,129.371,129.1,129.233,9257.0,16,0.0
2022-02-01 00:00:00,129.226,129.348,129.115,129.157,5638.0,16,0.0
2022-02-01 04:00:00,129.158,129.289,129.111,129.256,6119.0,16,0.0
2022-02-01 08:00:00,129.257,129.537,129.101,129.149,12205.0,16,0.0
2022-02-01 12:00:00,129.151,129.288,129.076,129.21,11643.0,16,0.0
2022-02-01 16:00:00,129.211,129.384,128.868,128.958,16435.0,16,0.0
2022-02-01 20:00:00,128.96,129.303,128.943,129.226,7118.0,16,0.0
2022-02-02 00:00:00,129.226,129.36,129.181,129.339,4330.0,16,0.0
2022-02-02 04:00:00,129.339,129.399,129.328,129.365,3437.0,16,0.0
2022-02-02 08:00:00,129.365,129.379,129.044,129.187,9675.0,16,0.0
2022-02-02 12:00:00,129.188,129.47,129.162,129.43,12898.0,16,0.0
2022-02-02 16:00:00,129.419,129.445,129.087,129.317,13018.0,16,0.0
2022-02-02 20:00:00,129.315,129.435,129.301,129.343,4896.0,16,0.0
2022-02-03 00:00:00,129.2,129.381,129.187,129.249,6044.0,16,0.0
2022-02-03 04:00:00,129.249,129.427,129.213,129.417,4927.0,16,0.0
2022-02-03 08:00:00,129.417,129.59,129.312,129.484,8818.0,16,0.0
2022-02-03 12:00:00,129.482,130.545,129.398,130.545,17272.0,16,0.0
2022-02-03 16:00:00,130.555,131.504,130.502,131.438,25087.0,16,0.0
2022-02-03 20:00:00,131.438,131.542,131.291,131.469,7980.0,16,0.0
2022-02-04 00:00:00,131.47,131.633,131.378,131.523,6122.0,16,0.0
2022-02-04 04:00:00,131.524,131.834,131.488,131.714,5710.0,16,0.0
2022-02-04 08:00:00,131.714,132.013,131.604,131.771,13018.0,16,0.0
2022-02-04 12:00:00,131.769,131.97,131.615,131.936,16321.0,16,0.0
2022-02-04 16:00:00,131.938,132.031,131.629,132.012,18761.0,16,0.0
2022-02-04 20:00:00,132.012,132.095,131.893,131.898,6374.0,16,0.0
2022-02-07 00:00:00,132.103,132.158,131.859,131.919,8091.0,16,0.0
2022-02-07 04:00:00,131.918,131.949,131.709,131.851,7265.0,16,0.0
2022-02-07 08:00:00,131.851,131.873,131.258,131.395,12384.0,16,0.0
2022-02-07 12:00:00,131.396,131.72,131.297,131.666,12651.0,16,0.0
2022-02-07 16:00:00,131.664,131.76,131.416,131.503,15136.0,16,0.0
2022-02-07 20:00:00,131.503,131.689,131.438,131.654,5449.0,16,0.0
2022-02-08 00:00:00,131.651,132.011,131.587,131.852,8148.0,16,0.0
2022-02-08 04:00:00,131.852,131.913,131.788,131.823,6391.0,16,0.0
2022-02-08 08:00:00,131.823,131.923,131.481,131.602,11827.0,16,0.0
2022-02-08 12:00:00,131.601,131.823,131.505,131.687,12621.0,16,0.0
2022-02-08 16:00:00,131.686,132.037,131.677,132.01,11503.0,16,0.0
2022-02-08 20:00:00,132.009,132.009,131.805,131.859,4882.0,16,0.0
2022-02-09 00:00:00,131.861,132.034,131.767,131.875,5294.0,16,0.0
2022-02-09 04:00:00,131.874,131.963,131.826,131.912,4891.0,16,0.0
2022-02-09 08:00:00,131.91,131.97,131.631,131.829,9152.0,16,0.0
2022-02-09 12:00:00,131.827,132.162,131.821,132.051,10754.0,16,0.0
2022-02-09 16:00:00,132.05,132.098,131.903,132.041,12343.0,16,0.0
2022-02-09 20:00:00,132.041,132.059,131.941,131.97,5276.0,16,0.0
2022-02-10 00:00:00,131.965,132.047,131.869,131.902,4652.0,16,0.0
2022-02-10 04:00:00,131.902,132.152,131.894,132.105,5153.0,16,0.0
2022-02-10 08:00:00,132.105,132.601,132.031,132.507,10836.0,16,0.0
2022-02-10 12:00:00,132.508,132.557,132.202,132.533,14049.0,16,0.0
2022-02-10 16:00:00,132.528,133.155,132.331,133.016,25160.0,16,0.0
2022-02-10 20:00:00,133.015,133.064,132.458,132.597,12609.0,16,0.0
2022-02-11 00:00:00,132.595,132.628,132.198,132.253,7123.0,16,0.0
2022-02-11 04:00:00,132.252,132.351,132.099,132.179,6023.0,16,0.0
2022-02-11 08:00:00,132.182,132.272,131.887,132.144,12807.0,16,0.0
2022-02-11 12:00:00,132.142,132.31,132.027,132.06,11298.0,16,0.0
2022-02-11 16:00:00,132.06,132.233,131.841,132.075,15287.0,16,0.0
2022-02-11 20:00:00,132.072,132.112,130.389,130.816,25342.0,16,0.0
2022-02-14 00:00:00,130.758,131.39,130.753,130.949,13604.0,16,0.0
2022-02-14 04:00:00,130.949,131.105,130.88,131.036,6459.0,16,0.0
2022-02-14 08:00:00,131.036,131.046,130.102,130.141,17551.0,16,0.0
2022-02-14 12:00:00,130.141,130.923,130.046,130.695,18937.0,16,0.0
2022-02-14 16:00:00,130.695,130.865,130.557,130.788,19150.0,16,0.0
2022-02-14 20:00:00,130.788,130.8,130.212,130.554,13112.0,16,0.0
2022-02-15 00:00:00,130.557,130.693,130.434,130.499,5789.0,16,0.0
2022-02-15 04:00:00,130.499,130.665,130.457,130.522,6740.0,16,0.0
2022-02-15 08:00:00,130.524,131.191,130.44,131.169,15301.0,16,0.0
2022-02-15 12:00:00,131.169,131.35,130.975,131.334,15914.0,16,0.0
2022-02-15 16:00:00,131.334,131.537,131.104,131.383,16455.0,16,0.0
2022-02-15 20:00:00,131.384,131.414,131.282,131.352,6137.0,16,0.0
2022-02-16 00:00:00,131.353,131.431,131.251,131.311,5518.0,16,0.0
2022-02-16 04:00:00,131.311,131.362,131.241,131.357,4330.0,16,0.0
2022-02-16 08:00:00,131.356,131.908,131.33,131.591,12067.0,16,0.0
2022-02-16 12:00:00,131.59,131.761,131.155,131.226,13454.0,16,0.0
2022-02-16 16:00:00,131.226,131.401,131.108,131.32,14886.0,16,0.0
2022-02-16 20:00:00,131.32,131.535,131.294,131.342,12116.0,16,0.0
2022-02-17 00:00:00,131.357,131.464,131.137,131.427,5747.0,16,0.0
2022-02-17 04:00:00,131.424,131.497,130.409,130.866,14885.0,16,0.0
2022-02-17 08:00:00,130.865,131.296,130.4,130.762,21618.0,16,0.0
2022-02-17 12:00:00,130.761,130.939,130.43,130.501,16192.0,16,0.0
2022-02-17 16:00:00,130.499,130.924,130.428,130.691,21163.0,16,0.0
2022-02-17 20:00:00,130.691,130.732,130.524,130.56,9018.0,16,0.0
2022-02-18 00:00:00,130.52,131.014,130.394,130.888,10596.0,16,0.0
2022-02-18 04:00:00,130.888,130.989,130.853,130.948,7966.0,16,0.0
2022-02-18 08:00:00,130.946,131.121,130.817,130.941,11944.0,16,0.0
2022-02-18 12:00:00,130.941,130.974,130.563,130.603,13316.0,16,0.0
2022-02-18 16:00:00,130.603,130.633,130.208,130.287,20012.0,16,0.0
2022-02-18 20:00:00,130.287,130.418,129.887,129.904,7894.0,16,0.0
2022-02-21 00:00:00,130.186,130.642,129.971,130.582,9863.0,16,0.0
2022-02-21 04:00:00,130.583,130.708,130.538,130.645,5865.0,16,0.0
2022-02-21 08:00:00,130.644,130.903,130.438,130.53,10019.0,16,0.0
2022-02-21 12:00:00,130.529,130.536,129.995,130.136,10341.0,16,0.0
2022-02-21 16:00:00,130.132,130.347,130.073,130.153,10126.0,16,0.0
2022-02-21 20:00:00,130.157,130.231,129.717,129.781,4827.0,16,0.0
2022-02-22 00:00:00,129.782,129.898,129.358,129.676,13708.0,16,0.0
2022-02-22 04:00:00,129.67,129.762,129.369,129.717,10570.0,16,0.0
2022-02-22 08:00:00,129.717,130.165,129.443,129.921,20173.0,16,0.0
2022-02-22 12:00:00,129.926,130.744,129.917,130.567,21986.0,16,0.0
2022-02-22 16:00:00,130.56,130.767,130.223,130.255,18813.0,16,0.0
2022-02-22 20:00:00,130.256,130.538,130.163,130.254,13643.0,16,0.0
2022-02-23 00:00:00,130.254,130.449,130.254,130.392,4547.0,16,0.0
2022-02-23 04:00:00,130.393,130.452,130.222,130.299,3518.0,16,0.0
2022-02-23 08:00:00,130.299,130.708,130.136,130.674,11173.0,16,0.0
2022-02-23 12:00:00,130.674,130.688,130.463,130.558,11065.0,16,0.0
2022-02-23 16:00:00,130.556,130.666,130.097,130.179,16538.0,16,0.0
2022-02-23 20:00:00,130.177,130.188,129.9,129.902,8037.0,16,0.0
2022-02-24 00:00:00,129.897,130.015,129.535,129.964,11123.0,16,0.0
2022-02-24 04:00:00,129.962,129.973,128.359,128.738,30686.0,16,0.0
2022-02-24 08:00:00,128.735,129.188,128.515,128.631,32155.0,16,0.0
2022-02-24 12:00:00,128.626,128.654,127.914,128.253,31138.0,16,0.0
2022-02-24 16:00:00,128.248,128.888,128.131,128.795,32278.0,16,0.0
2022-02-24 20:00:00,128.795,129.717,128.725,129.196,21909.0,16,0.0
2022-02-25 00:00:00,129.188,129.569,129.168,129.329,15683.0,16,0.0
2022-02-25 04:00:00,129.332,129.349,129.122,129.294,13242.0,16,0.0
2022-02-25 08:00:00,129.303,129.393,128.723,128.943,21007.0,16,0.0
2022-02-25 12:00:00,128.943,129.866,128.824,129.849,22188.0,16,0.0
2022-02-25 16:00:00,129.848,130.233,129.559,130.112,21562.0,16,0.0
2022-02-25 20:00:00,130.111,130.388,130.069,130.388,10256.0,16,0.0
2022-02-28 00:00:00,128.203,129.42,128.195,129.043,25595.0,16,0.0
2022-02-28 04:00:00,129.045,129.059,128.698,128.901,14606.0,16,0.0
2022-02-28 08:00:00,128.899,129.383,128.878,129.161,22415.0,16,0.0
2022-02-28 12:00:00,129.159,129.785,129.112,129.306,19834.0,16,0.0
2022-02-28 16:00:00,129.308,129.654,128.875,128.98,24388.0,16,0.0
2022-02-28 20:00:00,128.983,128.998,128.758,128.985,12042.0,16,0.0
2022-03-01 00:00:00,128.989,129.244,128.909,129.035,9284.0,16,0.0
2022-03-01 04:00:00,129.034,129.065,128.768,128.817,6699.0,16,0.0
2022-03-01 08:00:00,128.817,129.183,128.433,128.508,16107.0,16,0.0
2022-03-01 12:00:00,128.506,128.546,127.933,128.242,23772.0,16,0.0
2022-03-01 16:00:00,128.244,128.263,127.377,127.572,26439.0,16,0.0
2022-03-01 20:00:00,127.572,127.9,127.369,127.764,13364.0,16,0.0
2022-03-02 00:00:00,127.764,128.089,127.678,127.972,7853.0,16,0.0
2022-03-02 04:00:00,127.972,128.011,127.804,127.887,7661.0,16,0.0
2022-03-02 08:00:00,127.884,127.984,127.293,127.667,24324.0,16,0.0
2022-03-02 12:00:00,127.662,128.2,127.625,128.141,24077.0,16,0.0
2022-03-02 16:00:00,128.143,128.772,127.719,128.339,29342.0,16,0.0
2022-03-02 20:00:00,128.341,128.682,128.324,128.428,11845.0,16,0.0
2022-03-03 00:00:00,128.421,128.529,128.23,128.285,8214.0,16,0.0
2022-03-03 04:00:00,128.288,128.46,128.217,128.399,7294.0,16,0.0
2022-03-03 08:00:00,128.394,128.508,128.173,128.283,13945.0,16,0.0
2022-03-03 12:00:00,128.284,128.408,128.013,128.215,14856.0,16,0.0
2022-03-03 16:00:00,128.216,128.296,127.582,127.706,24723.0,16,0.0
2022-03-03 20:00:00,127.705,127.808,127.601,127.787,10487.0,16,0.0
2022-03-04 00:00:00,127.787,127.816,126.929,127.578,19896.0,16,0.0
2022-03-04 04:00:00,127.579,127.586,127.129,127.32,16208.0,16,0.0
2022-03-04 08:00:00,127.313,127.418,127.021,127.118,16302.0,16,0.0
2022-03-04 12:00:00,127.116,127.196,125.622,125.913,21608.0,16,0.0
2022-03-04 16:00:00,125.906,126.037,125.07,125.391,24927.0,16,0.0
2022-03-04 20:00:00,125.395,125.639,125.194,125.477,13663.0,16,0.0
2022-03-07 00:00:00,125.467,125.61,124.399,124.588,19034.0,16,0.0
2022-03-07 04:00:00,124.588,125.164,124.519,125.003,15196.0,16,0.0
2022-03-07 08:00:00,125.004,125.363,124.773,124.945,26400.0,16,0.0
2022-03-07 12:00:00,124.948,125.893,124.388,125.646,28484.0,16,0.0
2022-03-07 16:00:00,125.645,125.949,125.221,125.498,28573.0,16,0.0
2022-03-07 20:00:00,125.497,125.72,125.049,125.153,17040.0,16,0.0
2022-03-08 00:00:00,125.134,125.62,125.038,125.578,10048.0,16,0.0
2022-03-08 04:00:00,125.582,125.642,125.343,125.422,12833.0,16,0.0
2022-03-08 08:00:00,125.42,126.198,125.22,125.852,27564.0,16,0.0
2022-03-08 12:00:00,125.854,126.326,125.619,126.289,23186.0,16,0.0
2022-03-08 16:00:00,126.282,126.648,125.555,126.491,31240.0,16,0.0
2022-03-08 20:00:00,126.489,126.729,125.975,126.023,20977.0,16,0.0
2022-03-09 00:00:00,126.112,126.554,125.959,126.479,8899.0,16,0.0
2022-03-09 04:00:00,126.48,126.543,126.32,126.386,8654.0,16,0.0
2022-03-09 08:00:00,126.388,127.097,126.301,127.093,17510.0,16,0.0
2022-03-09 12:00:00,127.093,127.523,126.839,127.508,18870.0,16,0.0
2022-03-09 16:00:00,127.509,128.465,127.385,128.436,28188.0,16,0.0
2022-03-09 20:00:00,128.435,128.453,128.133,128.205,12354.0,16,0.0
2022-03-10 00:00:00,128.199,128.395,128.106,128.248,9857.0,16,0.0
2022-03-10 04:00:00,128.249,128.485,128.22,128.387,8083.0,16,0.0
2022-03-10 08:00:00,128.39,128.432,127.779,128.012,20643.0,16,0.0
2022-03-10 12:00:00,128.013,128.874,127.884,128.433,27245.0,16,0.0
2022-03-10 16:00:00,128.432,128.488,127.419,127.618,23231.0,16,0.0
2022-03-10 20:00:00,127.62,127.651,127.45,127.535,8472.0,16,0.0
2022-03-11 00:00:00,127.53,128.037,127.475,127.775,8511.0,16,0.0
2022-03-11 04:00:00,127.78,128.448,127.764,128.349,10375.0,16,0.0
2022-03-11 08:00:00,128.346,128.546,128.127,128.264,18327.0,16,0.0
2022-03-11 12:00:00,128.262,129.042,128.224,128.587,23951.0,16,0.0
2022-03-11 16:00:00,128.587,128.632,127.905,127.935,21176.0,16,0.0
2022-03-11 20:00:00,127.932,128.035,127.832,127.832,10079.0,16,0.0
2022-03-14 00:00:00,128.073,128.609,127.954,128.516,13694.0,16,0.0
2022-03-14 04:00:00,128.516,128.586,128.404,128.543,8671.0,16,0.0
2022-03-14 08:00:00,128.539,129.585,128.495,129.497,16524.0,16,0.0
2022-03-14 12:00:00,129.496,129.535,129.021,129.136,19845.0,16,0.0
2022-03-14 16:00:00,129.133,129.713,129.087,129.471,15806.0,16,0.0
2022-03-14 20:00:00,129.471,129.53,129.142,129.337,7560.0,16,0.0
2022-03-15 00:00:00,129.307,129.68,129.277,129.622,10759.0,16,0.0
2022-03-15 04:00:00,129.62,130.032,129.605,129.966,11740.0,16,0.0
2022-03-15 08:00:00,129.965,129.998,129.342,129.826,22124.0,16,0.0
2022-03-15 12:00:00,129.826,129.831,129.443,129.634,17853.0,16,0.0
2022-03-15 16:00:00,129.634,129.836,129.368,129.446,18287.0,16,0.0
2022-03-15 20:00:00,129.446,129.591,129.315,129.517,6608.0,16,0.0
2022-03-16 00:00:00,129.52,129.848,129.519,129.709,8641.0,16,0.0
2022-03-16 04:00:00,129.71,129.803,129.613,129.752,6382.0,16,0.0
2022-03-16 08:00:00,129.746,130.214,129.643,130.008,16188.0,16,0.0
2022-03-16 12:00:00,130.006,130.327,129.922,130.135,17171.0,16,0.0
2022-03-16 16:00:00,130.135,130.578,129.954,130.224,23097.0,16,0.0
2022-03-16 20:00:00,130.192,131.101,130.105,131.002,22371.0,16,0.0
2022-03-17 00:00:00,131.001,131.471,130.893,131.052,12892.0,16,0.0
2022-03-17 04:00:00,131.054,131.19,130.866,130.988,9941.0,16,0.0
2022-03-17 08:00:00,130.987,131.411,130.924,131.135,14430.0,16,0.0
2022-03-17 12:00:00,131.135,131.485,130.721,131.461,18985.0,16,0.0
2022-03-17 16:00:00,131.462,131.909,131.428,131.833,16291.0,16,0.0
2022-03-17 20:00:00,131.834,131.849,131.47,131.541,5558.0,16,0.0
2022-03-18 00:00:00,131.566,131.913,131.433,131.629,10465.0,16,0.0
2022-03-18 04:00:00,131.629,131.694,131.554,131.63,6906.0,16,0.0
2022-03-18 08:00:00,131.63,131.891,131.376,131.508,13689.0,16,0.0
2022-03-18 12:00:00,131.509,131.612,131.19,131.427,16517.0,16,0.0
2022-03-18 16:00:00,131.427,131.921,131.401,131.78,17861.0,16,0.0
2022-03-18 20:00:00,131.778,131.786,131.565,131.707,5936.0,16,0.0
2022-03-21 00:00:00,131.613,131.81,131.575,131.653,4998.0,16,0.0
2022-03-21 04:00:00,131.653,131.725,131.586,131.705,3911.0,16,0.0
2022-03-21 08:00:00,131.706,131.976,131.613,131.85,11083.0,16,0.0
2022-03-21 12:00:00,131.85,131.858,131.381,131.484,12267.0,16,0.0
2022-03-21 16:00:00,131.485,131.751,131.429,131.673,16664.0,16,0.0
2022-03-21 20:00:00,131.677,131.677,131.523,131.616,6677.0,16,0.0
2022-03-22 00:00:00,131.617,131.956,131.602,131.794,10136.0,16,0.0
2022-03-22 04:00:00,131.794,132.335,131.777,132.138,10906.0,16,0.0
2022-03-22 08:00:00,132.14,132.922,132.051,132.877,16280.0,16,0.0
2022-03-22 12:00:00,132.879,133.344,132.584,133.176,20758.0,16,0.0
2022-03-22 16:00:00,133.178,133.306,132.748,133.182,16062.0,16,0.0
2022-03-22 20:00:00,133.181,133.299,133.054,133.254,6151.0,16,0.0
2022-03-23 00:00:00,133.254,133.893,133.244,133.59,13543.0,16,0.0
2022-03-23 04:00:00,133.59,133.654,133.405,133.587,8680.0,16,0.0
2022-03-23 08:00:00,133.591,133.698,132.943,133.069,14030.0,16,0.0
2022-03-23 12:00:00,133.069,133.185,132.329,132.406,17592.0,16,0.0
2022-03-23 16:00:00,132.403,133.264,132.383,133.244,15137.0,16,0.0
2022-03-23 20:00:00,133.243,133.396,133.199,133.326,5520.0,16,0.0
2022-03-24 00:00:00,133.329,133.473,132.952,133.2,10233.0,16,0.0
2022-03-24 04:00:00,133.201,133.365,133.093,133.316,7409.0,16,0.0
2022-03-24 08:00:00,133.317,133.783,133.219,133.697,16840.0,16,0.0
2022-03-24 12:00:00,133.698,133.946,133.384,133.855,17317.0,16,0.0
2022-03-24 16:00:00,133.846,134.515,133.752,134.454,19232.0,16,0.0
2022-03-24 20:00:00,134.459,134.612,134.435,134.556,6181.0,16,0.0
2022-03-25 00:00:00,134.568,134.749,134.103,134.526,15150.0,16,0.0
2022-03-25 04:00:00,134.524,134.532,133.725,134.224,12924.0,16,0.0
2022-03-25 08:00:00,134.223,134.449,133.737,133.857,16875.0,16,0.0
2022-03-25 12:00:00,133.858,134.615,133.755,134.508,17096.0,16,0.0
2022-03-25 16:00:00,134.513,134.624,133.92,134.2,21454.0,16,0.0
2022-03-25 20:00:00,134.2,134.243,133.888,133.976,7009.0,16,0.0
2022-03-28 00:00:00,134.075,134.359,133.966,134.1,9002.0,16,0.0
2022-03-28 04:00:00,134.097,134.879,134.061,134.792,17682.0,16,0.0
2022-03-28 08:00:00,134.794,137.533,134.763,137.043,23405.0,16,0.0
2022-03-28 12:00:00,137.04,137.052,135.187,135.482,30900.0,16,0.0
2022-03-28 16:00:00,135.483,135.876,135.214,135.669,25498.0,16,0.0
2022-03-28 20:00:00,135.668,136.158,135.551,135.923,9953.0,16,0.0
2022-03-29 00:00:00,135.915,136.515,135.528,136.23,13617.0,16,0.0
2022-03-29 04:00:00,136.229,136.271,135.311,135.524,16392.0,16,0.0
2022-03-29 08:00:00,135.524,136.333,135.475,135.913,17958.0,16,0.0
2022-03-29 12:00:00,135.909,137.311,135.817,136.529,28258.0,16,0.0
2022-03-29 16:00:00,136.53,136.758,135.703,135.913,30109.0,16,0.0
2022-03-29 20:00:00,135.909,136.361,135.887,136.173,8411.0,16,0.0
2022-03-30 00:00:00,136.163,136.674,135.824,135.936,13132.0,16,0.0
2022-03-30 04:00:00,135.935,135.987,134.88,135.441,23979.0,16,0.0
2022-03-30 08:00:00,135.44,135.759,135.232,135.677,21303.0,16,0.0
2022-03-30 12:00:00,135.674,136.068,135.377,135.562,19706.0,16,0.0
2022-03-30 16:00:00,135.568,136.298,135.511,136.004,20508.0,16,0.0
2022-03-30 20:00:00,136.001,136.011,135.834,135.846,6964.0,16,0.0
2022-03-31 00:00:00,135.846,136.772,135.845,136.639,12534.0,16,0.0
2022-03-31 04:00:00,136.637,136.843,136.289,136.412,14510.0,16,0.0
2022-03-31 08:00:00,136.414,136.459,135.413,135.979,21689.0,16,0.0
2022-03-31 12:00:00,135.979,135.98,134.903,135.024,19617.0,16,0.0
2022-03-31 16:00:00,135.032,135.145,134.671,134.708,23960.0,16,0.0
2022-03-31 20:00:00,134.711,134.856,134.517,134.608,9454.0,16,0.0
2022-04-01 00:00:00,134.609,135.226,134.571,135.151,9307.0,16,0.0
2022-04-01 04:00:00,135.148,135.798,135.099,135.646,13536.0,16,0.0
2022-04-01 08:00:00,135.647,135.83,135.159,135.57,17654.0,16,0.0
2022-04-01 12:00:00,135.57,135.728,135.127,135.622,16426.0,16,0.0
2022-04-01 16:00:00,135.623,135.882,135.302,135.324,17691.0,16,0.0
2022-04-01 20:00:00,135.321,135.488,135.153,135.187,7649.0,16,0.0
2022-04-04 00:00:00,135.231,135.523,135.117,135.252,8829.0,16,0.0
2022-04-04 04:00:00,135.251,135.637,135.213,135.442,8842.0,16,0.0
2022-04-04 08:00:00,135.444,135.683,135.079,135.164,14516.0,16,0.0
2022-04-04 12:00:00,135.162,135.263,134.847,134.89,12952.0,16,0.0
2022-04-04 16:00:00,134.891,135.071,134.708,134.714,14613.0,16,0.0
2022-04-04 20:00:00,134.713,134.768,134.571,134.686,6124.0,16,0.0
2022-04-05 00:00:00,134.684,134.818,134.342,134.529,8007.0,16,0.0
2022-04-05 04:00:00,134.526,134.555,134.297,134.365,9232.0,16,0.0
2022-04-05 08:00:00,134.368,135.128,134.304,134.713,14798.0,16,0.0
2022-04-05 12:00:00,134.712,134.939,134.602,134.679,13258.0,16,0.0
2022-04-05 16:00:00,134.682,135.003,134.584,134.886,18600.0,16,0.0
2022-04-05 20:00:00,134.887,134.991,134.735,134.779,6856.0,16,0.0
2022-04-06 00:00:00,134.779,135.0,134.643,134.909,8874.0,16,0.0
2022-04-06 04:00:00,134.912,135.158,134.759,134.995,11371.0,16,0.0
2022-04-06 08:00:00,134.995,135.303,134.808,135.219,16081.0,16,0.0
2022-04-06 12:00:00,135.216,135.396,135.02,135.371,14582.0,16,0.0
2022-04-06 16:00:00,135.373,135.477,134.899,134.987,15504.0,16,0.0
2022-04-06 20:00:00,134.986,135.078,134.776,134.809,15033.0,16,0.0
2022-04-07 00:00:00,134.809,135.046,134.652,134.874,9368.0,16,0.0
2022-04-07 04:00:00,134.874,135.029,134.836,134.997,9095.0,16,0.0
2022-04-07 08:00:00,134.995,135.209,134.521,134.606,13496.0,16,0.0
2022-04-07 12:00:00,134.607,135.489,134.42,135.315,17416.0,16,0.0
2022-04-07 16:00:00,135.317,135.502,134.788,134.79,17698.0,16,0.0
2022-04-07 20:00:00,134.79,134.982,134.731,134.773,7774.0,16,0.0
2022-04-08 00:00:00,134.772,135.095,134.451,134.475,10363.0,16,0.0
2022-04-08 04:00:00,134.478,134.666,134.356,134.579,9187.0,16,0.0
2022-04-08 08:00:00,134.578,134.984,134.558,134.862,13786.0,16,0.0
2022-04-08 12:00:00,134.862,135.167,134.789,135.012,13015.0,16,0.0
2022-04-08 16:00:00,135.012,135.328,134.959,135.237,17448.0,16,0.0
2022-04-08 20:00:00,135.238,135.37,135.124,135.133,7393.0,16,0.0
2022-04-11 00:00:00,135.457,135.729,135.27,135.656,8519.0,16,0.0
2022-04-11 04:00:00,135.654,136.067,135.598,135.983,12993.0,16,0.0
2022-04-11 08:00:00,135.984,136.769,135.937,136.705,18235.0,16,0.0
2022-04-11 12:00:00,136.702,137.133,136.674,136.924,15687.0,16,0.0
2022-04-11 16:00:00,136.924,136.954,136.485,136.533,15770.0,16,0.0
2022-04-11 20:00:00,136.534,136.719,136.381,136.386,8234.0,16,0.0
2022-04-12 00:00:00,136.386,136.646,136.193,136.448,9890.0,16,0.0
2022-04-12 04:00:00,136.446,136.524,136.221,136.38,10499.0,16,0.0
2022-04-12 08:00:00,136.38,136.63,136.296,136.462,16629.0,16,0.0
2022-04-12 12:00:00,136.461,136.624,135.965,136.128,15981.0,16,0.0
2022-04-12 16:00:00,136.127,136.326,135.676,135.776,22597.0,16,0.0
2022-04-12 20:00:00,135.775,135.841,135.541,135.65,9107.0,16,0.0
2022-04-13 00:00:00,135.652,135.912,135.553,135.836,7824.0,16,0.0
2022-04-13 04:00:00,135.838,136.109,135.814,136.066,8718.0,16,0.0
2022-04-13 08:00:00,136.067,136.753,136.05,136.589,17769.0,16,0.0
2022-04-13 12:00:00,136.588,136.649,136.173,136.196,15977.0,16,0.0
2022-04-13 16:00:00,136.197,136.7,135.937,136.666,20342.0,16,0.0
2022-04-13 20:00:00,136.663,136.871,136.515,136.532,8018.0,16,0.0
2022-04-14 00:00:00,136.528,136.866,136.447,136.61,10017.0,16,0.0
2022-04-14 04:00:00,136.612,136.764,136.457,136.698,10690.0,16,0.0
2022-04-14 08:00:00,136.698,136.939,136.428,136.773,13247.0,16,0.0
2022-04-14 12:00:00,136.774,136.903,136.127,136.169,17843.0,16,0.0
2022-04-14 16:00:00,136.171,136.314,135.516,136.21,27965.0,16,0.0
2022-04-14 20:00:00,136.209,136.492,136.136,136.259,7737.0,16,0.0
2022-04-15 00:00:00,136.244,136.62,136.225,136.531,15756.0,16,0.0
2022-04-15 04:00:00,136.509,136.781,136.444,136.561,25920.0,16,0.0
2022-04-15 08:00:00,136.543,136.893,136.508,136.841,17300.0,16,0.0
2022-04-15 12:00:00,136.842,136.875,136.606,136.743,21072.0,16,0.0
2022-04-15 16:00:00,136.744,136.795,136.46,136.56,25544.0,16,0.0
2022-04-15 20:00:00,136.56,136.73,136.492,136.607,21835.0,26,0.0
2022-04-18 00:00:00,136.535,137.028,136.505,136.704,10247.0,16,0.0
2022-04-18 04:00:00,136.7,136.794,136.457,136.677,11123.0,16,0.0
2022-04-18 08:00:00,136.677,136.772,136.549,136.655,8972.0,16,0.0
2022-04-18 12:00:00,136.655,136.867,136.612,136.709,8495.0,16,0.0
2022-04-18 16:00:00,136.706,136.843,136.644,136.772,13136.0,16,0.0
2022-04-18 20:00:00,136.772,136.941,136.706,136.904,8782.0,16,0.0
2022-04-19 00:00:00,136.9,137.235,136.806,137.229,9449.0,16,0.0
2022-04-19 04:00:00,137.228,138.084,137.203,138.041,16686.0,16,0.0
2022-04-19 08:00:00,138.04,138.844,137.838,138.711,21651.0,16,0.0
2022-04-19 12:00:00,138.712,138.751,138.3,138.664,17301.0,16,0.0
2022-04-19 16:00:00,138.661,139.064,138.656,139.012,21203.0,16,0.0
2022-04-19 20:00:00,139.013,139.096,138.856,139.042,8749.0,9,0.0
2022-04-20 00:00:00,139.038,139.687,138.973,139.594,13535.0,16,0.0
2022-04-20 04:00:00,139.594,139.67,138.546,139.103,25681.0,16,0.0
2022-04-20 08:00:00,139.102,139.286,138.878,139.187,18578.0,16,0.0
2022-04-20 12:00:00,139.187,139.259,138.398,138.73,22462.0,16,0.0
2022-04-20 16:00:00,138.728,138.821,138.457,138.668,21119.0,16,0.0
2022-04-20 20:00:00,138.675,138.797,138.474,138.531,9856.0,16,0.0
2022-04-21 00:00:00,138.463,139.259,138.395,138.868,12369.0,16,0.0
2022-04-21 04:00:00,138.867,139.266,138.849,139.049,14352.0,16,0.0
2022-04-21 08:00:00,139.049,140.002,138.961,139.867,22129.0,16,0.0
2022-04-21 12:00:00,139.867,139.996,139.35,139.548,16595.0,16,0.0
2022-04-21 16:00:00,139.552,139.752,139.307,139.449,20431.0,16,0.0
2022-04-21 20:00:00,139.449,139.449,138.922,139.038,15314.0,16,0.0
2022-04-22 00:00:00,139.049,139.404,138.989,139.394,11361.0,16,0.0
2022-04-22 04:00:00,139.392,139.49,138.931,139.033,15607.0,16,0.0
2022-04-22 08:00:00,139.032,139.032,138.261,138.503,22138.0,16,0.0
2022-04-22 12:00:00,138.509,139.018,138.458,138.969,17448.0,16,0.0
2022-04-22 16:00:00,138.975,139.192,138.321,138.93,25478.0,16,0.0
2022-04-22 20:00:00,138.931,139.001,138.613,138.782,12110.0,16,0.0
2022-04-25 00:00:00,138.903,139.177,138.594,139.085,13255.0,16,0.0
2022-04-25 04:00:00,139.087,139.176,138.231,138.475,16554.0,16,0.0
2022-04-25 08:00:00,138.473,138.56,137.172,137.667,27236.0,16,0.0
2022-04-25 12:00:00,137.666,138.079,137.344,137.685,23918.0,16,0.0
2022-04-25 16:00:00,137.686,137.717,136.484,136.832,28235.0,16,0.0
2022-04-25 20:00:00,136.828,137.282,136.786,137.221,12943.0,16,0.0
2022-04-26 00:00:00,137.225,137.326,136.538,136.917,12327.0,16,0.0
2022-04-26 04:00:00,136.918,137.541,136.675,137.436,18450.0,16,0.0
2022-04-26 08:00:00,137.434,137.497,136.46,136.58,23200.0,16,0.0
2022-04-26 12:00:00,136.583,136.696,135.778,135.848,19471.0,16,0.0
2022-04-26 16:00:00,135.848,135.996,135.4,135.933,24983.0,16,0.0
2022-04-26 20:00:00,135.932,135.94,135.304,135.315,12307.0,16,0.0
2022-04-27 00:00:00,135.317,135.79,135.06,135.769,10608.0,16,0.0
2022-04-27 04:00:00,135.764,136.02,135.639,135.958,15602.0,16,0.0
2022-04-27 08:00:00,135.958,136.157,135.299,135.509,23423.0,16,0.0
2022-04-27 12:00:00,135.499,135.925,134.988,135.192,21388.0,16,0.0
2022-04-27 16:00:00,135.192,135.676,134.783,135.507,26287.0,16,0.0
2022-04-27 20:00:00,135.508,135.66,135.437,135.598,13442.0,16,0.0
2022-04-28 00:00:00,135.589,135.828,135.431,135.769,9573.0,16,0.0
2022-04-28 04:00:00,135.77,136.687,135.539,136.584,20014.0,16,0.0
2022-04-28 08:00:00,136.584,138.001,136.378,137.697,30405.0,16,0.0
2022-04-28 12:00:00,137.699,137.953,136.828,137.176,28355.0,16,0.0
2022-04-28 16:00:00,137.178,137.948,137.123,137.696,28460.0,16,0.0
2022-04-28 20:00:00,137.696,137.811,137.356,137.37,13247.0,16,0.0
2022-04-29 00:00:00,137.367,137.505,137.291,137.322,8071.0,16,0.0
2022-04-29 04:00:00,137.321,137.535,137.239,137.293,12081.0,16,0.0
2022-04-29 08:00:00,137.291,137.686,137.031,137.516,22989.0,16,0.0
2022-04-29 12:00:00,137.518,137.987,136.963,137.017,25135.0,16,0.0
2022-04-29 16:00:00,137.015,137.311,136.501,136.81,27059.0,16,0.0
2022-04-29 20:00:00,136.807,137.048,136.759,136.931,15570.0,16,0.0
2022-05-02 00:00:00,136.86,137.385,136.745,136.976,14144.0,16,0.0
2022-05-02 04:00:00,136.977,137.183,136.876,137.178,13285.0,16,0.0
2022-05-02 08:00:00,137.178,137.641,136.838,136.949,18369.0,16,0.0
2022-05-02 12:00:00,136.949,137.038,136.557,136.79,16540.0,16,0.0
2022-05-02 16:00:00,136.798,137.205,136.626,136.829,23802.0,16,0.0
2022-05-02 20:00:00,136.829,136.867,136.524,136.786,13967.0,16,0.0
2022-05-03 00:00:00,136.749,136.894,136.641,136.767,6890.0,16,0.0
2022-05-03 04:00:00,136.766,136.892,136.625,136.685,9041.0,16,0.0
2022-05-03 08:00:00,136.685,137.109,136.606,136.645,17370.0,16,0.0
2022-05-03 12:00:00,136.643,137.373,136.543,137.281,18939.0,16,0.0
2022-05-03 16:00:00,137.278,137.3,136.861,136.908,22631.0,16,0.0
2022-05-03 20:00:00,136.909,137.135,136.889,136.912,11560.0,16,0.0
2022-05-04 00:00:00,136.904,137.082,136.867,137.002,4119.0,16,0.0
2022-05-04 04:00:00,136.997,137.065,136.817,136.894,5697.0,16,0.0
2022-05-04 08:00:00,136.894,137.013,136.747,136.858,13124.0,16,0.0
2022-05-04 12:00:00,136.856,137.079,136.711,137.078,13365.0,16,0.0
2022-05-04 16:00:00,137.077,137.277,136.924,137.163,17099.0,16,0.0
2022-05-04 20:00:00,137.163,137.427,136.599,137.087,30451.0,16,0.0
2022-05-05 00:00:00,137.073,137.536,137.003,137.024,11506.0,16,0.0
2022-05-05 04:00:00,137.023,137.26,136.827,137.176,13495.0,16,0.0
2022-05-05 08:00:00,137.182,137.535,137.151,137.489,20408.0,16,0.0
2022-05-05 12:00:00,137.489,137.574,136.907,137.091,23611.0,16,0.0
2022-05-05 16:00:00,137.088,137.533,136.9,137.084,30058.0,16,0.0
2022-05-05 20:00:00,137.083,137.275,136.97,137.188,16951.0,16,0.0
2022-05-06 00:00:00,137.189,137.615,137.171,137.546,11658.0,16,0.0
2022-05-06 04:00:00,137.547,137.651,137.418,137.513,16203.0,16,0.0
2022-05-06 08:00:00,137.515,137.996,136.74,137.715,25662.0,16,0.0
2022-05-06 12:00:00,137.712,138.128,137.619,137.901,24791.0,16,0.0
2022-05-06 16:00:00,137.892,138.157,137.708,137.851,32414.0,16,0.0
2022-05-06 20:00:00,137.852,137.94,137.587,137.641,14122.0,16,0.0
2022-05-09 00:00:00,137.538,137.897,137.404,137.648,10462.0,16,0.0
2022-05-09 04:00:00,137.648,137.736,137.496,137.712,13868.0,16,0.0
2022-05-09 08:00:00,137.712,138.118,137.64,137.849,19407.0,16,0.0
2022-05-09 12:00:00,137.847,138.321,137.801,138.076,21784.0,16,0.0
2022-05-09 16:00:00,138.076,138.098,137.067,137.771,26201.0,16,0.0
2022-05-09 20:00:00,137.768,137.786,137.466,137.608,14588.0,16,0.0
2022-05-10 00:00:00,137.601,137.831,137.187,137.306,14150.0,16,0.0
2022-05-10 04:00:00,137.306,138.03,137.102,137.977,18979.0,16,0.0
2022-05-10 08:00:00,137.978,138.083,137.31,137.52,21471.0,16,0.0
2022-05-10 12:00:00,137.52,137.696,137.048,137.15,20130.0,16,0.0
2022-05-10 16:00:00,137.147,137.503,137.036,137.202,26760.0,16,0.0
2022-05-10 20:00:00,137.202,137.406,137.173,137.33,12834.0,16,0.0
2022-05-11 00:00:00,137.32,137.382,137.2,137.272,7844.0,16,0.0
2022-05-11 04:00:00,137.272,137.492,137.238,137.396,10862.0,16,0.0
2022-05-11 08:00:00,137.396,137.492,137.085,137.236,17728.0,16,0.0
2022-05-11 12:00:00,137.233,137.603,136.747,137.565,21719.0,16,0.0
2022-05-11 16:00:00,137.554,137.708,136.825,136.83,32503.0,16,0.0
2022-05-11 20:00:00,136.829,136.831,136.183,136.643,18210.0,16,0.0
2022-05-12 00:00:00,136.619,136.74,136.103,136.543,11174.0,16,0.0
2022-05-12 04:00:00,136.545,136.749,136.36,136.506,14625.0,16,0.0
2022-05-12 08:00:00,136.509,136.555,134.209,134.209,32053.0,16,0.0
2022-05-12 12:00:00,134.21,134.483,133.3,133.435,28433.0,16,0.0
2022-05-12 16:00:00,133.431,133.702,132.659,132.997,32685.0,16,0.0
2022-05-12 20:00:00,132.997,133.261,132.798,133.191,16076.0,16,0.0
2022-05-13 00:00:00,133.168,133.821,133.082,133.723,9994.0,16,0.0
2022-05-13 04:00:00,133.722,134.293,133.657,134.064,17134.0,16,0.0
2022-05-13 08:00:00,134.065,134.268,133.485,134.065,22251.0,16,0.0
2022-05-13 12:00:00,134.065,134.146,133.63,133.889,17877.0,16,0.0
2022-05-13 16:00:00,133.89,134.752,133.612,134.659,22429.0,16,0.0
2022-05-13 20:00:00,134.66,134.749,134.371,134.509,10235.0,16,0.0
2022-05-16 00:00:00,134.509,134.908,134.105,134.798,8589.0,16,0.0
2022-05-16 04:00:00,134.798,134.899,133.749,134.171,18096.0,16,0.0
2022-05-16 08:00:00,134.169,135.027,134.026,134.979,18543.0,16,0.0
2022-05-16 12:00:00,134.981,135.051,134.682,134.778,15029.0,16,0.0
2022-05-16 16:00:00,134.777,134.827,134.139,134.53,17935.0,16,0.0
2022-05-16 20:00:00,134.532,134.947,134.522,134.698,8300.0,16,0.0
2022-05-17 00:00:00,134.695,135.135,134.494,134.983,8028.0,16,0.0
2022-05-17 04:00:00,134.981,135.157,134.808,135.096,11168.0,16,0.0
2022-05-17 08:00:00,135.098,135.782,135.015,135.718,15563.0,16,0.0
2022-05-17 12:00:00,135.718,136.632,135.414,136.616,20312.0,16,0.0
2022-05-17 16:00:00,136.617,136.696,135.978,136.383,19066.0,16,0.0
2022-05-17 20:00:00,136.385,136.504,136.07,136.5,15367.0,16,0.0
2022-05-18 00:00:00,136.483,136.669,136.403,136.413,7357.0,16,0.0
2022-05-18 04:00:00,136.424,136.485,135.767,135.931,13760.0,16,0.0
2022-05-18 08:00:00,135.932,136.194,135.572,135.782,15785.0,16,0.0
2022-05-18 12:00:00,135.785,135.956,135.608,135.626,14016.0,16,0.0
2022-05-18 16:00:00,135.626,135.659,134.456,134.593,23964.0,16,0.0
2022-05-18 20:00:00,134.591,134.598,134.076,134.159,12741.0,16,0.0
2022-05-19 00:00:00,134.138,134.839,133.944,134.645,12869.0,16,0.0
2022-05-19 04:00:00,134.651,135.463,134.589,135.232,16206.0,16,0.0
2022-05-19 08:00:00,135.232,135.309,134.119,134.21,25290.0,16,0.0
2022-05-19 12:00:00,134.207,134.66,133.925,134.028,25381.0,16,0.0
2022-05-19 16:00:00,134.028,135.38,133.991,135.176,32798.0,16,0.0
2022-05-19 20:00:00,135.177,135.435,135.104,135.284,14346.0,16,0.0
2022-05-20 00:00:00,135.271,135.392,135.027,135.137,9331.0,16,0.0
2022-05-20 04:00:00,135.134,135.599,134.746,135.098,15072.0,16,0.0
2022-05-20 08:00:00,135.098,135.506,135.004,135.486,21491.0,16,0.0
2022-05-20 12:00:00,135.485,135.797,134.922,135.0,18852.0,16,0.0
2022-05-20 16:00:00,135.0,135.396,134.647,134.713,25131.0,16,0.0
2022-05-20 20:00:00,134.713,135.128,134.583,134.944,15730.0,16,0.0
2022-05-23 00:00:00,135.065,135.495,134.844,135.157,8775.0,16,0.0
2022-05-23 04:00:00,135.156,135.292,134.659,134.958,12008.0,16,0.0
2022-05-23 08:00:00,134.958,135.834,134.944,135.802,22131.0,16,0.0
2022-05-23 12:00:00,135.804,136.297,135.781,136.123,18436.0,16,0.0
2022-05-23 16:00:00,136.122,136.6,135.789,136.508,21825.0,16,0.0
2022-05-23 20:00:00,136.507,136.802,136.365,136.721,7750.0,16,0.0
2022-05-24 00:00:00,136.68,136.723,136.228,136.362,8219.0,16,0.0
2022-05-24 04:00:00,136.362,136.664,136.115,136.127,11474.0,16,0.0
2022-05-24 08:00:00,136.125,136.786,136.029,136.414,22196.0,16,0.0
2022-05-24 12:00:00,136.414,136.738,136.08,136.237,18412.0,16,0.0
2022-05-24 16:00:00,136.24,136.329,135.555,135.818,29888.0,16,0.0
2022-05-24 20:00:00,135.818,136.237,135.738,136.174,11900.0,16,0.0
2022-05-25 00:00:00,136.147,136.236,135.957,136.077,8101.0,16,0.0
2022-05-25 04:00:00,136.077,136.216,135.83,135.908,14286.0,16,0.0
2022-05-25 08:00:00,135.909,136.064,135.458,135.574,19775.0,16,0.0
2022-05-25 12:00:00,135.576,135.757,134.993,135.33,19176.0,16,0.0
2022-05-25 16:00:00,135.335,136.078,135.301,135.815,22279.0,16,0.0
2022-05-25 20:00:00,135.815,136.154,135.767,135.921,15109.0,16,0.0
2022-05-26 00:00:00,135.909,136.491,135.754,136.438,8901.0,16,0.0
2022-05-26 04:00:00,136.437,136.551,136.019,136.051,14233.0,16,0.0
2022-05-26 08:00:00,136.051,136.121,135.238,135.336,20413.0,16,0.0
2022-05-26 12:00:00,135.33,136.169,135.233,136.063,20569.0,16,0.0
2022-05-26 16:00:00,136.063,136.636,135.855,136.349,19309.0,16,0.0
2022-05-26 20:00:00,136.346,136.417,136.174,136.345,8194.0,16,0.0
2022-05-27 00:00:00,136.321,136.573,136.202,136.403,9253.0,16,0.0
2022-05-27 04:00:00,136.403,136.596,136.253,136.392,14178.0,16,0.0
2022-05-27 08:00:00,136.39,136.729,136.232,136.324,16215.0,16,0.0
2022-05-27 12:00:00,136.321,136.369,135.847,136.124,17301.0,16,0.0
2022-05-27 16:00:00,136.125,136.402,135.987,136.17,18469.0,16,0.0
2022-05-27 20:00:00,136.175,136.465,136.114,136.399,6326.0,16,0.0
2022-05-30 00:00:00,136.327,136.64,136.202,136.33,7845.0,16,0.0
2022-05-30 04:00:00,136.33,136.631,136.267,136.626,11534.0,16,0.0
2022-05-30 08:00:00,136.627,137.03,136.553,137.01,15002.0,16,0.0
2022-05-30 12:00:00,137.01,137.475,136.916,137.352,13438.0,16,0.0
2022-05-30 16:00:00,137.347,137.669,137.332,137.576,11691.0,16,0.0
2022-05-30 20:00:00,137.576,137.59,137.442,137.549,4523.0,16,0.0
2022-05-31 00:00:00,137.509,137.985,137.365,137.759,10566.0,16,0.0
2022-05-31 04:00:00,137.755,137.848,137.507,137.541,14849.0,16,0.0
2022-05-31 08:00:00,137.541,137.594,137.029,137.226,21633.0,16,0.0
2022-05-31 12:00:00,137.226,137.517,136.801,137.431,22914.0,16,0.0
2022-05-31 16:00:00,137.438,138.035,137.389,137.951,26459.0,16,0.0
2022-05-31 20:00:00,137.95,138.238,137.858,138.112,11634.0,16,0.0
2022-06-01 00:00:00,138.105,138.374,138.084,138.306,7439.0,16,0.0
2022-06-01 04:00:00,138.306,138.497,138.234,138.458,13221.0,16,0.0
2022-06-01 08:00:00,138.458,138.978,138.327,138.777,20026.0,16,0.0
2022-06-01 12:00:00,138.777,138.909,138.605,138.719,16109.0,16,0.0
2022-06-01 16:00:00,138.721,138.803,138.2,138.454,25772.0,16,0.0
2022-06-01 20:00:00,138.454,138.757,138.39,138.623,10258.0,16,0.0
2022-06-02 00:00:00,138.589,138.743,138.401,138.58,7740.0,16,0.0
2022-06-02 04:00:00,138.58,138.652,138.394,138.606,11042.0,16,0.0
2022-06-02 08:00:00,138.606,138.959,138.459,138.783,13979.0,16,0.0
2022-06-02 12:00:00,138.779,138.823,138.509,138.762,15895.0,16,0.0
2022-06-02 16:00:00,138.761,139.442,138.733,139.441,21000.0,16,0.0
2022-06-02 20:00:00,139.441,139.601,139.438,139.579,7020.0,16,0.0
2022-06-03 00:00:00,139.555,139.779,139.483,139.61,7405.0,16,0.0
2022-06-03 04:00:00,139.61,139.739,139.472,139.54,9730.0,16,0.0
2022-06-03 08:00:00,139.54,139.851,139.532,139.768,11322.0,16,0.0
2022-06-03 12:00:00,139.768,139.934,139.546,139.843,16687.0,16,0.0
2022-06-03 16:00:00,139.843,140.352,139.839,140.345,19601.0,16,0.0
2022-06-03 20:00:00,140.345,140.37,140.161,140.196,6621.0,16,0.0
2022-06-06 00:00:00,140.201,140.362,140.114,140.206,10290.0,16,0.0
2022-06-06 04:00:00,140.206,140.207,139.843,140.17,11261.0,16,0.0
2022-06-06 08:00:00,140.169,140.626,139.919,140.573,16711.0,16,0.0
2022-06-06 12:00:00,140.573,140.608,140.091,140.245,12456.0,16,0.0
2022-06-06 16:00:00,140.246,140.901,140.133,140.897,18374.0,16,0.0
2022-06-06 20:00:00,140.897,141.126,140.868,141.045,9367.0,16,0.0
2022-06-07 00:00:00,141.039,141.423,140.912,141.274,11108.0,16,0.0
2022-06-07 04:00:00,141.282,142.058,141.276,142.023,16685.0,16,0.0
2022-06-07 08:00:00,142.023,142.034,141.689,141.766,22481.0,16,0.0
2022-06-07 12:00:00,141.767,141.874,141.436,141.504,17169.0,16,0.0
2022-06-07 16:00:00,141.504,141.956,141.38,141.888,20437.0,16,0.0
2022-06-07 20:00:00,141.89,142.062,141.73,141.979,8831.0,16,0.0
2022-06-08 00:00:00,141.951,142.337,141.838,142.294,7977.0,16,0.0
2022-06-08 04:00:00,142.295,142.362,142.001,142.298,14034.0,16,0.0
2022-06-08 08:00:00,142.296,142.98,142.143,142.929,19936.0,16,0.0
2022-06-08 12:00:00,142.929,144.22,142.746,144.119,22415.0,16,0.0
2022-06-08 16:00:00,144.12,144.255,143.503,143.823,25441.0,16,0.0
2022-06-08 20:00:00,143.824,143.904,143.585,143.857,10478.0,16,0.0
2022-06-09 00:00:00,143.82,144.187,143.693,143.841,10658.0,16,0.0
2022-06-09 04:00:00,143.841,144.073,143.629,143.927,13926.0,16,0.0
2022-06-09 08:00:00,143.925,143.925,142.709,143.208,21413.0,16,0.0
2022-06-09 12:00:00,143.209,144.088,142.634,143.616,26875.0,16,0.0
2022-06-09 16:00:00,143.615,143.683,142.565,142.912,30696.0,16,0.0
2022-06-09 20:00:00,142.913,142.916,142.348,142.68,12110.0,16,0.0
2022-06-10 00:00:00,142.64,142.792,142.279,142.369,9751.0,16,0.0
2022-06-10 04:00:00,142.37,142.697,142.314,142.674,11618.0,16,0.0
2022-06-10 08:00:00,142.674,142.693,141.834,142.088,22010.0,16,0.0
2022-06-10 12:00:00,142.088,142.141,140.848,140.96,22139.0,16,0.0
2022-06-10 16:00:00,140.963,141.429,140.803,141.252,28779.0,16,0.0
2022-06-10 20:00:00,141.252,141.461,141.192,141.263,12912.0,16,0.0
2022-06-13 00:00:00,141.192,141.706,141.192,141.509,15309.0,16,0.0
2022-06-13 04:00:00,141.509,141.781,141.22,141.654,17481.0,16,0.0
2022-06-13 08:00:00,141.653,141.737,140.541,140.717,28067.0,16,0.0
2022-06-13 12:00:00,140.719,140.899,140.155,140.283,24223.0,16,0.0
2022-06-13 16:00:00,140.288,140.32,139.389,140.056,30009.0,16,0.0
2022-06-13 20:00:00,140.057,140.292,139.823,139.88,20421.0,16,0.0
2022-06-14 00:00:00,139.885,139.987,139.487,139.824,12632.0,16,0.0
2022-06-14 04:00:00,139.824,140.577,139.485,140.316,23500.0,16,0.0
2022-06-14 08:00:00,140.316,140.783,140.292,140.439,27311.0,16,0.0
2022-06-14 12:00:00,140.439,140.767,139.881,140.624,26188.0,16,0.0
2022-06-14 16:00:00,140.622,140.764,140.028,140.656,30295.0,16,0.0
2022-06-14 20:00:00,140.656,141.087,140.471,141.082,17131.0,16,0.0
2022-06-15 00:00:00,141.062,141.266,140.707,140.892,12887.0,16,0.0
2022-06-15 04:00:00,140.892,141.29,140.802,140.837,16617.0,16,0.0
2022-06-15 08:00:00,140.838,141.495,140.61,141.18,33613.0,16,0.0
2022-06-15 12:00:00,141.175,141.239,140.144,140.291,30614.0,16,0.0
2022-06-15 16:00:00,140.285,140.416,139.583,139.613,24790.0,16,0.0
2022-06-15 20:00:00,139.612,140.141,139.534,139.762,34542.0,16,0.0
2022-06-16 00:00:00,139.732,140.51,139.601,140.325,12971.0,16,0.0
2022-06-16 04:00:00,140.325,140.606,140.136,140.304,15314.0,16,0.0
2022-06-16 08:00:00,140.304,140.317,138.563,138.685,28387.0,16,0.0
2022-06-16 12:00:00,138.676,138.767,137.841,138.48,39818.0,16,0.0
2022-06-16 16:00:00,138.48,139.376,138.394,139.195,37445.0,16,0.0
2022-06-16 20:00:00,139.194,139.959,139.123,139.502,19750.0,16,0.0
2022-06-17 00:00:00,139.47,140.477,139.331,140.423,17276.0,16,0.0
2022-06-17 04:00:00,140.42,141.73,139.341,140.904,29960.0,16,0.0
2022-06-17 08:00:00,140.897,141.571,140.66,141.515,33627.0,16,0.0
2022-06-17 12:00:00,141.515,141.973,141.041,141.238,30095.0,16,0.0
2022-06-17 16:00:00,141.238,141.753,141.014,141.457,31784.0,16,0.0
2022-06-17 20:00:00,141.457,141.725,141.402,141.603,16472.0,16,0.0
2022-06-20 00:00:00,141.43,142.062,141.423,141.849,14765.0,16,0.0
2022-06-20 04:00:00,141.847,142.071,141.444,142.015,22385.0,16,0.0
2022-06-20 08:00:00,142.015,142.225,141.503,141.834,24217.0,16,0.0
2022-06-20 12:00:00,141.834,142.125,141.82,141.918,16427.0,16,0.0
2022-06-20 16:00:00,141.918,142.356,141.886,142.131,14205.0,16,0.0
2022-06-20 20:00:00,142.131,142.131,141.855,141.986,4056.0,16,0.0
2022-06-21 00:00:00,141.938,142.328,141.826,142.297,12285.0,16,0.0
2022-06-21 04:00:00,142.296,142.437,142.058,142.178,14275.0,16,0.0
2022-06-21 08:00:00,142.178,143.147,141.951,143.138,20530.0,16,0.0
2022-06-21 12:00:00,143.136,143.89,142.882,143.754,22717.0,16,0.0
2022-06-21 16:00:00,143.754,143.884,143.473,143.674,22563.0,16,0.0
2022-06-21 20:00:00,143.676,143.974,143.594,143.953,10460.0,16,0.0
2022-06-22 00:00:00,143.945,143.996,143.352,143.411,12139.0,16,0.0
2022-06-22 04:00:00,143.412,143.413,142.937,142.988,18373.0,16,0.0
2022-06-22 08:00:00,142.981,143.434,142.672,143.176,25619.0,16,0.0
2022-06-22 12:00:00,143.174,143.396,142.787,143.009,25103.0,16,0.0
2022-06-22 16:00:00,143.01,144.147,143.002,144.069,29161.0,16,0.0
2022-06-22 20:00:00,144.071,144.247,143.871,143.948,10893.0,16,0.0
2022-06-23 00:00:00,143.93,143.987,143.519,143.89,12082.0,16,0.0
2022-06-23 04:00:00,143.891,143.891,142.86,143.124,22534.0,16,0.0
2022-06-23 08:00:00,143.124,143.675,141.887,142.121,27750.0,16,0.0
2022-06-23 12:00:00,142.12,142.615,141.721,141.761,25916.0,16,0.0
2022-06-23 16:00:00,141.768,141.94,141.399,141.621,35448.0,16,0.0
2022-06-23 20:00:00,141.615,142.165,141.575,141.973,14230.0,16,0.0
2022-06-24 00:00:00,141.968,142.236,141.684,142.099,10713.0,16,0.0
2022-06-24 04:00:00,142.098,142.122,141.743,142.074,15225.0,16,0.0
2022-06-24 08:00:00,142.074,142.344,141.404,142.261,22187.0,16,0.0
2022-06-24 12:00:00,142.261,142.598,142.104,142.201,21016.0,16,0.0
2022-06-24 16:00:00,142.199,142.714,142.077,142.554,27135.0,16,0.0
2022-06-24 20:00:00,142.553,142.772,142.481,142.666,10136.0,16,0.0
2022-06-27 00:00:00,142.506,142.975,142.031,142.117,12467.0,16,0.0
2022-06-27 04:00:00,142.118,142.497,142.071,142.311,18732.0,16,0.0
2022-06-27 08:00:00,142.311,143.054,142.275,142.857,20346.0,16,0.0
2022-06-27 12:00:00,142.861,143.317,142.807,143.112,20083.0,16,0.0
2022-06-27 16:00:00,143.121,143.481,142.863,143.443,23474.0,16,0.0
2022-06-27 20:00:00,143.442,143.467,143.266,143.349,10555.0,16,0.0
2022-06-28 00:00:00,143.335,143.454,143.097,143.248,9065.0,16,0.0
2022-06-28 04:00:00,143.248,143.343,142.866,143.13,15760.0,6,0.0
2022-06-28 08:00:00,143.133,143.885,143.084,143.714,24324.0,16,0.0
2022-06-28 12:00:00,143.708,144.273,143.529,143.599,33518.0,16,0.0
2022-06-28 16:00:00,143.597,143.597,143.095,143.326,38638.0,16,0.0
2022-06-28 20:00:00,143.324,143.507,143.215,143.242,17228.0,16,0.0
2022-06-29 00:00:00,143.216,143.411,143.019,143.09,15755.0,16,0.0
2022-06-29 04:00:00,143.09,143.475,142.785,142.903,25195.0,16,0.0
2022-06-29 08:00:00,142.905,143.202,142.489,143.127,46204.0,16,0.0
2022-06-29 12:00:00,143.128,143.803,143.12,143.686,39287.0,16,0.0
2022-06-29 16:00:00,143.685,143.858,142.647,142.681,45060.0,16,0.0
2022-06-29 20:00:00,142.681,142.748,142.485,142.627,15095.0,16,0.0
2022-06-30 00:00:00,142.585,142.841,142.442,142.626,19133.0,16,0.0
2022-06-30 04:00:00,142.626,142.861,142.556,142.701,21274.0,16,0.0
2022-06-30 08:00:00,142.701,142.731,141.844,142.245,45397.0,16,0.0
2022-06-30 12:00:00,142.244,142.294,141.374,141.561,39654.0,16,0.0
2022-06-30 16:00:00,141.558,142.234,141.391,142.215,46803.0,16,0.0
2022-06-30 20:00:00,142.214,142.324,141.97,142.299,16592.0,16,0.0
2022-07-01 00:00:00,142.267,142.431,142.127,142.369,14065.0,16,0.0
2022-07-01 04:00:00,142.368,142.377,141.022,141.218,31760.0,16,0.0
2022-07-01 08:00:00,141.22,141.874,140.827,141.727,43965.0,16,0.0
2022-07-01 12:00:00,141.726,141.924,140.714,140.776,40338.0,16,0.0
2022-07-01 16:00:00,140.777,141.049,139.786,140.708,56181.0,16,0.0
2022-07-01 20:00:00,140.707,141.129,140.614,140.947,15539.0,16,0.0
2022-07-04 00:00:00,140.858,141.186,140.714,140.773,20299.0,16,0.0
2022-07-04 04:00:00,140.773,140.983,140.608,140.897,22645.0,16,0.0
2022-07-04 08:00:00,140.898,141.417,140.88,141.241,33135.0,16,0.0
2022-07-04 12:00:00,141.242,141.665,141.238,141.512,28613.0,16,0.0
2022-07-04 16:00:00,141.511,141.655,141.349,141.447,17119.0,16,0.0
2022-07-04 20:00:00,141.447,141.485,141.376,141.418,4325.0,16,0.0
2022-07-05 00:00:00,141.379,142.033,141.009,141.947,19080.0,16,0.0
2022-07-05 04:00:00,141.947,142.318,141.839,142.211,23271.0,16,0.0
2022-07-05 08:00:00,142.208,142.371,139.819,140.017,45694.0,16,0.0
2022-07-05 12:00:00,140.019,140.209,139.549,139.813,51612.0,16,0.0
2022-07-05 16:00:00,139.813,139.838,138.946,139.068,58245.0,11,0.0
2022-07-05 20:00:00,139.07,139.566,139.005,139.457,21132.0,16,0.0
2022-07-06 00:00:00,139.443,139.483,138.924,139.268,19077.0,16,0.0
2022-07-06 04:00:00,139.268,139.282,138.596,138.68,33622.0,16,0.0
2022-07-06 08:00:00,138.68,139.371,138.248,138.516,53430.0,16,0.0
2022-07-06 12:00:00,138.515,138.583,137.267,137.677,52987.0,16,0.0
2022-07-06 16:00:00,137.676,138.395,137.565,138.097,60057.0,16,0.0
2022-07-06 20:00:00,138.098,138.489,138.09,138.408,27895.0,16,0.0
2022-07-07 00:00:00,138.397,138.607,138.234,138.306,17621.0,16,0.0
2022-07-07 04:00:00,138.306,138.623,138.067,138.417,26144.0,16,0.0
2022-07-07 08:00:00,138.418,139.07,138.228,138.826,41817.0,16,0.0
2022-07-07 12:00:00,138.818,138.996,138.074,138.224,44988.0,16,0.0
2022-07-07 16:00:00,138.225,138.437,137.994,138.145,38121.0,16,0.0
2022-07-07 20:00:00,138.145,138.329,137.986,138.171,10224.0,16,0.0
2022-07-08 00:00:00,138.163,138.62,138.097,138.494,11896.0,16,0.0
2022-07-08 04:00:00,138.494,138.555,137.484,137.567,42755.0,16,0.0
2022-07-08 08:00:00,137.567,138.067,136.864,137.273,47735.0,16,0.0
2022-07-08 12:00:00,137.273,138.374,137.159,138.371,47952.0,16,0.0
2022-07-08 16:00:00,138.371,138.715,138.062,138.45,50621.0,16,0.0
2022-07-08 20:00:00,138.451,138.609,138.38,138.602,10019.0,16,0.0
2022-07-11 00:00:00,138.397,138.692,138.345,138.567,18114.0,16,0.0
2022-07-11 04:00:00,138.564,139.171,138.483,139.059,31543.0,16,0.0
2022-07-11 08:00:00,139.06,139.131,138.245,138.595,39255.0,16,0.0
2022-07-11 12:00:00,138.593,138.838,138.331,138.705,34068.0,16,0.0
2022-07-11 16:00:00,138.704,138.781,138.197,138.276,43727.0,16,0.0
2022-07-11 20:00:00,138.275,138.349,137.882,137.944,15564.0,16,0.0
2022-07-12 00:00:00,137.929,138.076,137.7,137.777,19986.0,16,0.0
2022-07-12 04:00:00,137.774,137.84,137.281,137.499,33233.0,16,0.0
2022-07-12 08:00:00,137.499,138.002,137.23,137.35,49941.0,16,0.0
2022-07-12 12:00:00,137.351,137.599,137.024,137.392,50195.0,16,0.0
2022-07-12 16:00:00,137.394,137.696,137.145,137.53,40949.0,16,0.0
2022-07-12 20:00:00,137.532,137.601,137.245,137.369,16064.0,16,0.0
2022-07-13 00:00:00,137.335,137.476,137.125,137.347,18104.0,16,0.0
2022-07-13 04:00:00,137.348,137.743,137.341,137.535,20273.0,16,0.0
2022-07-13 08:00:00,137.536,137.962,137.223,137.663,39177.0,16,0.0
2022-07-13 12:00:00,137.663,138.4,137.55,137.867,44897.0,16,0.0
2022-07-13 16:00:00,137.863,138.798,137.647,138.348,67550.0,16,0.0
2022-07-13 20:00:00,138.351,138.37,138.084,138.213,24460.0,16,0.0
2022-07-14 00:00:00,138.188,138.328,137.992,138.22,15756.0,16,0.0
2022-07-14 04:00:00,138.225,138.625,138.1,138.563,31615.0,16,0.0
2022-07-14 08:00:00,138.564,139.772,138.552,139.363,44951.0,16,0.0
2022-07-14 12:00:00,139.361,139.537,138.897,139.175,46698.0,16,0.0
2022-07-14 16:00:00,139.175,139.601,138.561,138.823,57976.0,16,0.0
2022-07-14 20:00:00,138.824,139.39,138.754,139.2,24372.0,16,0.0
2022-07-15 00:00:00,139.185,139.436,139.009,139.132,13667.0,16,0.0
2022-07-15 04:00:00,139.133,139.532,139.038,139.46,21088.0,16,0.0
2022-07-15 08:00:00,139.46,139.47,138.746,139.25,30653.0,16,0.0
2022-07-15 12:00:00,139.249,139.75,139.191,139.591,32577.0,16,0.0
2022-07-15 16:00:00,139.588,139.89,139.374,139.685,43305.0,16,0.0
2022-07-15 20:00:00,139.686,139.782,139.548,139.71,10596.0,16,0.0
2022-07-18 00:00:00,139.615,139.759,139.433,139.443,10701.0,16,0.0
2022-07-18 04:00:00,139.443,139.879,139.433,139.596,18673.0,16,0.0
2022-07-18 08:00:00,139.596,140.207,139.377,139.912,33154.0,16,0.0
2022-07-18 12:00:00,139.915,140.649,139.844,140.187,28313.0,16,0.0
2022-07-18 16:00:00,140.19,140.798,140.116,140.379,34283.0,16,0.0
2022-07-18 20:00:00,140.379,140.465,140.003,140.11,15434.0,16,0.0
2022-07-19 00:00:00,140.09,140.365,139.966,140.016,19144.0,16,0.0
2022-07-19 04:00:00,140.016,140.176,139.693,139.86,18649.0,16,0.0
2022-07-19 08:00:00,139.86,141.175,139.848,141.083,41107.0,16,0.0
2022-07-19 12:00:00,141.084,141.229,140.698,140.798,35149.0,16,0.0
2022-07-19 16:00:00,140.795,141.397,140.785,141.36,39358.0,16,0.0
2022-07-19 20:00:00,141.36,141.446,141.273,141.297,15845.0,16,0.0
2022-07-20 00:00:00,141.291,141.752,141.212,141.55,13922.0,16,0.0
2022-07-20 04:00:00,141.55,141.578,141.168,141.355,13724.0,16,0.0
2022-07-20 08:00:00,141.355,141.93,141.154,141.454,33856.0,16,0.0
2022-07-20 12:00:00,141.454,141.649,140.6,140.978,37254.0,16,0.0
2022-07-20 16:00:00,140.971,141.342,140.796,140.89,32668.0,16,0.0
2022-07-20 20:00:00,140.888,140.891,140.425,140.747,18082.0,16,0.0
2022-07-21 00:00:00,140.714,141.211,140.586,141.055,17278.0,16,0.0
2022-07-21 04:00:00,141.055,141.399,140.889,141.251,28941.0,16,0.0
2022-07-21 08:00:00,141.251,141.593,140.927,141.312,42733.0,16,0.0
2022-07-21 12:00:00,141.311,142.32,141.135,142.071,49249.0,16,0.0
2022-07-21 16:00:00,142.065,142.165,140.272,140.445,58929.0,16,0.0
2022-07-21 20:00:00,140.445,140.548,140.137,140.476,18957.0,16,0.0
2022-07-22 00:00:00,140.459,140.635,140.03,140.169,20696.0,16,0.0
2022-07-22 04:00:00,140.171,140.402,139.977,140.367,20735.0,16,0.0
2022-07-22 08:00:00,140.366,140.692,139.425,139.746,39030.0,16,0.0
2022-07-22 12:00:00,139.747,139.797,139.119,139.417,43014.0,16,0.0
2022-07-22 16:00:00,139.417,139.423,138.97,139.174,49874.0,16,0.0
2022-07-22 20:00:00,139.175,139.179,138.782,138.985,20350.0,16,0.0
2022-07-25 00:00:00,138.942,139.277,138.775,139.016,19038.0,16,0.0
2022-07-25 04:00:00,139.011,139.166,138.715,139.038,22218.0,16,0.0
2022-07-25 08:00:00,139.037,139.532,138.844,139.441,36557.0,16,0.0
2022-07-25 12:00:00,139.44,139.971,139.313,139.899,31780.0,16,0.0
2022-07-25 16:00:00,139.899,140.078,139.41,139.725,31606.0,16,0.0
2022-07-25 20:00:00,139.724,139.827,139.637,139.665,9961.0,16,0.0
2022-07-26 00:00:00,139.658,139.683,139.333,139.56,11289.0,16,0.0
2022-07-26 04:00:00,139.559,139.778,139.503,139.629,15345.0,16,0.0
2022-07-26 08:00:00,139.629,139.837,139.346,139.384,23229.0,16,0.0
2022-07-26 12:00:00,139.385,139.389,138.218,138.538,31663.0,16,0.0
2022-07-26 16:00:00,138.54,138.632,138.13,138.36,38236.0,16,0.0
2022-07-26 20:00:00,138.358,138.568,138.266,138.521,14606.0,16,0.0
2022-07-27 00:00:00,138.5,139.028,138.453,138.987,13562.0,16,0.0
2022-07-27 04:00:00,138.986,139.081,138.864,139.072,14389.0,16,0.0
2022-07-27 08:00:00,139.072,139.082,138.651,138.742,24161.0,16,0.0
2022-07-27 12:00:00,138.743,139.031,138.434,138.895,24185.0,16,0.0
2022-07-27 16:00:00,138.898,139.046,138.619,138.882,27601.0,16,0.0
2022-07-27 20:00:00,138.883,139.504,138.823,139.301,39899.0,16,0.0
2022-07-28 00:00:00,139.279,139.317,138.658,138.695,17871.0,16,0.0
2022-07-28 04:00:00,138.694,138.706,137.909,138.198,34461.0,16,0.0
2022-07-28 08:00:00,138.198,138.538,138.136,138.253,34326.0,16,0.0
2022-07-28 12:00:00,138.243,138.243,136.851,136.917,42608.0,16,0.0
2022-07-28 16:00:00,136.918,136.951,136.372,136.628,48896.0,16,0.0
2022-07-28 20:00:00,136.628,136.935,136.516,136.839,15208.0,16,0.0
2022-07-29 00:00:00,136.832,137.332,136.802,137.161,19309.0,16,0.0
2022-07-29 04:00:00,137.16,137.264,135.883,136.174,30043.0,16,0.0
2022-07-29 08:00:00,136.173,136.182,135.549,135.93,44604.0,16,0.0
2022-07-29 12:00:00,135.932,136.725,135.805,136.443,36610.0,16,0.0
2022-07-29 16:00:00,136.441,136.603,135.843,135.934,47543.0,16,0.0
2022-07-29 20:00:00,135.933,136.337,135.921,136.202,14607.0,16,0.0
2022-08-01 00:00:00,136.085,136.346,135.704,135.809,18623.0,16,0.0
2022-08-01 04:00:00,135.809,135.87,135.138,135.568,26853.0,16,0.0
2022-08-01 08:00:00,135.568,135.879,135.169,135.727,29135.0,16,0.0
2022-08-01 12:00:00,135.727,135.863,135.139,135.172,32470.0,16,0.0
2022-08-01 16:00:00,135.173,135.631,135.004,135.374,41550.0,16,0.0
2022-08-01 20:00:00,135.375,135.392,134.987,135.013,13447.0,16,0.0
2022-08-02 00:00:00,135.007,135.174,134.312,134.694,25213.0,16,0.0
2022-08-02 04:00:00,134.689,134.692,134.027,134.266,30220.0,16,0.0
2022-08-02 08:00:00,134.265,134.403,133.636,134.018,40173.0,16,0.0
2022-08-02 12:00:00,134.02,134.229,133.399,133.522,29469.0,16,0.0
2022-08-02 16:00:00,133.52,134.962,133.507,134.839,46660.0,16,0.0
2022-08-02 20:00:00,134.839,135.405,134.785,135.342,22371.0,16,0.0
2022-08-03 00:00:00,135.346,135.966,135.131,135.909,22252.0,16,0.0
2022-08-03 04:00:00,135.909,135.996,134.824,135.186,29135.0,16,0.0
2022-08-03 08:00:00,135.186,135.785,135.1,135.701,35633.0,16,0.0
2022-08-03 12:00:00,135.705,136.23,135.43,136.061,29746.0,16,0.0
2022-08-03 16:00:00,136.06,136.422,135.794,136.135,40964.0,16,0.0
2022-08-03 20:00:00,136.135,136.302,136.077,136.109,13036.0,16,0.0
2022-08-04 00:00:00,136.094,136.27,135.76,135.829,13131.0,16,0.0
2022-08-04 04:00:00,135.829,136.199,135.639,135.896,15828.0,16,0.0
2022-08-04 08:00:00,135.896,136.918,135.887,136.874,25837.0,16,0.0
2022-08-04 12:00:00,136.874,136.919,135.654,136.038,34583.0,16,0.0
2022-08-04 16:00:00,136.039,136.356,135.688,136.235,36721.0,16,0.0
2022-08-04 20:00:00,136.236,136.385,136.048,136.218,14411.0,16,0.0
2022-08-05 00:00:00,136.204,136.384,135.796,136.063,17429.0,16,0.0
2022-08-05 04:00:00,136.061,136.499,136.027,136.465,15755.0,16,0.0
2022-08-05 08:00:00,136.463,136.557,136.028,136.059,20657.0,16,0.0
2022-08-05 12:00:00,136.059,137.037,135.91,136.799,27397.0,16,0.0
2022-08-05 16:00:00,136.805,137.759,136.775,137.609,39943.0,16,0.0
2022-08-05 20:00:00,137.612,137.671,137.351,137.433,18497.0,16,0.0
2022-08-08 00:00:00,137.343,137.75,137.165,137.597,16984.0,16,0.0
2022-08-08 04:00:00,137.597,137.872,137.378,137.761,20964.0,16,0.0
2022-08-08 08:00:00,137.762,137.926,137.465,137.72,26549.0,16,0.0
2022-08-08 12:00:00,137.72,137.72,137.262,137.527,23910.0,16,0.0
2022-08-08 16:00:00,137.527,137.663,137.066,137.264,24771.0,16,0.0
2022-08-08 20:00:00,137.264,137.678,137.246,137.632,11533.0,16,0.0
2022-08-09 00:00:00,137.608,137.728,137.351,137.468,11380.0,16,0.0
2022-08-09 04:00:00,137.469,137.692,137.261,137.534,11995.0,16,0.0
2022-08-09 08:00:00,137.534,138.183,137.504,138.14,19364.0,16,0.0
2022-08-09 12:00:00,138.138,138.312,137.917,138.139,22433.0,16,0.0
2022-08-09 16:00:00,138.135,138.303,137.915,137.988,20348.0,16,0.0
2022-08-09 20:00:00,137.988,138.064,137.902,138.013,9128.0,16,0.0
2022-08-10 00:00:00,137.993,138.08,137.873,138.053,10710.0,16,0.0
2022-08-10 04:00:00,138.053,138.09,137.787,137.887,10334.0,16,0.0
2022-08-10 08:00:00,137.889,138.028,137.716,137.994,16932.0,16,0.0
2022-08-10 12:00:00,137.994,138.394,136.9,137.481,28800.0,16,0.0
2022-08-10 16:00:00,137.484,137.622,136.614,136.877,45907.0,16,0.0
2022-08-10 20:00:00,136.877,137.154,136.645,136.849,14368.0,16,0.0
2022-08-11 00:00:00,136.85,136.926,136.59,136.732,14827.0,16,0.0
2022-08-11 04:00:00,136.73,137.083,136.716,136.9,14626.0,16,0.0
2022-08-11 08:00:00,136.9,137.04,136.681,137.035,24985.0,16,0.0
2022-08-11 12:00:00,137.035,137.14,136.295,136.511,29177.0,16,0.0
2022-08-11 16:00:00,136.512,137.271,136.48,137.162,33651.0,16,0.0
2022-08-11 20:00:00,137.164,137.393,137.12,137.284,13987.0,16,0.0
2022-08-12 00:00:00,137.26,137.581,137.172,137.446,12047.0,16,0.0
2022-08-12 04:00:00,137.445,137.615,137.316,137.477,13606.0,16,0.0
2022-08-12 08:00:00,137.477,137.574,137.106,137.258,22826.0,16,0.0
2022-08-12 12:00:00,137.258,137.721,137.192,137.306,25137.0,16,0.0
2022-08-12 16:00:00,137.306,137.425,136.887,137.015,32092.0,16,0.0
2022-08-12 20:00:00,137.015,137.079,136.743,136.929,9052.0,16,0.0
2022-08-15 00:00:00,136.825,137.071,136.454,136.577,14481.0,16,0.0
2022-08-15 04:00:00,136.577,136.732,136.453,136.535,16429.0,16,0.0
2022-08-15 08:00:00,136.539,136.744,136.066,136.13,21527.0,16,0.0
2022-08-15 12:00:00,136.131,136.243,135.278,135.352,27659.0,16,0.0
2022-08-15 16:00:00,135.352,135.712,135.335,135.479,23890.0,16,0.0
2022-08-15 20:00:00,135.479,135.53,135.304,135.407,10356.0,16,0.0
2022-08-16 00:00:00,135.406,135.446,134.948,135.24,16264.0,16,0.0
2022-08-16 04:00:00,135.241,135.641,135.239,135.566,17317.0,16,0.0
2022-08-16 08:00:00,135.567,135.918,135.407,135.795,23515.0,16,0.0
2022-08-16 12:00:00,135.799,136.567,135.654,136.528,27877.0,16,0.0
2022-08-16 16:00:00,136.525,136.917,136.469,136.629,25703.0,16,0.0
2022-08-16 20:00:00,136.63,136.724,136.376,136.518,11781.0,16,0.0
2022-08-17 00:00:00,136.492,136.717,136.385,136.42,11913.0,16,0.0
2022-08-17 04:00:00,136.419,136.598,136.261,136.587,16560.0,16,0.0
2022-08-17 08:00:00,136.586,137.259,136.481,137.155,25955.0,16,0.0
2022-08-17 12:00:00,137.155,137.464,137.007,137.247,25471.0,16,0.0
2022-08-17 16:00:00,137.249,137.878,137.143,137.64,26296.0,16,0.0
2022-08-17 20:00:00,137.641,137.759,137.396,137.444,19291.0,16,0.0
2022-08-18 00:00:00,137.433,137.57,137.261,137.346,9820.0,16,0.0
2022-08-18 04:00:00,137.348,137.506,137.224,137.326,14164.0,16,0.0
2022-08-18 08:00:00,137.325,137.654,137.153,137.468,25841.0,16,0.0
2022-08-18 12:00:00,137.47,137.593,137.097,137.224,24702.0,16,0.0
2022-08-18 16:00:00,137.227,137.243,136.557,136.863,25254.0,16,0.0
2022-08-18 20:00:00,136.859,137.211,136.858,137.054,14635.0,16,0.0
2022-08-19 00:00:00,137.033,137.408,136.938,137.357,12698.0,16,0.0
2022-08-19 04:00:00,137.358,137.438,137.149,137.302,16513.0,16,0.0
2022-08-19 08:00:00,137.304,137.963,137.226,137.687,24720.0,16,0.0
2022-08-19 12:00:00,137.688,137.835,137.401,137.721,25111.0,16,0.0
2022-08-19 16:00:00,137.722,137.864,137.347,137.366,21059.0,16,0.0
2022-08-19 20:00:00,137.367,137.469,137.286,137.453,9186.0,16,0.0
2022-08-22 00:00:00,137.326,137.654,137.249,137.614,12779.0,16,0.0
2022-08-22 04:00:00,137.62,137.945,137.571,137.763,17558.0,16,0.0
2022-08-22 08:00:00,137.763,137.772,136.607,137.124,28967.0,16,0.0
2022-08-22 12:00:00,137.121,137.312,136.843,137.268,25349.0,16,0.0
2022-08-22 16:00:00,137.269,137.29,136.505,136.521,29233.0,16,0.0
2022-08-22 20:00:00,136.521,136.741,136.398,136.703,9647.0,16,0.0
2022-08-23 00:00:00,136.68,136.867,136.411,136.422,12848.0,16,0.0
2022-08-23 04:00:00,136.422,136.605,136.25,136.388,16115.0,16,0.0
2022-08-23 08:00:00,136.387,136.545,135.719,136.282,30591.0,16,0.0
2022-08-23 12:00:00,136.283,136.524,136.211,136.471,21914.0,16,0.0
2022-08-23 16:00:00,136.472,137.061,135.888,136.153,41209.0,16,0.0
2022-08-23 20:00:00,136.151,136.401,136.126,136.284,12718.0,16,0.0
2022-08-24 00:00:00,136.287,136.382,136.221,136.25,13990.0,16,0.0
2022-08-24 04:00:00,136.25,136.321,135.763,135.904,17901.0,16,0.0
2022-08-24 08:00:00,135.904,136.195,135.659,135.725,22827.0,16,0.0
2022-08-24 12:00:00,135.724,135.941,135.517,135.885,27590.0,16,0.0
2022-08-24 16:00:00,135.887,136.787,135.87,136.432,35499.0,16,0.0
2022-08-24 20:00:00,136.432,136.757,136.417,136.677,10519.0,16,0.0
2022-08-25 00:00:00,136.642,136.786,136.482,136.699,13968.0,16,0.0
2022-08-25 04:00:00,136.699,136.725,136.455,136.644,16442.0,16,0.0
2022-08-25 08:00:00,136.645,136.982,136.397,136.574,26875.0,16,0.0
2022-08-25 12:00:00,136.576,136.576,136.016,136.263,25960.0,16,0.0
2022-08-25 16:00:00,136.261,136.656,136.061,136.108,26401.0,16,0.0
2022-08-25 20:00:00,136.108,136.235,136.017,136.104,10061.0,16,0.0
2022-08-26 00:00:00,136.101,136.254,136.085,136.217,8475.0,16,0.0
2022-08-26 04:00:00,136.218,136.362,136.137,136.318,11263.0,16,0.0
2022-08-26 08:00:00,136.317,136.79,136.24,136.763,9514.0,16,0.0
2022-08-26 12:00:00,136.763,137.216,136.752,137.129,24698.0,16,0.0
2022-08-26 16:00:00,137.124,137.974,136.972,137.056,49711.0,16,0.0
2022-08-26 20:00:00,137.055,137.093,136.769,137.022,14417.0,16,0.0
2022-08-29 00:00:00,137.085,137.495,136.996,137.408,17240.0,16,0.0
2022-08-29 04:00:00,137.407,137.734,137.349,137.703,19048.0,16,0.0
2022-08-29 08:00:00,137.704,138.135,137.664,137.848,28349.0,16,0.0
2022-08-29 12:00:00,137.848,138.832,137.807,138.623,27461.0,16,0.0
2022-08-29 16:00:00,138.622,138.943,138.355,138.937,29134.0,16,0.0
2022-08-29 20:00:00,138.932,138.975,138.606,138.657,14893.0,16,0.0
2022-08-30 00:00:00,138.635,138.828,138.529,138.577,9677.0,16,0.0
2022-08-30 04:00:00,138.576,138.624,138.332,138.484,19200.0,16,0.0
2022-08-30 08:00:00,138.483,138.891,138.26,138.62,29777.0,16,0.0
2022-08-30 12:00:00,138.618,138.987,138.433,138.651,25829.0,16,0.0
2022-08-30 16:00:00,138.65,139.215,138.514,139.019,37239.0,16,0.0
2022-08-30 20:00:00,139.02,139.119,138.87,139.006,13091.0,16,0.0
2022-08-31 00:00:00,138.986,139.128,138.897,139.009,11396.0,16,0.0
2022-08-31 04:00:00,139.009,139.095,138.788,139.024,15215.0,16,0.0
2022-08-31 08:00:00,139.024,139.095,138.264,138.289,27250.0,16,0.0
2022-08-31 12:00:00,138.293,138.808,138.293,138.71,30668.0,16,0.0
2022-08-31 16:00:00,138.712,139.678,138.672,139.45,39059.0,16,0.0
2022-08-31 20:00:00,139.449,139.729,139.291,139.687,17380.0,16,0.0
2022-09-01 00:00:00,139.666,139.954,139.603,139.799,17589.0,16,0.0
2022-09-01 04:00:00,139.8,139.998,139.669,139.703,20164.0,16,0.0
2022-09-01 08:00:00,139.699,139.875,139.478,139.73,32556.0,16,0.0
2022-09-01 12:00:00,139.732,139.811,139.236,139.392,28400.0,16,0.0
2022-09-01 16:00:00,139.394,139.49,138.919,139.159,39459.0,16,0.0
2022-09-01 20:00:00,139.159,139.493,139.142,139.441,13651.0,16,0.0
2022-09-02 00:00:00,139.418,139.488,139.258,139.472,10533.0,16,0.0
2022-09-02 04:00:00,139.473,139.894,139.358,139.868,14299.0,16,0.0
2022-09-02 08:00:00,139.869,140.159,139.827,139.952,21843.0,16,0.0
2022-09-02 12:00:00,139.955,140.748,139.938,140.727,28464.0,16,0.0
2022-09-02 16:00:00,140.727,140.748,139.652,139.801,38724.0,16,0.0
2022-09-02 20:00:00,139.802,139.821,139.393,139.564,19651.0,16,0.0
2022-09-05 00:00:00,139.104,139.439,138.943,139.128,17329.0,16,0.0
2022-09-05 04:00:00,139.127,139.177,138.914,139.023,23067.0,16,0.0
2022-09-05 08:00:00,139.022,139.555,138.688,139.29,32004.0,16,0.0
2022-09-05 12:00:00,139.29,139.642,139.229,139.513,23114.0,16,0.0
2022-09-05 16:00:00,139.513,139.628,139.387,139.534,13299.0,16,0.0
2022-09-05 20:00:00,139.535,139.633,139.525,139.573,2687.0,16,0.0
2022-09-06 00:00:00,139.555,139.884,139.501,139.839,17045.0,16,0.0
2022-09-06 04:00:00,139.838,140.198,139.786,140.169,19158.0,16,0.0
2022-09-06 08:00:00,140.169,141.424,140.095,141.097,37166.0,16,0.0
2022-09-06 12:00:00,141.099,141.148,140.64,140.957,32939.0,16,0.0
2022-09-06 16:00:00,140.958,141.76,140.756,141.627,43861.0,16,0.0
2022-09-06 20:00:00,141.629,141.639,141.356,141.433,16714.0,16,0.0
2022-09-07 00:00:00,141.43,142.113,141.315,141.531,20734.0,16,0.0
2022-09-07 04:00:00,141.534,142.657,141.404,142.445,30214.0,16,0.0
2022-09-07 08:00:00,142.446,142.954,142.29,142.72,30717.0,16,0.0
2022-09-07 12:00:00,142.721,143.374,142.608,143.273,33633.0,16,0.0
2022-09-07 16:00:00,143.274,143.965,143.231,143.916,37432.0,16,0.0
2022-09-07 20:00:00,143.917,144.013,143.804,143.848,17188.0,16,0.0
2022-09-08 00:00:00,143.848,144.327,143.767,144.122,13850.0,16,0.0
2022-09-08 04:00:00,144.121,144.121,143.611,143.859,21820.0,16,0.0
2022-09-08 08:00:00,143.859,144.015,143.315,144.01,32535.0,16,0.0
2022-09-08 12:00:00,144.01,144.287,143.349,144.136,36043.0,16,0.0
2022-09-08 16:00:00,144.137,144.137,143.176,143.673,51218.0,16,0.0
2022-09-08 20:00:00,143.673,144.077,143.657,144.077,21258.0,16,0.0
2022-09-09 00:00:00,144.06,144.487,143.893,144.429,14553.0,16,0.0
2022-09-09 04:00:00,144.427,144.722,143.624,143.861,30647.0,16,0.0
2022-09-09 08:00:00,143.861,144.009,143.425,143.481,36326.0,16,0.0
2022-09-09 12:00:00,143.479,143.54,142.637,142.984,38585.0,16,0.0
2022-09-09 16:00:00,142.984,143.437,142.75,143.322,36760.0,16,0.0
2022-09-09 20:00:00,143.322,143.382,143.122,143.263,13335.0,16,0.0
2022-09-12 00:00:00,143.485,143.887,143.382,143.808,13244.0,16,0.0
2022-09-12 04:00:00,143.808,144.347,143.452,144.293,19287.0,16,0.0
2022-09-12 08:00:00,144.294,145.634,144.252,145.424,35836.0,16,0.0
2022-09-12 12:00:00,145.421,145.422,144.396,144.542,31950.0,16,0.0
2022-09-12 16:00:00,144.544,144.581,144.138,144.256,30146.0,16,0.0
2022-09-12 20:00:00,144.257,144.614,144.236,144.554,12268.0,16,0.0
2022-09-13 00:00:00,144.556,144.767,144.285,144.377,12096.0,16,0.0
2022-09-13 04:00:00,144.379,144.579,144.228,144.407,14672.0,16,0.0
2022-09-13 08:00:00,144.403,144.495,144.148,144.452,24439.0,16,0.0
2022-09-13 12:00:00,144.453,145.229,144.033,144.949,33181.0,16,0.0
2022-09-13 16:00:00,144.948,144.975,144.129,144.28,49232.0,16,0.0
2022-09-13 20:00:00,144.281,144.303,144.024,144.056,22171.0,16,0.0
2022-09-14 00:00:00,144.061,144.461,143.775,144.109,20510.0,16,0.0
2022-09-14 04:00:00,144.109,144.478,143.631,143.796,22838.0,16,0.0
2022-09-14 08:00:00,143.793,143.835,142.918,143.218,41913.0,16,0.0
2022-09-14 12:00:00,143.217,143.57,142.893,142.989,41403.0,16,0.0
2022-09-14 16:00:00,142.987,142.994,142.295,142.892,40764.0,16,0.0
2022-09-14 20:00:00,142.891,143.073,142.742,142.849,15551.0,16,0.0
2022-09-15 00:00:00,142.823,142.919,142.564,142.796,13671.0,16,0.0
2022-09-15 04:00:00,142.803,143.122,142.568,143.043,18702.0,16,0.0
2022-09-15 08:00:00,143.043,143.455,143.007,143.327,23992.0,16,0.0
2022-09-15 12:00:00,143.325,143.6,143.02,143.437,32469.0,16,0.0
2022-09-15 16:00:00,143.438,143.602,143.135,143.584,35090.0,16,0.0
2022-09-15 20:00:00,143.585,143.683,143.294,143.429,17247.0,16,0.0
2022-09-16 00:00:00,143.411,143.461,142.939,143.09,13917.0,16,0.0
2022-09-16 04:00:00,143.091,143.483,143.038,143.226,16380.0,16,0.0
2022-09-16 08:00:00,143.224,143.537,142.642,142.719,34786.0,16,0.0
2022-09-16 12:00:00,142.715,143.082,142.507,142.66,26996.0,16,0.0
2022-09-16 16:00:00,142.661,143.428,142.612,143.136,39535.0,16,0.0
2022-09-16 20:00:00,143.136,143.161,142.879,143.136,15180.0,16,0.0
2022-09-19 00:00:00,143.018,143.294,142.99,143.083,10821.0,21,0.0
2022-09-19 04:00:00,143.085,143.252,143.021,143.115,15115.0,16,0.0
2022-09-19 08:00:00,143.115,143.241,142.797,143.124,23732.0,16,0.0
2022-09-19 12:00:00,143.122,143.539,143.009,143.231,29084.0,16,0.0
2022-09-19 16:00:00,143.233,143.524,143.086,143.408,29236.0,16,0.0
2022-09-19 20:00:00,143.407,143.613,143.317,143.546,16467.0,16,0.0
2022-09-20 00:00:00,143.532,143.785,143.469,143.681,16267.0,16,0.0
2022-09-20 04:00:00,143.681,143.716,143.43,143.618,19009.0,16,0.0
2022-09-20 08:00:00,143.618,144.04,143.518,143.801,31050.0,16,0.0
2022-09-20 12:00:00,143.8,144.017,143.017,143.265,29825.0,16,0.0
2022-09-20 16:00:00,143.264,143.699,143.199,143.312,32495.0,16,0.0
2022-09-20 20:00:00,143.313,143.375,143.048,143.274,19936.0,16,0.0
2022-09-21 00:00:00,143.277,143.33,143.017,143.21,18106.0,16,0.0
2022-09-21 04:00:00,143.212,143.511,143.175,143.477,22693.0,16,0.0
2022-09-21 08:00:00,143.477,143.595,141.923,142.365,46452.0,16,0.0
2022-09-21 12:00:00,142.365,143.0,142.346,142.763,30782.0,16,0.0
2022-09-21 16:00:00,142.763,142.809,142.231,142.543,32359.0,16,0.0
2022-09-21 20:00:00,142.54,142.587,141.641,141.711,49060.0,16,0.0
2022-09-22 00:00:00,141.707,142.126,141.503,141.766,22627.0,16,0.0
2022-09-22 04:00:00,141.767,142.651,141.109,142.335,38816.0,16,0.0
2022-09-22 08:00:00,142.335,143.7,139.249,140.373,62911.0,16,0.0
2022-09-22 12:00:00,140.372,141.371,138.709,138.991,64524.0,16,0.0
2022-09-22 16:00:00,138.991,140.243,138.987,140.086,56530.0,16,0.0
2022-09-22 20:00:00,140.085,140.155,139.907,140.02,25216.0,16,0.0
2022-09-23 00:00:00,140.01,140.252,139.879,139.888,15650.0,16,0.0
2022-09-23 04:00:00,139.888,139.934,139.504,139.772,22812.0,16,0.0
2022-09-23 08:00:00,139.771,139.862,138.904,139.34,37609.0,16,0.0
2022-09-23 12:00:00,139.342,139.732,138.916,139.46,53749.0,16,0.0
2022-09-23 16:00:00,139.46,139.623,138.931,138.996,43839.0,16,0.0
2022-09-23 20:00:00,138.997,139.163,138.667,138.874,23071.0,16,0.0
2022-09-26 00:00:00,138.857,139.212,137.318,137.601,26948.0,16,0.0
2022-09-26 04:00:00,137.604,139.091,137.477,138.806,41624.0,16,0.0
2022-09-26 08:00:00,138.804,139.385,138.316,139.302,50727.0,16,0.0
2022-09-26 12:00:00,139.302,139.444,138.794,139.126,45517.0,16,0.0
2022-09-26 16:00:00,139.126,139.52,138.843,139.074,50930.0,16,0.0
2022-09-26 20:00:00,139.072,139.157,138.864,139.049,25716.0,16,0.0
2022-09-27 00:00:00,139.021,139.244,138.696,139.157,25005.0,16,0.0
2022-09-27 04:00:00,139.157,139.301,139.07,139.276,29083.0,16,0.0
2022-09-27 08:00:00,139.276,139.545,138.828,138.961,41900.0,16,0.0
2022-09-27 12:00:00,138.96,139.392,138.717,139.245,38172.0,16,0.0
2022-09-27 16:00:00,139.243,139.411,138.612,138.751,52135.0,16,0.0
2022-09-27 20:00:00,138.746,139.02,138.669,138.925,21738.0,16,0.0
2022-09-28 00:00:00,138.891,138.959,138.474,138.551,15832.0,16,0.0
2022-09-28 04:00:00,138.549,138.57,138.056,138.171,32872.0,16,0.0
2022-09-28 08:00:00,138.168,138.662,138.089,138.289,45318.0,16,0.0
2022-09-28 12:00:00,138.291,138.791,138.058,138.594,61525.0,16,0.0
2022-09-28 16:00:00,138.59,139.971,138.366,139.919,55753.0,16,0.0
2022-09-28 20:00:00,139.92,140.398,139.887,140.299,23014.0,16,0.0
2022-09-29 00:00:00,140.279,140.334,139.785,139.785,22363.0,16,0.0
2022-09-29 04:00:00,139.787,140.022,139.588,139.952,28662.0,16,0.0
2022-09-29 08:00:00,139.952,139.971,139.365,139.918,48446.0,16,0.0
2022-09-29 12:00:00,139.918,140.988,139.874,140.199,49743.0,16,0.0
2022-09-29 16:00:00,140.2,141.465,140.185,141.28,51680.0,16,0.0
2022-09-29 20:00:00,141.275,141.741,141.217,141.727,23031.0,16,0.0
2022-09-30 00:00:00,141.724,142.288,141.671,142.143,22803.0,16,0.0
2022-09-30 04:00:00,142.142,142.199,141.623,141.694,28647.0,16,0.0
2022-09-30 08:00:00,141.695,142.199,141.455,141.858,44262.0,16,0.0
2022-09-30 12:00:00,141.859,141.936,140.758,140.981,44512.0,16,0.0
2022-09-30 16:00:00,140.981,141.97,140.786,141.674,48630.0,16,0.0
2022-09-30 20:00:00,141.671,142.08,141.59,141.799,22865.0,16,0.0
2022-10-03 00:00:00,141.778,141.968,141.517,141.908,19944.0,16,0.0
2022-10-03 04:00:00,141.908,142.354,141.723,141.835,31524.0,16,0.0
2022-10-03 08:00:00,141.837,142.462,141.798,142.299,45029.0,16,0.0
2022-10-03 12:00:00,142.3,142.333,141.372,141.529,36265.0,16,0.0
2022-10-03 16:00:00,141.529,142.031,141.415,141.738,46880.0,16,0.0
2022-10-03 20:00:00,141.738,142.215,141.585,142.008,21032.0,16,0.0
2022-10-04 00:00:00,141.999,142.199,141.956,142.182,17734.0,16,0.0
2022-10-04 04:00:00,142.177,142.497,142.075,142.386,28570.0,16,0.0
2022-10-04 08:00:00,142.386,143.116,142.318,142.931,40953.0,16,0.0
2022-10-04 12:00:00,142.931,143.723,142.663,143.614,41667.0,16,0.0
2022-10-04 16:00:00,143.613,144.078,143.437,143.8,43492.0,16,0.0
2022-10-04 20:00:00,143.799,143.972,143.617,143.942,24464.0,16,0.0
2022-10-05 00:00:00,143.913,143.997,143.372,143.508,17114.0,16,0.0
2022-10-05 04:00:00,143.502,143.92,143.493,143.649,33625.0,16,0.0
2022-10-05 08:00:00,143.648,144.089,143.386,143.609,37326.0,16,0.0
2022-10-05 12:00:00,143.608,143.672,142.938,143.194,34520.0,16,0.0
2022-10-05 16:00:00,143.191,143.232,142.437,142.76,44559.0,16,0.0
2022-10-05 20:00:00,142.761,143.014,142.728,143.008,21023.0,16,0.0
2022-10-06 00:00:00,142.944,143.42,142.772,143.39,19456.0,16,0.0
2022-10-06 04:00:00,143.391,143.457,143.267,143.376,23799.0,16,0.0
2022-10-06 08:00:00,143.375,143.431,142.912,143.039,36217.0,16,0.0
2022-10-06 12:00:00,143.039,143.291,142.618,142.837,37319.0,16,0.0
2022-10-06 16:00:00,142.84,142.867,141.955,142.079,49377.0,16,0.0
2022-10-06 20:00:00,142.076,142.311,142.029,142.094,24451.0,16,0.0
2022-10-07 00:00:00,142.084,142.117,141.893,141.955,17210.0,16,0.0
2022-10-07 04:00:00,141.958,142.216,141.927,142.012,21963.0,16,0.0
2022-10-07 08:00:00,142.013,142.178,141.683,141.967,33316.0,16,0.0
2022-10-07 12:00:00,141.968,142.115,141.178,141.456,35103.0,16,0.0
2022-10-07 16:00:00,141.455,142.139,141.399,141.804,49701.0,16,0.0
2022-10-07 20:00:00,141.807,141.943,141.484,141.624,17203.0,16,0.0
2022-10-10 00:00:00,141.426,141.733,141.392,141.681,16958.0,16,0.0
2022-10-10 04:00:00,141.68,141.801,141.584,141.664,17283.0,16,0.0
2022-10-10 08:00:00,141.663,141.68,140.898,140.976,31265.0,16,0.0
2022-10-10 12:00:00,140.976,141.442,140.976,141.359,27382.0,16,0.0
2022-10-10 16:00:00,141.357,141.81,141.139,141.281,34459.0,16,0.0
2022-10-10 20:00:00,141.281,141.587,141.205,141.401,21374.0,16,0.0
2022-10-11 00:00:00,141.372,141.688,141.284,141.592,17172.0,16,0.0
2022-10-11 04:00:00,141.591,141.643,140.974,141.075,26010.0,16,0.0
2022-10-11 08:00:00,141.073,141.571,141.04,141.43,33408.0,16,0.0
2022-10-11 12:00:00,141.43,141.748,141.255,141.57,31926.0,16,0.0
2022-10-11 16:00:00,141.57,142.187,141.272,142.151,40249.0,16,0.0
2022-10-11 20:00:00,142.153,142.198,141.433,141.51,29684.0,16,0.0
2022-10-12 00:00:00,141.493,141.839,141.399,141.792,20492.0,16,0.0
2022-10-12 04:00:00,141.792,142.158,141.628,142.041,32007.0,16,0.0
2022-10-12 08:00:00,142.043,142.224,141.746,141.957,39059.0,16,0.0
2022-10-12 12:00:00,141.96,142.478,141.952,142.41,33532.0,16,0.0
2022-10-12 16:00:00,142.414,142.633,142.005,142.305,35812.0,16,0.0
2022-10-12 20:00:00,142.304,142.603,142.248,142.535,20147.0,16,0.0
2022-10-13 00:00:00,142.505,142.659,142.356,142.593,11899.0,16,0.0
2022-10-13 04:00:00,142.591,142.617,142.349,142.488,16777.0,16,0.0
2022-10-13 08:00:00,142.489,142.633,142.196,142.63,22487.0,16,0.0
2022-10-13 12:00:00,142.627,143.032,141.833,142.4,39726.0,16,0.0
2022-10-13 16:00:00,142.401,144.04,141.732,143.891,68088.0,6,0.0
2022-10-13 20:00:00,143.892,144.09,143.827,143.944,25938.0,16,0.0
2022-10-14 00:00:00,143.91,144.049,143.784,143.923,16194.0,16,0.0
2022-10-14 04:00:00,143.922,144.338,143.866,144.215,23096.0,16,0.0
2022-10-14 08:00:00,144.216,144.415,143.839,143.999,33833.0,16,0.0
2022-10-14 12:00:00,143.999,144.403,143.472,144.349,41929.0,16,0.0
2022-10-14 16:00:00,144.348,144.84,143.81,144.642,54117.0,16,0.0
2022-10-14 20:00:00,144.64,144.767,144.468,144.59,19116.0,16,0.0
2022-10-17 00:00:00,144.438,144.839,144.291,144.769,18881.0,16,0.0
2022-10-17 04:00:00,144.77,144.905,144.687,144.877,18563.0,16,0.0
2022-10-17 08:00:00,144.878,145.066,144.585,144.825,31857.0,16,0.0
2022-10-17 12:00:00,144.824,145.428,144.803,145.352,27614.0,16,0.0
2022-10-17 16:00:00,145.351,146.55,145.321,146.432,31900.0,16,0.0
2022-10-17 20:00:00,146.433,146.7,146.402,146.684,16619.0,16,0.0
2022-10-18 00:00:00,146.653,146.735,146.383,146.405,13934.0,16,0.0
2022-10-18 04:00:00,146.405,146.788,146.232,146.66,19776.0,16,0.0
2022-10-18 08:00:00,146.661,146.991,146.503,146.713,28871.0,16,0.0
2022-10-18 12:00:00,146.714,146.848,145.82,146.817,32657.0,16,0.0
2022-10-18 16:00:00,146.817,147.122,146.506,147.035,38147.0,16,0.0
2022-10-18 20:00:00,147.034,147.198,146.905,147.115,22364.0,16,0.0
2022-10-19 00:00:00,147.094,147.253,146.993,147.106,13402.0,16,0.0
2022-10-19 04:00:00,147.106,147.129,146.841,146.905,15041.0,16,0.0
2022-10-19 08:00:00,146.904,146.988,146.606,146.684,30881.0,16,0.0
2022-10-19 12:00:00,146.684,146.808,146.071,146.44,33202.0,16,0.0
2022-10-19 16:00:00,146.443,146.698,146.27,146.332,31427.0,16,0.0
2022-10-19 20:00:00,146.331,146.544,146.243,146.473,16177.0,16,0.0
2022-10-20 00:00:00,146.469,146.476,146.228,146.401,13041.0,16,0.0
2022-10-20 04:00:00,146.396,146.662,146.251,146.584,19307.0,16,0.0
2022-10-20 08:00:00,146.582,146.866,146.343,146.671,32623.0,16,0.0
2022-10-20 12:00:00,146.67,147.253,146.419,146.946,34099.0,16,0.0
2022-10-20 16:00:00,146.946,147.299,146.585,146.957,36245.0,16,0.0
2022-10-20 20:00:00,146.958,147.018,146.7,146.962,19377.0,16,0.0
2022-10-21 00:00:00,146.929,146.943,146.706,146.718,13919.0,16,0.0
2022-10-21 04:00:00,146.717,146.993,146.674,146.945,15189.0,16,0.0
2022-10-21 08:00:00,146.945,147.464,146.83,147.257,29750.0,16,0.0
2022-10-21 12:00:00,147.258,147.919,146.948,147.803,36911.0,16,0.0
2022-10-21 16:00:00,147.795,148.403,143.868,144.872,83821.0,16,0.0
2022-10-21 20:00:00,144.875,145.992,144.572,145.508,39700.0,16,0.0
2022-10-24 00:00:00,145.698,147.368,143.676,146.477,38746.0,0,0.0
2022-10-24 04:00:00,146.483,146.651,146.159,146.636,29156.0,16,0.0
2022-10-24 08:00:00,146.629,146.98,146.486,146.859,42111.0,16,0.0
2022-10-24 12:00:00,146.86,146.914,145.902,146.73,38543.0,16,0.0
2022-10-24 16:00:00,146.733,147.181,146.604,147.03,46118.0,16,0.0
2022-10-24 20:00:00,147.03,147.235,146.957,147.119,15173.0,16,0.0
2022-10-25 00:00:00,147.097,147.412,146.838,147.399,18346.0,16,0.0
2022-10-25 04:00:00,147.399,147.412,147.032,147.089,19864.0,16,0.0
2022-10-25 08:00:00,147.089,147.114,146.689,146.744,23819.0,16,0.0
2022-10-25 12:00:00,146.746,147.028,146.626,146.907,24175.0,16,0.0
2022-10-25 16:00:00,146.907,147.462,146.897,147.348,46063.0,16,0.0
2022-10-25 20:00:00,147.348,147.489,147.316,147.436,18521.0,16,0.0
2022-10-26 00:00:00,147.414,147.704,147.332,147.353,18498.0,16,0.0
2022-10-26 04:00:00,147.352,147.667,147.344,147.587,15330.0,16,0.0
2022-10-26 08:00:00,147.587,147.698,147.188,147.556,37438.0,16,0.0
2022-10-26 12:00:00,147.555,147.625,147.104,147.349,36762.0,7,0.0
2022-10-26 16:00:00,147.348,147.629,146.957,147.543,46697.0,16,0.0
2022-10-26 20:00:00,147.543,147.607,147.375,147.587,21900.0,16,0.0
2022-10-27 00:00:00,147.564,147.698,147.159,147.205,23334.0,16,0.0
2022-10-27 04:00:00,147.207,147.338,146.835,146.847,21770.0,16,0.0
2022-10-27 08:00:00,146.844,146.9,146.275,146.827,36039.0,16,0.0
2022-10-27 12:00:00,146.828,147.423,146.549,146.624,42122.0,16,0.0
2022-10-27 16:00:00,146.625,146.743,145.556,145.801,53605.0,16,0.0
2022-10-27 20:00:00,145.8,145.917,145.592,145.736,21474.0,16,0.0
2022-10-28 00:00:00,145.72,146.159,145.487,146.117,17323.0,16,0.0
2022-10-28 04:00:00,146.12,146.594,145.837,146.053,27328.0,16,0.0
2022-10-28 08:00:00,146.053,146.789,145.86,146.563,40931.0,16,0.0
2022-10-28 12:00:00,146.575,147.34,146.558,147.26,37455.0,16,0.0
2022-10-28 16:00:00,147.259,147.364,146.571,146.805,39179.0,16,0.0
2022-10-28 20:00:00,146.806,146.99,146.71,146.892,14728.0,16,0.0
2022-10-31 00:00:00,147.085,147.674,146.784,147.329,23585.0,16,0.0
2022-10-31 04:00:00,147.329,147.454,147.083,147.144,11692.0,16,0.0
2022-10-31 08:00:00,147.142,147.677,146.893,147.602,26637.0,16,0.0
2022-10-31 12:00:00,147.607,147.754,147.093,147.12,31960.0,16,0.0
2022-10-31 16:00:00,147.121,147.296,146.71,146.945,29922.0,16,0.0
2022-10-31 20:00:00,146.945,147.035,146.781,147.001,12428.0,16,0.0
2022-11-01 00:00:00,147.003,147.12,146.67,146.824,15973.0,16,0.0
2022-11-01 04:00:00,146.824,147.093,146.746,147.006,17941.0,16,0.0
2022-11-01 08:00:00,147.001,147.116,146.344,146.496,30924.0,16,0.0
2022-11-01 12:00:00,146.494,146.555,146.045,146.513,35314.0,16,0.0
2022-11-01 16:00:00,146.52,146.725,145.972,146.491,41011.0,16,0.0
2022-11-01 20:00:00,146.488,146.554,146.327,146.385,18360.0,16,0.0
2022-11-02 00:00:00,146.385,146.462,145.54,145.693,21585.0,16,0.0
2022-11-02 04:00:00,145.692,146.035,145.608,145.879,18209.0,16,0.0
2022-11-02 08:00:00,145.881,145.884,145.415,145.771,27825.0,16,0.0
2022-11-02 12:00:00,145.768,145.823,145.37,145.51,33777.0,16,0.0
2022-11-02 16:00:00,145.51,145.541,145.032,145.249,26284.0,16,0.0
2022-11-02 20:00:00,145.25,145.641,144.961,145.01,48224.0,16,0.0
2022-11-03 00:00:00,145.009,145.347,144.674,144.881,15935.0,16,0.0
2022-11-03 04:00:00,144.881,144.909,144.708,144.834,14041.0,16,0.0
2022-11-03 08:00:00,144.833,144.928,144.534,144.577,35777.0,16,0.0
2022-11-03 12:00:00,144.578,144.675,144.171,144.175,41454.0,16,0.0
2022-11-03 16:00:00,144.175,144.768,144.033,144.532,35906.0,16,0.0
2022-11-03 20:00:00,144.531,144.685,144.311,144.455,17028.0,16,0.0
2022-11-04 00:00:00,144.454,144.722,144.295,144.601,15347.0,16,0.0
2022-11-04 04:00:00,144.601,144.789,144.559,144.643,17521.0,16,0.0
2022-11-04 08:00:00,144.643,144.779,144.235,144.473,28958.0,16,0.0
2022-11-04 12:00:00,144.474,145.415,144.384,145.195,47152.0,16,0.0
2022-11-04 16:00:00,145.195,145.964,145.095,145.859,45612.0,16,0.0
2022-11-04 20:00:00,145.856,146.141,145.825,145.999,16318.0,16,0.0
2022-11-07 00:00:00,145.62,146.135,145.215,146.076,22064.0,16,0.0
2022-11-07 04:00:00,146.077,146.401,146.077,146.338,15638.0,16,0.0
2022-11-07 08:00:00,146.337,146.794,146.283,146.495,32472.0,16,0.0
2022-11-07 12:00:00,146.494,146.524,146.033,146.233,29847.0,16,0.0
2022-11-07 16:00:00,146.233,146.908,146.065,146.837,30561.0,16,0.0
2022-11-07 20:00:00,146.837,146.999,146.657,146.657,11749.0,16,0.0
2022-11-08 00:00:00,146.635,146.994,146.541,146.897,14010.0,16,0.0
2022-11-08 04:00:00,146.897,146.937,146.678,146.691,10072.0,16,0.0
2022-11-08 08:00:00,146.688,146.83,146.123,146.264,26356.0,16,0.0
2022-11-08 12:00:00,146.264,146.426,146.19,146.357,22715.0,16,0.0
2022-11-08 16:00:00,146.359,146.872,145.986,146.814,34767.0,16,0.0
2022-11-08 20:00:00,146.813,146.82,146.484,146.688,19196.0,16,0.0
2022-11-09 00:00:00,146.667,146.767,146.359,146.508,21411.0,16,0.0
2022-11-09 04:00:00,146.51,146.816,146.437,146.775,15606.0,16,0.0
2022-11-09 08:00:00,146.776,146.806,146.346,146.451,30649.0,16,0.0
2022-11-09 12:00:00,146.45,146.882,146.316,146.837,31634.0,16,0.0
2022-11-09 16:00:00,146.838,147.108,146.523,146.585,38480.0,16,0.0
2022-11-09 20:00:00,146.585,146.787,146.493,146.565,19102.0,16,0.0
2022-11-10 00:00:00,146.548,146.677,146.453,146.587,16785.0,16,0.0
2022-11-10 04:00:00,146.587,146.691,146.396,146.64,16018.0,16,0.0
2022-11-10 08:00:00,146.645,146.744,145.808,145.852,26661.0,16,0.0
2022-11-10 12:00:00,145.854,146.101,145.314,145.475,37848.0,16,0.0
2022-11-10 16:00:00,145.474,145.752,143.984,144.137,63042.0,16,0.0
2022-11-10 20:00:00,144.136,144.468,143.194,143.825,32256.0,16,0.0
2022-11-11 00:00:00,143.812,144.909,143.676,144.723,30868.0,16,0.0
2022-11-11 04:00:00,144.723,145.028,144.311,144.766,25977.0,16,0.0
2022-11-11 08:00:00,144.765,144.865,143.738,143.804,42236.0,16,0.0
2022-11-11 12:00:00,143.805,143.917,142.556,143.61,49662.0,16,0.0
2022-11-11 16:00:00,143.609,143.835,143.253,143.521,44908.0,16,0.0
2022-11-11 20:00:00,143.521,143.708,143.376,143.645,24007.0,16,0.0
2022-11-14 00:00:00,143.822,144.373,143.492,143.654,30489.0,16,0.0
2022-11-14 04:00:00,143.654,143.87,143.468,143.776,23560.0,16,0.0
2022-11-14 08:00:00,143.777,144.835,143.574,144.774,36939.0,16,0.0
2022-11-14 12:00:00,144.772,145.043,144.303,144.949,38984.0,16,0.0
2022-11-14 16:00:00,144.945,145.247,144.809,144.963,39116.0,16,0.0
2022-11-14 20:00:00,144.96,145.0,144.244,144.472,16648.0,16,0.0
2022-11-15 00:00:00,144.467,145.016,144.435,144.76,20135.0,16,0.0
2022-11-15 04:00:00,144.76,145.098,144.703,145.038,18186.0,16,0.0
2022-11-15 08:00:00,145.042,145.36,144.588,144.948,40133.0,16,0.0
2022-11-15 12:00:00,145.011,145.324,144.198,144.682,43563.0,16,0.0
2022-11-15 16:00:00,144.692,144.948,144.29,144.641,51867.0,16,0.0
2022-11-15 20:00:00,144.637,144.769,143.348,144.14,44021.0,16,0.0
2022-11-16 00:00:00,144.137,144.663,143.565,144.526,31613.0,16,0.0
2022-11-16 04:00:00,144.526,145.266,144.502,144.937,32466.0,16,0.0
2022-11-16 08:00:00,144.936,145.455,144.854,145.246,38274.0,16,0.0
2022-11-16 12:00:00,145.246,145.498,145.068,145.243,36747.0,16,0.0
2022-11-16 16:00:00,145.243,145.267,144.668,144.762,39152.0,16,0.0
2022-11-16 20:00:00,144.762,145.031,144.587,145.02,18282.0,16,0.0
2022-11-17 00:00:00,144.99,145.042,144.668,144.794,18922.0,16,0.0
2022-11-17 04:00:00,144.793,144.851,144.637,144.739,21419.0,16,0.0
2022-11-17 08:00:00,144.736,144.947,144.445,144.704,27413.0,16,0.0
2022-11-17 12:00:00,144.704,145.117,144.538,144.899,40311.0,16,0.0
2022-11-17 16:00:00,144.896,145.368,144.887,145.206,36055.0,16,0.0
2022-11-17 20:00:00,145.205,145.473,145.138,145.311,14365.0,16,0.0
2022-11-18 00:00:00,145.285,145.548,145.195,145.226,24542.0,16,0.0
2022-11-18 04:00:00,145.227,145.259,144.951,144.982,19497.0,16,0.0
2022-11-18 08:00:00,144.985,145.475,144.916,145.291,28079.0,16,0.0
2022-11-18 12:00:00,145.291,145.302,144.886,145.033,24343.0,16,0.0
2022-11-18 16:00:00,145.034,145.081,144.556,144.914,28383.0,16,0.0
2022-11-18 20:00:00,144.915,145.035,144.805,144.879,15100.0,16,0.0
2022-11-21 00:00:00,144.777,144.991,144.637,144.691,19826.0,16,0.0
2022-11-21 04:00:00,144.688,144.723,144.333,144.532,17022.0,16,0.0
2022-11-21 08:00:00,144.535,145.205,144.401,145.078,28396.0,16,0.0
2022-11-21 12:00:00,145.078,145.462,145.001,145.218,25584.0,16,0.0
2022-11-21 16:00:00,145.219,145.549,144.874,145.435,28672.0,16,0.0
2022-11-21 20:00:00,145.435,145.644,145.393,145.531,15155.0,16,0.0
2022-11-22 00:00:00,145.508,145.71,145.428,145.52,17632.0,16,0.0
2022-11-22 04:00:00,145.519,145.559,145.33,145.435,15563.0,16,0.0
2022-11-22 08:00:00,145.436,145.617,144.977,145.076,23665.0,16,0.0
2022-11-22 12:00:00,145.077,145.388,144.892,145.148,23537.0,16,0.0
2022-11-22 16:00:00,145.141,145.437,144.924,145.411,23187.0,16,0.0
2022-11-22 20:00:00,145.41,145.522,145.343,145.464,10100.0,16,0.0
2022-11-23 00:00:00,145.457,145.734,145.398,145.734,12924.0,16,0.0
2022-11-23 04:00:00,145.734,146.02,145.716,145.973,10515.0,16,0.0
2022-11-23 08:00:00,145.976,146.136,145.646,145.941,22633.0,16,0.0
2022-11-23 12:00:00,145.941,146.094,145.672,145.734,23872.0,16,0.0
2022-11-23 16:00:00,145.738,145.824,144.636,144.934,38347.0,16,0.0
2022-11-23 20:00:00,144.932,145.159,144.786,145.083,22723.0,16,0.0
2022-11-24 00:00:00,145.068,145.201,144.64,144.667,18695.0,16,0.0
2022-11-24 04:00:00,144.661,144.979,144.608,144.953,16121.0,16,0.0
2022-11-24 08:00:00,144.953,145.013,144.373,144.383,23572.0,16,0.0
2022-11-24 12:00:00,144.384,144.427,143.652,144.161,28149.0,16,0.0
2022-11-24 16:00:00,144.159,144.171,143.894,144.068,17066.0,16,0.0
2022-11-24 20:00:00,144.067,144.346,143.991,144.305,5208.0,16,0.0
2022-11-25 00:00:00,144.281,144.679,144.113,144.449,16938.0,16,0.0
2022-11-25 04:00:00,144.447,144.511,144.23,144.367,16077.0,16,0.0
2022-11-25 08:00:00,144.375,145.073,144.255,144.877,24795.0,16,0.0
2022-11-25 12:00:00,144.871,145.15,144.406,144.546,24559.0,16,0.0
2022-11-25 16:00:00,144.546,144.926,144.414,144.792,23915.0,16,0.0
2022-11-25 20:00:00,144.791,144.879,144.442,144.532,20413.0,16,0.0
2022-11-28 00:00:00,144.501,144.67,143.424,143.523,18582.0,16,0.0
2022-11-28 04:00:00,143.519,143.653,143.212,143.223,22254.0,16,0.0
2022-11-28 08:00:00,143.221,144.014,143.041,143.937,36294.0,16,0.0
2022-11-28 12:00:00,143.932,145.005,143.81,144.928,31750.0,16,0.0
2022-11-28 16:00:00,144.927,144.98,143.925,143.928,32749.0,16,0.0
2022-11-28 20:00:00,143.929,144.027,143.485,143.627,14310.0,16,0.0
2022-11-29 00:00:00,143.59,144.021,143.381,143.749,18125.0,16,0.0
2022-11-29 04:00:00,143.748,144.025,143.527,143.881,21801.0,16,0.0
2022-11-29 08:00:00,143.875,143.972,143.029,143.161,33827.0,16,0.0
2022-11-29 12:00:00,143.161,143.493,143.072,143.171,27315.0,16,0.0
2022-11-29 16:00:00,143.173,143.517,143.017,143.175,32450.0,16,0.0
2022-11-29 20:00:00,143.175,143.354,143.068,143.246,13748.0,16,0.0
2022-11-30 00:00:00,143.217,143.597,143.091,143.345,17881.0,16,0.0
2022-11-30 04:00:00,143.34,143.667,143.294,143.303,13977.0,16,0.0
2022-11-30 08:00:00,143.303,143.921,143.193,143.723,25665.0,16,0.0
2022-11-30 12:00:00,143.735,144.424,143.516,144.39,31246.0,16,0.0
2022-11-30 16:00:00,144.389,144.847,143.574,143.765,42714.0,16,0.0
2022-11-30 20:00:00,143.766,143.921,143.372,143.713,38834.0,16,0.0
2022-12-01 00:00:00,143.687,143.741,142.507,142.605,32286.0,16,0.0
2022-12-01 04:00:00,142.605,142.774,142.297,142.481,20389.0,16,0.0
2022-12-01 08:00:00,142.478,142.661,141.901,142.353,35845.0,16,0.0
2022-12-01 12:00:00,142.352,142.944,142.118,142.86,33504.0,16,0.0
2022-12-01 16:00:00,142.86,143.132,142.083,142.305,49613.0,16,0.0
2022-12-01 20:00:00,142.303,142.483,142.188,142.45,18774.0,16,0.0
2022-12-02 00:00:00,142.397,142.478,141.984,142.058,22710.0,16,0.0
2022-12-02 04:00:00,142.059,142.304,141.925,142.218,18226.0,16,0.0
2022-12-02 08:00:00,142.219,142.342,140.762,141.087,35020.0,16,0.0
2022-12-02 12:00:00,141.088,141.997,140.996,141.659,35849.0,16,0.0
2022-12-02 16:00:00,141.661,142.185,141.537,141.733,42506.0,16,0.0
2022-12-02 20:00:00,141.73,141.892,141.424,141.561,19261.0,16,0.0
2022-12-05 00:00:00,141.592,142.081,141.385,141.891,18319.0,16,0.0
2022-12-05 04:00:00,141.891,142.434,141.824,142.394,17677.0,16,0.0
2022-12-05 08:00:00,142.393,142.928,142.214,142.797,28231.0,16,0.0
2022-12-05 12:00:00,142.796,143.413,142.467,143.321,28513.0,16,0.0
2022-12-05 16:00:00,143.321,143.621,143.124,143.398,42688.0,16,0.0
2022-12-05 20:00:00,143.399,143.535,143.281,143.502,17769.0,16,0.0
2022-12-06 00:00:00,143.451,143.577,143.238,143.469,24001.0,16,0.0
2022-12-06 04:00:00,143.46,143.948,143.444,143.737,23908.0,16,0.0
2022-12-06 08:00:00,143.734,144.002,143.267,143.531,30571.0,16,0.0
2022-12-06 12:00:00,143.529,143.618,143.095,143.409,27945.0,16,0.0
2022-12-06 16:00:00,143.41,143.618,143.28,143.431,33447.0,16,0.0
2022-12-06 20:00:00,143.431,143.466,143.232,143.441,11775.0,16,0.0
2022-12-07 00:00:00,143.39,143.628,143.165,143.413,19040.0,16,0.0
2022-12-07 04:00:00,143.413,143.838,143.313,143.8,20365.0,16,0.0
2022-12-07 08:00:00,143.8,144.232,143.643,144.166,30898.0,16,0.0
2022-12-07 12:00:00,144.168,144.582,143.955,144.029,32854.0,16,0.0
2022-12-07 16:00:00,144.029,144.092,143.298,143.407,43946.0,16,0.0
2022-12-07 20:00:00,143.406,143.511,143.257,143.487,15350.0,16,0.0
2022-12-08 00:00:00,143.478,143.832,143.246,143.738,19373.0,16,0.0
2022-12-08 04:00:00,143.738,144.047,143.644,143.997,18393.0,16,0.0
2022-12-08 08:00:00,143.997,144.048,143.684,143.758,24959.0,16,0.0
2022-12-08 12:00:00,143.759,143.967,143.488,143.724,25454.0,16,0.0
2022-12-08 16:00:00,143.727,144.142,143.715,143.994,31278.0,18,0.0
2022-12-08 20:00:00,143.995,144.362,143.966,144.245,17429.0,17,0.0
2022-12-09 00:00:00,144.202,144.467,143.923,143.986,12358.0,17,0.0
2022-12-09 04:00:00,143.984,144.139,143.652,144.017,20351.0,17,0.0
2022-12-09 08:00:00,144.011,144.235,143.759,143.794,28978.0,17,0.0
2022-12-09 12:00:00,143.794,143.909,143.134,143.388,29831.0,17,0.0
2022-12-09 16:00:00,143.387,144.106,143.387,143.915,35229.0,17,0.0
2022-12-09 20:00:00,143.914,143.963,143.754,143.801,14678.0,18,0.0
2022-12-12 00:00:00,143.951,144.049,143.71,143.873,15336.0,18,0.0
2022-12-12 04:00:00,143.872,144.11,143.854,144.079,10155.0,18,0.0
2022-12-12 08:00:00,144.078,144.482,143.836,144.297,26733.0,16,0.0
2022-12-12 12:00:00,144.297,145.023,144.241,144.846,23172.0,17,0.0
2022-12-12 16:00:00,144.847,145.091,144.513,144.914,31732.0,17,0.0
2022-12-12 20:00:00,144.913,145.1,144.776,145.02,17343.0,17,0.0
2022-12-13 00:00:00,145.013,145.321,144.707,145.182,16538.0,17,0.0
2022-12-13 04:00:00,145.183,145.305,145.001,145.142,18187.0,17,0.0
2022-12-13 08:00:00,145.142,145.345,144.879,145.145,28510.0,17,0.0
2022-12-13 12:00:00,145.14,145.151,143.594,143.892,32745.0,16,0.0
2022-12-13 16:00:00,143.892,143.944,143.518,143.64,47618.0,17,0.0
2022-12-13 20:00:00,143.639,144.183,143.636,144.139,24698.0,17,0.0
2022-12-14 00:00:00,144.133,144.264,143.901,144.196,20465.0,17,0.0
2022-12-14 04:00:00,144.195,144.202,143.869,143.909,18140.0,18,0.0
2022-12-14 08:00:00,143.907,144.173,143.864,144.16,31535.0,17,0.0
2022-12-14 12:00:00,144.16,144.18,143.451,143.688,32074.0,17,0.0
2022-12-14 16:00:00,143.687,144.006,143.542,143.89,33019.0,17,0.0
2022-12-14 20:00:00,143.89,144.734,143.676,144.691,41041.0,18,0.0
2022-12-15 00:00:00,144.683,144.683,144.3,144.41,14385.0,18,0.0
2022-12-15 04:00:00,144.409,144.668,144.354,144.521,18270.0,18,0.0
2022-12-15 08:00:00,144.521,145.174,144.48,145.06,30953.0,17,0.0
2022-12-15 12:00:00,145.06,145.672,144.885,145.306,34237.0,17,0.0
2022-12-15 16:00:00,145.31,146.726,145.267,146.376,47237.0,17,0.0
2022-12-15 20:00:00,146.366,146.537,146.23,146.385,22567.0,17,0.0
2022-12-16 00:00:00,146.392,146.601,146.123,146.159,15431.0,18,0.0
2022-12-16 04:00:00,146.159,146.318,145.968,146.212,20520.0,18,0.0
2022-12-16 08:00:00,146.207,146.397,145.558,145.563,29106.0,18,0.0
2022-12-16 12:00:00,145.561,145.869,145.458,145.733,28828.0,17,0.0
2022-12-16 16:00:00,145.732,145.931,144.672,144.684,37901.0,17,0.0
2022-12-16 20:00:00,144.684,144.856,144.617,144.68,19617.0,17,0.0
2022-12-19 00:00:00,144.042,144.58,143.997,144.11,17629.0,18,0.0
2022-12-19 04:00:00,144.11,144.607,144.085,144.463,18476.0,18,0.0
2022-12-19 08:00:00,144.462,144.88,144.263,144.53,29676.0,18,0.0
2022-12-19 12:00:00,144.53,144.99,144.451,144.955,28256.0,17,0.0
2022-12-19 16:00:00,144.955,145.494,144.734,145.311,30704.0,17,0.0
2022-12-19 20:00:00,145.312,145.364,145.173,145.209,17638.0,18,0.0
2022-12-20 00:00:00,145.198,145.724,144.983,145.589,15753.0,17,0.0
2022-12-20 04:00:00,145.59,145.828,140.723,140.738,42674.0,16,0.0
2022-12-20 08:00:00,140.729,141.615,140.155,140.468,49417.0,16,0.0
2022-12-20 12:00:00,140.467,141.337,140.32,140.331,34285.0,17,0.0
2022-12-20 16:00:00,140.334,140.703,138.791,139.224,43437.0,16,0.0
2022-12-20 20:00:00,139.225,140.03,139.198,139.845,21581.0,17,0.0
2022-12-21 00:00:00,139.849,140.479,139.66,140.364,21435.0,18,0.0
2022-12-21 04:00:00,140.363,140.51,140.051,140.35,22016.0,17,0.0
2022-12-21 08:00:00,140.345,140.366,139.737,139.759,28482.0,17,0.0
2022-12-21 12:00:00,139.756,140.64,139.694,140.603,25941.0,17,0.0
2022-12-21 16:00:00,140.6,140.769,140.002,140.291,29802.0,17,0.0
2022-12-21 20:00:00,140.292,140.501,140.152,140.417,15018.0,17,0.0
2022-12-22 00:00:00,140.409,140.497,140.009,140.199,12862.0,18,0.0
2022-12-22 04:00:00,140.199,140.383,139.956,140.369,16959.0,18,0.0
2022-12-22 08:00:00,140.37,140.593,140.266,140.519,20304.0,17,0.0
2022-12-22 12:00:00,140.52,140.658,140.184,140.463,23219.0,17,0.0
2022-12-22 16:00:00,140.462,140.541,140.044,140.138,27645.0,17,0.0
2022-12-22 20:00:00,140.139,140.394,140.034,140.254,16861.0,17,0.0
2022-12-23 00:00:00,140.238,140.716,140.075,140.616,10774.0,18,0.0
2022-12-23 04:00:00,140.616,140.819,140.605,140.698,13934.0,18,0.0
2022-12-23 08:00:00,140.699,140.864,140.541,140.661,18766.0,18,0.0
2022-12-23 12:00:00,140.663,141.023,140.659,140.869,19990.0,18,0.0
2022-12-23 16:00:00,140.87,141.215,140.868,141.106,28019.0,17,0.0
2022-12-23 20:00:00,141.107,141.125,140.909,140.95,13749.0,17,0.0
2022-12-27 00:00:00,141.298,141.71,141.135,141.523,15597.0,17,0.0
2022-12-27 04:00:00,141.524,141.621,141.3,141.51,14427.0,17,0.0
2022-12-27 08:00:00,141.508,142.025,141.394,141.972,22100.0,17,0.0
2022-12-27 12:00:00,141.973,142.273,141.637,141.835,20616.0,17,0.0
2022-12-27 16:00:00,141.831,142.201,141.562,141.996,26417.0,17,0.0
2022-12-27 20:00:00,141.996,142.142,141.903,141.979,14296.0,17,0.0
2022-12-28 00:00:00,141.968,142.324,141.888,142.283,13825.0,17,0.0
2022-12-28 04:00:00,142.283,142.94,142.282,142.734,18834.0,18,0.0
2022-12-28 08:00:00,142.733,142.751,142.457,142.572,23497.0,17,0.0
2022-12-28 12:00:00,142.568,142.581,142.142,142.405,23480.0,17,0.0
2022-12-28 16:00:00,142.404,142.859,142.336,142.613,29155.0,17,0.0
2022-12-28 20:00:00,142.614,142.758,142.536,142.685,15676.0,18,0.0
2022-12-29 00:00:00,142.649,142.649,142.103,142.133,15754.0,17,0.0
2022-12-29 04:00:00,142.137,142.233,141.89,142.026,15452.0,17,0.0
2022-12-29 08:00:00,142.033,142.411,141.843,142.39,21685.0,17,0.0
2022-12-29 12:00:00,142.391,142.414,141.892,141.901,20597.0,18,0.0
2022-12-29 16:00:00,141.902,142.198,141.575,142.121,28322.0,17,0.0
2022-12-29 20:00:00,142.118,142.129,141.773,141.791,17924.0,18,0.0
2022-12-30 00:00:00,141.791,141.87,141.19,141.222,15535.0,17,0.0
2022-12-30 04:00:00,141.221,141.515,141.174,141.185,14557.0,17,0.0
2022-12-30 08:00:00,141.179,141.209,140.361,140.773,25649.0,17,0.0
2022-12-30 12:00:00,140.773,141.023,140.543,140.744,25520.0,16,0.0
2022-12-30 16:00:00,140.744,141.234,140.328,140.339,36320.0,17,0.0
2022-12-30 20:00:00,140.34,140.557,139.983,140.29,22691.0,17,0.0
2023-01-02 00:00:00,139.955,140.203,139.515,139.964,1387.0,67,0.0
2023-01-02 04:00:00,139.964,140.104,139.755,139.983,2120.0,33,0.0
2023-01-02 08:00:00,139.982,140.101,139.515,139.769,10200.0,16,0.0
2023-01-02 12:00:00,139.769,139.847,139.517,139.532,9712.0,16,0.0
2023-01-02 16:00:00,139.539,139.617,139.268,139.416,24680.0,16,0.0
2023-01-02 20:00:00,139.416,139.497,139.199,139.201,5925.0,16,0.0
2023-01-03 00:00:00,139.266,140.009,138.346,138.735,24378.0,16,0.0
2023-01-03 04:00:00,138.736,138.909,138.21,138.428,23040.0,16,0.0
2023-01-03 08:00:00,138.426,138.557,137.386,137.557,43220.0,16,0.0
2023-01-03 12:00:00,137.555,138.126,137.498,137.974,34660.0,16,0.0
2023-01-03 16:00:00,137.975,138.346,137.622,137.937,37043.0,16,0.0
2023-01-03 20:00:00,137.935,138.269,137.805,138.158,15849.0,16,0.0
2023-01-04 00:00:00,138.151,138.588,138.015,138.054,25339.0,16,0.0
2023-01-04 04:00:00,138.053,138.405,138.038,138.3,15272.0,16,0.0
2023-01-04 08:00:00,138.3,138.618,137.87,138.39,36854.0,16,0.0
2023-01-04 12:00:00,138.39,138.857,138.37,138.688,27718.0,16,0.0
2023-01-04 16:00:00,138.687,140.758,138.68,140.597,43863.0,16,0.0
2023-01-04 20:00:00,140.599,140.757,140.369,140.669,26306.0,16,0.0
2023-01-05 00:00:00,140.625,140.625,139.965,140.165,21940.0,16,0.0
2023-01-05 04:00:00,140.164,140.622,140.05,140.578,18334.0,16,0.0
2023-01-05 08:00:00,140.585,141.093,140.3,140.812,27797.0,16,0.0
2023-01-05 12:00:00,140.807,141.36,140.51,141.081,28351.0,17,0.0
2023-01-05 16:00:00,141.083,141.226,140.135,140.32,39231.0,16,0.0
2023-01-05 20:00:00,140.319,140.414,140.178,140.363,23463.0,17,0.0
2023-01-06 00:00:00,140.355,140.837,140.224,140.836,14464.0,17,0.0
2023-01-06 04:00:00,140.837,141.269,140.641,141.072,21446.0,17,0.0
2023-01-06 08:00:00,141.071,141.448,140.616,141.237,28801.0,17,0.0
2023-01-06 12:00:00,141.243,141.393,140.428,140.618,31881.0,17,0.0
2023-01-06 16:00:00,140.617,140.931,140.301,140.542,44566.0,16,0.0
2023-01-06 20:00:00,140.543,140.678,140.486,140.564,19079.0,17,0.0
2023-01-09 00:00:00,140.428,140.786,140.383,140.528,18740.0,18,0.0
2023-01-09 04:00:00,140.529,140.89,140.159,140.777,20098.0,18,0.0
2023-01-09 08:00:00,140.776,141.443,140.638,141.343,32648.0,18,0.0
2023-01-09 12:00:00,141.343,141.613,141.188,141.335,29576.0,17,0.0
2023-01-09 16:00:00,141.336,141.912,141.251,141.643,34738.0,17,0.0
2023-01-09 20:00:00,141.644,141.667,141.392,141.524,22121.0,17,0.0
2023-01-10 00:00:00,141.492,141.769,141.08,141.205,21518.0,17,0.0
2023-01-10 04:00:00,141.206,141.672,141.175,141.559,19815.0,17,0.0
2023-01-10 08:00:00,141.559,141.924,141.45,141.659,30390.0,17,0.0
2023-01-10 12:00:00,141.658,141.956,141.607,141.833,26087.0,17,0.0
2023-01-10 16:00:00,141.834,142.024,141.64,141.901,37926.0,17,0.0
2023-01-10 20:00:00,141.901,142.048,141.853,141.929,14916.0,17,0.0
2023-01-11 00:00:00,141.901,142.187,141.742,142.073,16161.0,17,0.0
2023-01-11 04:00:00,142.072,142.269,142.032,142.149,14256.0,17,0.0
2023-01-11 08:00:00,142.148,142.504,142.078,142.303,24588.0,17,0.0
2023-01-11 12:00:00,142.308,142.687,142.193,142.643,24515.0,17,0.0
2023-01-11 16:00:00,142.643,142.853,142.357,142.376,29514.0,17,0.0
2023-01-11 20:00:00,142.375,142.54,142.239,142.526,20883.0,17,0.0
2023-01-12 00:00:00,142.491,142.491,141.597,141.76,21654.0,17,0.0
2023-01-12 04:00:00,141.761,141.91,141.531,141.677,16584.0,18,0.0
2023-01-12 08:00:00,141.674,141.882,140.892,140.978,29042.0,18,0.0
2023-01-12 12:00:00,140.978,141.107,140.078,140.401,34155.0,17,0.0
2023-01-12 16:00:00,140.401,140.878,140.026,140.16,47779.0,16,0.0
2023-01-12 20:00:00,140.159,140.367,140.002,140.317,25891.0,17,0.0
2023-01-13 00:00:00,140.291,140.394,139.795,139.965,22463.0,17,0.0
2023-01-13 04:00:00,139.966,140.122,139.879,139.978,22212.0,21,0.0
2023-01-13 08:00:00,139.977,139.993,139.029,139.351,36398.0,17,0.0
2023-01-13 12:00:00,139.348,139.404,138.384,138.415,31335.0,17,0.0
2023-01-13 16:00:00,138.416,138.586,138.008,138.282,37860.0,17,0.0
2023-01-13 20:00:00,138.282,138.579,138.217,138.474,16983.0,17,0.0
2023-01-16 00:00:00,138.436,138.924,138.334,138.759,19405.0,17,0.0
2023-01-16 04:00:00,138.759,138.828,138.233,138.587,20978.0,17,0.0
2023-01-16 08:00:00,138.586,139.274,138.512,138.909,31452.0,17,0.0
2023-01-16 12:00:00,138.909,139.128,138.783,138.9,23042.0,17,0.0
2023-01-16 16:00:00,138.901,139.29,138.847,139.185,17335.0,17,0.0
2023-01-16 20:00:00,139.183,139.19,138.981,139.092,8053.0,17,0.0
2023-01-17 00:00:00,139.079,139.502,138.824,139.332,17366.0,17,0.0
2023-01-17 04:00:00,139.336,139.579,139.245,139.336,20139.0,18,0.0
2023-01-17 08:00:00,139.338,139.531,139.048,139.319,29864.0,17,0.0
2023-01-17 12:00:00,139.314,139.595,139.152,139.557,31250.0,17,0.0
2023-01-17 16:00:00,139.557,139.616,138.198,138.273,37176.0,16,0.0
2023-01-17 20:00:00,138.272,138.657,138.234,138.236,19530.0,17,0.0
2023-01-18 00:00:00,138.228,139.166,138.202,138.795,16770.0,18,0.0
2023-01-18 04:00:00,138.795,141.688,138.556,141.016,36899.0,17,0.0
2023-01-18 08:00:00,141.014,141.501,140.267,140.656,44083.0,17,0.0
2023-01-18 12:00:00,140.655,140.701,139.027,139.118,39961.0,17,0.0
2023-01-18 16:00:00,139.118,139.316,138.861,139.068,41620.0,18,0.0
2023-01-18 20:00:00,139.065,139.14,138.826,139.131,22382.0,16,0.0
2023-01-19 00:00:00,139.112,139.112,138.473,138.702,19774.0,18,0.0
2023-01-19 04:00:00,138.699,138.746,137.915,138.105,19786.0,17,0.0
2023-01-19 08:00:00,138.103,138.909,137.974,138.908,27547.0,17,0.0
2023-01-19 12:00:00,138.907,139.422,138.725,138.779,29844.0,17,0.0
2023-01-19 16:00:00,138.773,139.124,138.517,139.061,30620.0,17,0.0
2023-01-19 20:00:00,139.059,139.161,139.024,139.076,19626.0,21,0.0
2023-01-20 00:00:00,139.075,139.647,139.034,139.612,14368.0,21,0.0
2023-01-20 04:00:00,139.612,140.019,139.459,139.961,15699.0,17,0.0
2023-01-20 08:00:00,139.96,140.385,139.609,140.224,24756.0,17,0.0
2023-01-20 12:00:00,140.224,141.14,140.107,141.135,28999.0,17,0.0
2023-01-20 16:00:00,141.133,141.195,140.573,140.68,29767.0,17,0.0
2023-01-20 20:00:00,140.681,140.7,140.465,140.666,18631.0,17,0.0
2023-01-23 00:00:00,140.639,140.918,140.467,140.766,17679.0,17,0.0
2023-01-23 04:00:00,140.765,141.476,140.638,141.445,15967.0,18,0.0
2023-01-23 08:00:00,141.441,142.078,141.254,141.668,27885.0,17,0.0
2023-01-23 12:00:00,141.668,141.856,141.505,141.706,26210.0,17,0.0
2023-01-23 16:00:00,141.707,141.999,141.685,141.91,30382.0,17,0.0
2023-01-23 20:00:00,141.909,142.074,141.788,142.058,17911.0,21,0.0
2023-01-24 00:00:00,142.053,142.079,141.65,141.733,13478.0,17,0.0
2023-01-24 04:00:00,141.732,141.886,141.539,141.574,12425.0,18,0.0
2023-01-24 08:00:00,141.574,141.746,141.256,141.313,24430.0,17,0.0
2023-01-24 12:00:00,141.313,141.724,141.282,141.722,21250.0,17,0.0
2023-01-24 16:00:00,141.72,142.2,141.293,141.5,34133.0,16,0.0
2023-01-24 20:00:00,141.499,141.757,141.445,141.744,15255.0,17,0.0
2023-01-25 00:00:00,141.738,142.054,141.555,141.902,14459.0,18,0.0
2023-01-25 04:00:00,141.902,142.293,141.794,142.147,15162.0,21,0.0
2023-01-25 08:00:00,142.149,142.281,141.255,141.291,24375.0,17,0.0
2023-01-25 12:00:00,141.291,141.386,140.755,141.289,24853.0,17,0.0
2023-01-25 16:00:00,141.289,141.435,141.011,141.265,31623.0,17,0.0
2023-01-25 20:00:00,141.265,141.475,141.232,141.425,20807.0,17,0.0
2023-01-26 00:00:00,141.43,141.459,140.899,141.09,13879.0,17,0.0
2023-01-26 04:00:00,141.09,141.388,140.87,141.209,14170.0,17,0.0
2023-01-26 08:00:00,141.203,141.75,141.136,141.595,26347.0,17,0.0
2023-01-26 12:00:00,141.595,141.736,141.276,141.593,25726.0,17,0.0
2023-01-26 16:00:00,141.592,141.906,141.467,141.605,33087.0,21,0.0
2023-01-26 20:00:00,141.602,141.911,141.531,141.82,16745.0,17,0.0
2023-01-27 00:00:00,141.812,141.821,141.086,141.225,19632.0,17,0.0
2023-01-27 04:00:00,141.224,141.477,141.094,141.339,15431.0,18,0.0
2023-01-27 08:00:00,141.335,141.578,141.091,141.327,22851.0,17,0.0
2023-01-27 12:00:00,141.329,141.431,140.909,140.918,23506.0,17,0.0
2023-01-27 16:00:00,140.919,141.206,140.817,141.169,30476.0,17,0.0
2023-01-27 20:00:00,141.168,141.235,141.016,141.065,15782.0,18,0.0
2023-01-30 00:00:00,140.808,141.603,140.797,141.603,16811.0,21,0.0
2023-01-30 04:00:00,141.602,141.632,140.557,140.907,25292.0,17,0.0
2023-01-30 08:00:00,140.906,141.705,140.551,141.69,28831.0,17,0.0
2023-01-30 12:00:00,141.687,141.888,141.599,141.668,24542.0,17,0.0
2023-01-30 16:00:00,141.669,141.973,141.557,141.598,29137.0,19,0.0
2023-01-30 20:00:00,141.599,141.626,141.44,141.531,15714.0,17,0.0
2023-01-31 00:00:00,141.523,141.617,141.216,141.291,15060.0,21,0.0
2023-01-31 04:00:00,141.287,141.371,141.037,141.051,14925.0,17,0.0
2023-01-31 08:00:00,141.052,141.292,140.742,141.212,24025.0,17,0.0
2023-01-31 12:00:00,141.211,141.397,140.889,140.948,24311.0,18,0.0
2023-01-31 16:00:00,140.946,141.541,140.791,141.459,30635.0,17,0.0
2023-01-31 20:00:00,141.458,141.521,141.294,141.312,12268.0,17,0.0
2023-02-01 00:00:00,141.305,141.393,141.068,141.165,11151.0,21,0.0
2023-02-01 04:00:00,141.165,141.681,141.076,141.646,12084.0,21,0.0
2023-02-01 08:00:00,141.648,141.834,141.258,141.365,24790.0,17,0.0
2023-02-01 12:00:00,141.365,141.489,141.059,141.072,25147.0,18,0.0
2023-02-01 16:00:00,141.07,141.273,140.91,140.966,31028.0,17,0.0
2023-02-01 20:00:00,140.966,141.777,140.964,141.663,36918.0,17,0.0
2023-02-02 00:00:00,141.653,141.795,141.251,141.634,20238.0,17,0.0
2023-02-02 04:00:00,141.635,141.733,141.525,141.72,14208.0,19,0.0
2023-02-02 08:00:00,141.713,141.928,141.411,141.796,26020.0,17,0.0
2023-02-02 12:00:00,141.797,141.853,140.553,140.56,33907.0,17,0.0
2023-02-02 16:00:00,140.562,140.611,140.082,140.16,38090.0,17,0.0
2023-02-02 20:00:00,140.162,140.519,140.132,140.409,19556.0,17,0.0
2023-02-03 00:00:00,140.387,140.433,140.082,140.211,13171.0,21,0.0
2023-02-03 04:00:00,140.212,140.224,139.931,140.101,14046.0,21,0.0
2023-02-03 08:00:00,140.101,140.523,139.999,140.512,24022.0,17,0.0
2023-02-03 12:00:00,140.511,141.081,140.236,140.856,26248.0,17,0.0
2023-02-03 16:00:00,140.855,142.344,140.764,141.857,40635.0,17,0.0
2023-02-03 20:00:00,141.855,141.857,141.533,141.597,18907.0,17,0.0
2023-02-06 00:00:00,142.523,142.784,141.982,142.66,18237.0,21,0.0
2023-02-06 04:00:00,142.659,142.807,142.071,142.223,17762.0,19,0.0
2023-02-06 08:00:00,142.222,142.379,142.001,142.056,26338.0,17,0.0
2023-02-06 12:00:00,142.057,142.661,141.992,142.598,26315.0,17,0.0
2023-02-06 16:00:00,142.599,142.631,142.222,142.242,29863.0,17,0.0
2023-02-06 20:00:00,142.239,142.316,142.108,142.225,15722.0,18,0.0
2023-02-07 00:00:00,142.234,142.34,142.001,142.102,11760.0,17,0.0
2023-02-07 04:00:00,142.102,142.168,141.937,142.049,15358.0,21,0.0
2023-02-07 08:00:00,142.047,142.047,141.166,141.175,29373.0,17,0.0
2023-02-07 12:00:00,141.176,141.528,141.006,141.059,27471.0,17,0.0
2023-02-07 16:00:00,141.058,141.134,140.284,140.494,34179.0,17,0.0
2023-02-07 20:00:00,140.49,140.721,140.387,140.579,29212.0,17,0.0
2023-02-08 00:00:00,140.575,140.77,140.289,140.732,13072.0,17,0.0
2023-02-08 04:00:00,140.731,140.935,140.638,140.712,14085.0,21,0.0
2023-02-08 08:00:00,140.71,140.935,140.502,140.54,28147.0,17,0.0
2023-02-08 12:00:00,140.539,140.896,140.379,140.853,22413.0,17,0.0
2023-02-08 16:00:00,140.853,141.026,140.788,140.823,29219.0,17,0.0
2023-02-08 20:00:00,140.823,140.902,140.754,140.825,17070.0,18,0.0
2023-02-09 00:00:00,140.815,141.247,140.649,141.058,14200.0,17,0.0
2023-02-09 04:00:00,141.058,141.336,140.411,141.041,12300.0,17,0.0
2023-02-09 08:00:00,141.036,141.081,140.625,140.831,25881.0,17,0.0
2023-02-09 12:00:00,140.828,141.119,140.614,140.697,23667.0,17,0.0
2023-02-09 16:00:00,140.697,141.037,140.661,140.968,27970.0,17,0.0
2023-02-09 20:00:00,140.969,141.319,140.939,141.226,19338.0,17,0.0
2023-02-10 00:00:00,141.231,141.497,140.877,141.278,14204.0,17,0.0
2023-02-10 04:00:00,141.274,141.319,140.945,141.105,18215.0,21,0.0
2023-02-10 08:00:00,141.105,141.21,139.551,140.191,39504.0,17,0.0
2023-02-10 12:00:00,140.19,140.36,139.646,139.809,27372.0,17,0.0
2023-02-10 16:00:00,139.808,140.44,139.721,140.281,30859.0,17,0.0
2023-02-10 20:00:00,140.281,140.428,140.258,140.326,15448.0,17,0.0
2023-02-13 00:00:00,140.281,140.629,140.28,140.463,14064.0,21,0.0
2023-02-13 04:00:00,140.462,141.059,140.449,141.037,15590.0,19,0.0
2023-02-13 08:00:00,141.037,141.734,140.978,141.665,23972.0,17,0.0
2023-02-13 12:00:00,141.665,141.829,141.495,141.742,20884.0,11,0.0
2023-02-13 16:00:00,141.74,142.384,141.709,142.097,24831.0,12,0.0
2023-02-13 20:00:00,142.097,142.146,141.824,141.994,13002.0,12,0.0
2023-02-14 00:00:00,141.98,142.056,141.629,141.673,13779.0,16,0.0
2023-02-14 04:00:00,141.673,141.844,141.518,141.606,15821.0,16,0.0
2023-02-14 08:00:00,141.605,142.121,141.564,142.069,25010.0,12,0.0
2023-02-14 12:00:00,142.067,142.564,141.87,142.325,31150.0,11,0.0
2023-02-14 16:00:00,142.322,142.942,142.252,142.766,43680.0,11,0.0
2023-02-14 20:00:00,142.764,142.916,142.701,142.878,19261.0,12,0.0
2023-02-15 00:00:00,142.888,142.922,142.343,142.432,13758.0,13,0.0
2023-02-15 04:00:00,142.433,142.706,142.394,142.605,15671.0,12,0.0
2023-02-15 08:00:00,142.61,143.163,142.529,143.043,24295.0,11,0.0
2023-02-15 12:00:00,143.041,143.29,142.879,143.048,24462.0,11,0.0
2023-02-15 16:00:00,143.048,143.435,142.975,143.246,30260.0,12,0.0
2023-02-15 20:00:00,143.245,143.398,143.149,143.38,15659.0,12,0.0
2023-02-16 00:00:00,143.374,143.401,143.044,143.291,15913.0,12,0.0
2023-02-16 04:00:00,143.292,143.395,143.079,143.34,14594.0,16,0.0
2023-02-16 08:00:00,143.336,143.396,143.148,143.247,22026.0,12,0.0
2023-02-16 12:00:00,143.246,143.425,143.126,143.38,20884.0,11,0.0
2023-02-16 16:00:00,143.379,143.439,143.054,143.189,29005.0,11,0.0
2023-02-16 20:00:00,143.189,143.225,142.852,142.935,17459.0,12,0.0
2023-02-17 00:00:00,142.944,143.463,142.911,143.432,12220.0,13,0.0
2023-02-17 04:00:00,143.43,143.479,143.243,143.343,12853.0,13,0.0
2023-02-17 08:00:00,143.343,143.667,143.254,143.418,21527.0,12,0.0
2023-02-17 12:00:00,143.417,143.644,143.025,143.27,21587.0,12,0.0
2023-02-17 16:00:00,143.269,143.442,143.133,143.375,30649.0,11,0.0
2023-02-17 20:00:00,143.376,143.56,143.365,143.441,13155.0,14,0.0
2023-02-20 00:00:00,143.448,143.61,143.401,143.56,13271.0,16,0.0
2023-02-20 04:00:00,143.562,143.654,143.186,143.353,15842.0,14,0.0
2023-02-20 08:00:00,143.354,143.614,143.235,143.304,21916.0,12,0.0
2023-02-20 12:00:00,143.3,143.394,143.028,143.181,18989.0,13,0.0
2023-02-20 16:00:00,143.181,143.462,143.122,143.438,14147.0,12,0.0
2023-02-20 20:00:00,143.438,143.493,143.392,143.459,8323.0,16,0.0
2023-02-21 00:00:00,143.449,143.585,143.273,143.361,11393.0,13,0.0
2023-02-21 04:00:00,143.362,143.433,143.167,143.368,12427.0,16,0.0
2023-02-21 08:00:00,143.368,143.997,143.345,143.514,24144.0,11,0.0
2023-02-21 12:00:00,143.514,143.818,143.365,143.677,22098.0,12,0.0
2023-02-21 16:00:00,143.675,144.162,143.672,143.747,31924.0,11,0.0
2023-02-21 20:00:00,143.745,143.77,143.54,143.732,12725.0,16,0.0
2023-02-22 00:00:00,143.731,143.894,143.497,143.588,14806.0,14,0.0
2023-02-22 04:00:00,143.587,143.855,143.532,143.657,12599.0,12,0.0
2023-02-22 08:00:00,143.657,143.782,143.383,143.506,21036.0,12,0.0
2023-02-22 12:00:00,143.509,143.578,143.06,143.267,23724.0,11,0.0
2023-02-22 16:00:00,143.268,143.43,143.044,143.228,26386.0,12,0.0
2023-02-22 20:00:00,143.227,143.286,143.044,143.08,19646.0,12,0.0
2023-02-23 00:00:00,143.05,143.18,142.96,143.148,8901.0,14,0.0
2023-02-23 04:00:00,143.148,143.234,143.084,143.228,9022.0,15,0.0
2023-02-23 08:00:00,143.223,143.252,142.755,142.832,18331.0,12,0.0
2023-02-23 12:00:00,142.831,143.512,142.793,143.487,22050.0,12,0.0
2023-02-23 16:00:00,143.488,143.494,142.594,142.697,29918.0,11,0.0
2023-02-23 20:00:00,142.696,142.791,142.559,142.679,14648.0,12,0.0
2023-02-24 00:00:00,142.687,142.929,142.146,142.883,20521.0,11,0.0
2023-02-24 04:00:00,142.885,142.942,142.629,142.642,15107.0,16,0.0
2023-02-24 08:00:00,142.642,143.214,142.567,143.06,22289.0,11,0.0
2023-02-24 12:00:00,143.06,143.563,142.984,143.403,25699.0,11,0.0
2023-02-24 16:00:00,143.401,144.002,143.367,143.917,33559.0,12,0.0
2023-02-24 20:00:00,143.917,144.007,143.851,143.917,14107.0,12,0.0
2023-02-27 00:00:00,143.932,144.07,143.673,143.743,14078.0,12,0.0
2023-02-27 04:00:00,143.743,143.858,143.568,143.705,13738.0,16,0.0
2023-02-27 08:00:00,143.7,143.967,143.565,143.9,23266.0,12,0.0
2023-02-27 12:00:00,143.9,144.06,143.767,143.994,21721.0,12,0.0
2023-02-27 16:00:00,143.995,144.455,143.941,144.368,26017.0,12,0.0
2023-02-27 20:00:00,144.366,144.548,144.331,144.508,12630.0,12,0.0
2023-02-28 00:00:00,144.47,144.725,144.178,144.194,12276.0,12,0.0
2023-02-28 04:00:00,144.193,144.398,144.183,144.275,12632.0,12,0.0
2023-02-28 08:00:00,144.273,145.215,144.236,145.024,24578.0,11,0.0
2023-02-28 12:00:00,145.023,145.375,144.952,145.333,20116.0,12,0.0
2023-02-28 16:00:00,145.328,145.471,143.983,144.028,30925.0,11,0.0
2023-02-28 20:00:00,144.029,144.114,143.871,144.048,13306.0,12,0.0
2023-03-01 00:00:00,144.02,144.26,143.934,144.255,14082.0,16,0.0
2023-03-01 04:00:00,144.255,144.491,144.23,144.484,13231.0,16,0.0
2023-03-01 08:00:00,144.482,144.794,144.408,144.566,27232.0,12,0.0
2023-03-01 12:00:00,144.563,144.947,144.307,144.859,26108.0,12,0.0
2023-03-01 16:00:00,144.859,145.288,144.811,144.982,31232.0,12,0.0
2023-03-01 20:00:00,144.982,145.355,144.961,145.316,11555.0,12,0.0
2023-03-02 00:00:00,145.303,145.347,145.111,145.204,14611.0,12,0.0
2023-03-02 04:00:00,145.203,145.419,145.121,145.388,15694.0,12,0.0
2023-03-02 08:00:00,145.39,145.567,144.923,144.977,27111.0,11,0.0
2023-03-02 12:00:00,144.977,145.314,144.943,145.082,26635.0,12,0.0
2023-03-02 16:00:00,145.083,145.103,144.8,144.886,26912.0,12,0.0
2023-03-02 20:00:00,144.883,144.962,144.772,144.914,15740.0,12,0.0
2023-03-03 00:00:00,144.916,145.038,144.692,144.936,12827.0,12,0.0
2023-03-03 04:00:00,144.934,145.039,144.788,144.981,11995.0,12,0.0
2023-03-03 08:00:00,144.979,144.981,144.427,144.46,23988.0,12,0.0
2023-03-03 12:00:00,144.459,144.726,144.342,144.372,21644.0,12,0.0
2023-03-03 16:00:00,144.373,144.638,144.287,144.612,29329.0,11,0.0
2023-03-03 20:00:00,144.614,144.622,144.381,144.421,13372.0,12,0.0
2023-03-06 00:00:00,144.454,144.605,144.149,144.411,13798.0,16,0.0
2023-03-06 04:00:00,144.411,144.592,144.112,144.585,15111.0,12,0.0
2023-03-06 08:00:00,144.584,144.775,144.349,144.655,24059.0,12,0.0
2023-03-06 12:00:00,144.653,144.962,144.458,144.767,21718.0,12,0.0
2023-03-06 16:00:00,144.767,145.379,144.672,145.238,22744.0,12,0.0
2023-03-06 20:00:00,145.237,145.25,145.12,145.187,11879.0,12,0.0
2023-03-07 00:00:00,145.164,145.414,145.054,145.355,11469.0,16,0.0
2023-03-07 04:00:00,145.352,145.44,145.21,145.312,12951.0,12,0.0
2023-03-07 08:00:00,145.31,145.31,144.598,144.782,23234.0,12,0.0
2023-03-07 12:00:00,144.782,145.297,144.765,145.08,21324.0,12,0.0
2023-03-07 16:00:00,145.076,145.189,144.597,144.619,38121.0,11,0.0
2023-03-07 20:00:00,144.621,144.768,144.558,144.677,16281.0,12,0.0
2023-03-08 00:00:00,144.644,144.986,144.557,144.798,12486.0,16,0.0
2023-03-08 04:00:00,144.798,145.233,144.745,145.028,14623.0,16,0.0
2023-03-08 08:00:00,145.027,145.128,144.885,144.929,22557.0,14,0.0
2023-03-08 12:00:00,144.922,145.116,144.464,144.479,23055.0,11,0.0
2023-03-08 16:00:00,144.479,144.743,144.233,144.678,34285.0,11,0.0
2023-03-08 20:00:00,144.677,144.906,144.614,144.799,14911.0,12,0.0
2023-03-09 00:00:00,144.808,144.834,144.303,144.534,10404.0,12,0.0
2023-03-09 04:00:00,144.534,144.561,144.3,144.382,9842.0,16,0.0
2023-03-09 08:00:00,144.379,144.486,143.756,143.798,19922.0,12,0.0
2023-03-09 12:00:00,143.798,144.129,143.619,143.899,21937.0,12,0.0
2023-03-09 16:00:00,143.901,144.271,143.872,144.089,24720.0,12,0.0
2023-03-09 20:00:00,144.09,144.138,143.937,144.028,19584.0,15,0.0
2023-03-10 00:00:00,144.018,144.42,143.911,144.036,16457.0,16,0.0
2023-03-10 04:00:00,144.037,144.99,143.851,144.655,23260.0,11,0.0
2023-03-10 08:00:00,144.658,144.899,144.043,144.736,29498.0,12,0.0
2023-03-10 12:00:00,144.736,145.1,144.304,144.734,30119.0,11,0.0
2023-03-10 16:00:00,144.733,144.792,143.49,143.743,45858.0,11,0.0
2023-03-10 20:00:00,143.744,143.832,143.348,143.724,24164.0,12,0.0
2023-03-13 00:00:00,143.058,144.209,142.892,143.728,30175.0,13,0.0
2023-03-13 04:00:00,143.73,144.084,143.331,144.046,26079.0,12,0.0
2023-03-13 08:00:00,144.044,144.387,141.908,142.168,41435.0,11,0.0
2023-03-13 12:00:00,142.168,142.758,141.368,142.345,51547.0,11,0.0
2023-03-13 16:00:00,142.345,143.148,142.225,143.005,43502.0,11,0.0
2023-03-13 20:00:00,143.004,143.311,142.89,142.905,22054.0,16,0.0
2023-03-14 00:00:00,142.893,143.419,142.626,143.195,20095.0,12,0.0
2023-03-14 04:00:00,143.195,143.405,143.012,143.312,18417.0,12,0.0
2023-03-14 08:00:00,143.311,143.77,142.534,143.765,38706.0,11,0.0
2023-03-14 12:00:00,143.764,144.41,143.502,144.267,40233.0,11,0.0
2023-03-14 16:00:00,144.267,144.407,143.918,144.234,34083.0,12,0.0
2023-03-14 20:00:00,144.232,144.286,143.896,144.057,15818.0,12,0.0
2023-03-15 00:00:00,144.069,144.478,144.012,144.217,17410.0,16,0.0
2023-03-15 04:00:00,144.217,144.651,144.11,144.576,17093.0,15,0.0
2023-03-15 08:00:00,144.576,144.964,142.99,143.299,35645.0,11,0.0
2023-03-15 12:00:00,143.298,143.298,139.478,139.98,56217.0,11,0.0
2023-03-15 16:00:00,139.975,140.642,139.539,140.449,43874.0,11,0.0
2023-03-15 20:00:00,140.449,141.578,140.329,140.909,26561.0,11,0.0
2023-03-16 00:00:00,140.934,141.412,140.214,140.954,24516.0,13,0.0
2023-03-16 04:00:00,140.953,141.201,140.52,140.787,23215.0,12,0.0
2023-03-16 08:00:00,140.788,141.582,140.72,141.064,38992.0,11,0.0
2023-03-16 12:00:00,141.064,141.155,139.126,140.385,42902.0,11,0.0
2023-03-16 16:00:00,140.375,141.919,139.661,141.591,47996.0,11,0.0
2023-03-16 20:00:00,141.587,141.998,141.546,141.738,17917.0,11,0.0
2023-03-17 00:00:00,141.737,141.838,141.529,141.676,18175.0,12,0.0
2023-03-17 04:00:00,141.676,141.933,141.505,141.671,18460.0,12,0.0
2023-03-17 08:00:00,141.672,142.214,141.463,141.734,31704.0,11,0.0
2023-03-17 12:00:00,141.73,141.769,140.172,140.683,40395.0,11,0.0
2023-03-17 16:00:00,140.661,141.201,140.16,140.975,38856.0,11,0.0
2023-03-17 20:00:00,140.976,141.0,140.478,140.623,19700.0,11,0.0
2023-03-20 00:00:00,140.729,141.748,140.603,141.277,22348.0,12,0.0
2023-03-20 04:00:00,141.274,141.381,140.573,140.788,20246.0,12,0.0
2023-03-20 08:00:00,140.789,140.801,138.823,140.061,49545.0,11,0.0
2023-03-20 12:00:00,140.059,141.231,139.943,141.113,46170.0,11,0.0
2023-03-20 16:00:00,141.113,141.412,140.751,141.065,37677.0,11,0.0
2023-03-20 20:00:00,141.065,141.108,140.64,140.737,15413.0,11,0.0
2023-03-21 00:00:00,140.732,141.107,140.419,140.647,16584.0,11,0.0
2023-03-21 04:00:00,140.648,140.772,140.515,140.637,12511.0,14,0.0
2023-03-21 08:00:00,140.636,142.101,140.631,142.063,31586.0,12,0.0
2023-03-21 12:00:00,142.063,142.787,142.011,142.524,33012.0,12,0.0
2023-03-21 16:00:00,142.523,142.708,141.897,142.591,33304.0,12,0.0
2023-03-21 20:00:00,142.59,142.783,142.519,142.578,11135.0,12,0.0
2023-03-22 00:00:00,142.579,143.035,142.445,142.826,16897.0,12,0.0
2023-03-22 04:00:00,142.828,142.867,142.42,142.657,16754.0,12,0.0
2023-03-22 08:00:00,142.655,142.987,142.385,142.977,26965.0,12,0.0
2023-03-22 12:00:00,142.977,143.625,142.927,143.083,13575.0,12,0.0
2023-03-22 16:00:00,143.058,143.229,143.002,143.104,10273.0,11,0.0
2023-03-22 20:00:00,142.81,142.849,142.305,142.642,9967.0,12,0.0
2023-03-23 00:00:00,142.625,142.778,142.303,142.493,21076.0,12,0.0
2023-03-23 04:00:00,142.494,142.696,142.185,142.619,22809.0,12,0.0
2023-03-23 08:00:00,142.612,143.082,142.477,142.734,33866.0,11,0.0
2023-03-23 12:00:00,142.736,143.195,142.624,142.763,31143.0,11,0.0
2023-03-23 16:00:00,142.75,143.098,142.36,142.453,20168.0,12,0.0
2023-03-23 20:00:00,142.196,142.203,141.152,141.706,26046.0,11,0.0
2023-03-24 00:00:00,141.701,141.833,141.249,141.365,6999.0,12,0.0
2023-03-24 04:00:00,141.366,141.481,140.889,140.97,23955.0,12,0.0
2023-03-24 08:00:00,140.966,141.284,139.124,139.179,37184.0,11,0.0
2023-03-24 12:00:00,139.179,140.482,139.069,140.451,46650.0,11,0.0
2023-03-24 16:00:00,140.491,140.851,140.358,140.647,19154.0,11,0.0
2023-03-24 20:00:00,140.646,140.812,140.588,140.645,14093.0,12,0.0
2023-03-27 00:00:00,140.494,141.075,140.488,140.737,16478.0,12,0.0
2023-03-27 04:00:00,140.738,141.015,140.567,140.742,20218.0,12,0.0
2023-03-27 08:00:00,140.74,141.543,140.629,141.124,31966.0,11,0.0
2023-03-27 12:00:00,141.121,141.929,141.082,141.891,28605.0,11,0.0
2023-03-27 16:00:00,141.888,142.073,141.549,142.009,28494.0,11,0.0
2023-03-27 20:00:00,142.01,142.219,141.91,142.074,14521.0,11,0.0
2023-03-28 00:00:00,142.062,142.086,141.297,141.463,14006.0,12,0.0
2023-03-28 04:00:00,141.46,141.585,141.145,141.227,20861.0,12,0.0
2023-03-28 08:00:00,141.227,142.152,141.046,141.695,30325.0,12,0.0
2023-03-28 12:00:00,141.694,142.004,141.438,141.624,27254.0,12,0.0
2023-03-28 16:00:00,141.622,142.11,141.601,141.987,29199.0,12,0.0
2023-03-28 20:00:00,141.987,142.004,141.542,141.947,13678.0,11,0.0
2023-03-29 00:00:00,141.931,142.468,141.789,142.433,12159.0,12,0.0
2023-03-29 04:00:00,142.432,142.826,142.404,142.737,18380.0,11,0.0
2023-03-29 08:00:00,142.737,143.094,142.668,142.981,26504.0,12,0.0
2023-03-29 12:00:00,142.981,143.912,142.733,143.835,27489.0,11,0.0
2023-03-29 16:00:00,143.835,143.87,143.234,143.624,31388.0,12,0.0
2023-03-29 20:00:00,143.625,144.095,143.612,144.079,14397.0,11,0.0
2023-03-30 00:00:00,144.053,144.053,143.573,143.756,14055.0,12,0.0
2023-03-30 04:00:00,143.755,143.87,143.566,143.692,17235.0,16,0.0
2023-03-30 08:00:00,143.691,144.155,143.133,144.104,30293.0,11,0.0
2023-03-30 12:00:00,144.107,144.869,143.991,144.849,27830.0,11,0.0
2023-03-30 16:00:00,144.852,145.082,144.307,144.363,28185.0,12,0.0
2023-03-30 20:00:00,144.362,144.711,144.172,144.693,12989.0,12,0.0
2023-03-31 00:00:00,144.692,145.672,144.565,145.438,12917.0,11,0.0
2023-03-31 04:00:00,145.44,145.478,144.723,144.745,18508.0,13,0.0
2023-03-31 08:00:00,144.746,145.376,144.551,145.333,27699.0,12,0.0
2023-03-31 12:00:00,145.325,145.325,144.592,144.886,26969.0,12,0.0
2023-03-31 16:00:00,144.886,145.008,144.164,144.303,29722.0,12,0.0
2023-03-31 20:00:00,144.302,144.339,143.886,143.939,13943.0,12,0.0
2023-04-03 00:00:00,144.503,144.575,143.707,143.86,21096.0,16,0.0
2023-04-03 04:00:00,143.858,144.086,143.622,144.054,20427.0,16,0.0
2023-04-03 08:00:00,144.052,144.827,143.925,144.688,25972.0,11,0.0
2023-04-03 12:00:00,144.687,144.936,144.379,144.613,26716.0,12,0.0
2023-04-03 16:00:00,144.613,144.774,143.898,144.224,29708.0,11,0.0
2023-04-03 20:00:00,144.224,144.469,144.094,144.35,12609.0,12,0.0
2023-04-04 00:00:00,144.354,144.547,144.164,144.499,12030.0,12,0.0
2023-04-04 04:00:00,144.499,144.761,144.49,144.606,16139.0,16,0.0
2023-04-04 08:00:00,144.619,145.131,144.534,145.092,25764.0,11,0.0
2023-04-04 12:00:00,145.09,145.428,144.63,144.749,24037.0,12,0.0
2023-04-04 16:00:00,144.75,144.809,143.96,144.073,33993.0,11,0.0
2023-04-04 20:00:00,144.073,144.354,144.062,144.319,11676.0,16,0.0
2023-04-05 00:00:00,144.286,144.286,143.819,144.112,12206.0,14,0.0
2023-04-05 04:00:00,144.104,144.443,143.942,144.193,15973.0,11,0.0
2023-04-05 08:00:00,144.193,144.228,143.583,143.891,25640.0,12,0.0
2023-04-05 12:00:00,143.89,144.258,143.405,143.482,25463.0,11,0.0
2023-04-05 16:00:00,143.485,143.556,142.673,142.871,31256.0,11,0.0
2023-04-05 20:00:00,142.87,143.203,142.772,143.165,10885.0,12,0.0
2023-04-06 00:00:00,143.148,143.167,142.549,142.844,13305.0,12,0.0
2023-04-06 04:00:00,142.844,142.929,142.659,142.831,12318.0,16,0.0
2023-04-06 08:00:00,142.831,143.451,142.799,143.193,21231.0,12,0.0
2023-04-06 12:00:00,143.191,143.561,142.87,143.298,22429.0,11,0.0
2023-04-06 16:00:00,143.299,143.957,143.279,143.863,23932.0,12,0.0
2023-04-06 20:00:00,143.863,143.998,143.816,143.856,8648.0,16,0.0
2023-04-07 00:00:00,143.849,144.0,143.676,143.786,7516.0,12,0.0
2023-04-07 04:00:00,143.787,143.93,143.625,143.729,9999.0,16,0.0
2023-04-07 08:00:00,143.727,144.014,143.687,143.85,12634.0,12,0.0
2023-04-07 12:00:00,143.849,144.171,143.587,144.04,20621.0,12,0.0
2023-04-07 16:00:00,144.04,144.185,143.955,144.124,16234.0,12,0.0
2023-04-07 20:00:00,144.122,144.199,143.907,143.972,13139.0,16,0.0
2023-04-10 00:00:00,144.054,144.673,143.807,144.583,11491.0,12,0.0
2023-04-10 04:00:00,144.583,144.688,144.447,144.55,14174.0,16,0.0
2023-04-10 08:00:00,144.55,144.589,144.061,144.123,17758.0,12,0.0
2023-04-10 12:00:00,144.122,144.805,144.066,144.645,26400.0,12,0.0
2023-04-10 16:00:00,144.639,145.092,144.599,145.029,22578.0,12,0.0
2023-04-10 20:00:00,145.029,145.152,144.94,145.112,8767.0,12,0.0
2023-04-11 00:00:00,145.093,145.183,144.874,145.109,9521.0,12,0.0
2023-04-11 04:00:00,145.108,145.342,145.096,145.173,15894.0,16,0.0
2023-04-11 08:00:00,145.17,145.426,145.0,145.168,23097.0,12,0.0
2023-04-11 12:00:00,145.169,145.423,145.156,145.245,22086.0,12,0.0
2023-04-11 16:00:00,145.243,145.862,145.234,145.744,22498.0,12,0.0
2023-04-11 20:00:00,145.744,145.962,145.664,145.893,10136.0,12,0.0
2023-04-12 00:00:00,145.882,146.13,145.788,146.049,12492.0,12,0.0
2023-04-12 04:00:00,146.045,146.352,145.92,146.14,11338.0,16,0.0
2023-04-12 08:00:00,146.142,146.381,145.968,146.183,17881.0,12,0.0
2023-04-12 12:00:00,146.178,146.268,145.791,145.862,20760.0,11,0.0
2023-04-12 16:00:00,145.862,146.485,145.784,146.452,27875.0,12,0.0
2023-04-12 20:00:00,146.452,146.663,146.219,146.351,13371.0,12,0.0
2023-04-13 00:00:00,146.338,146.601,146.172,146.51,8568.0,12,0.0
2023-04-13 04:00:00,146.51,146.563,146.335,146.467,10958.0,12,0.0
2023-04-13 08:00:00,146.466,146.712,146.134,146.679,19099.0,12,0.0
2023-04-13 12:00:00,146.678,146.882,146.347,146.403,21940.0,11,0.0
2023-04-13 16:00:00,146.404,146.447,146.074,146.35,25469.0,12,0.0
2023-04-13 20:00:00,146.351,146.697,146.349,146.443,9943.0,12,0.0
2023-04-14 00:00:00,146.433,146.647,146.381,146.567,8956.0,11,0.0
2023-04-14 04:00:00,146.567,146.665,146.381,146.636,13875.0,12,0.0
2023-04-14 08:00:00,146.636,146.711,146.24,146.524,19298.0,12,0.0
2023-04-14 12:00:00,146.528,146.853,146.285,146.774,23756.0,11,0.0
2023-04-14 16:00:00,146.773,147.005,146.621,146.86,27159.0,11,0.0
2023-04-14 20:00:00,146.861,147.157,146.803,147.02,9800.0,16,0.0
2023-04-17 00:00:00,147.059,147.187,146.84,146.863,11191.0,12,0.0
2023-04-17 04:00:00,146.865,147.296,146.818,147.259,9688.0,12,0.0
2023-04-17 08:00:00,147.258,147.45,146.795,146.896,18741.0,12,0.0
2023-04-17 12:00:00,146.894,147.26,146.798,146.853,19526.0,11,0.0
2023-04-17 16:00:00,146.851,147.077,146.662,146.715,25547.0,12,0.0
2023-04-17 20:00:00,146.715,146.987,146.715,146.933,6685.0,12,0.0
2023-04-18 00:00:00,146.91,146.969,146.72,146.82,8272.0,12,0.0
2023-04-18 04:00:00,146.82,147.205,146.806,147.034,13022.0,12,0.0
2023-04-18 08:00:00,147.034,147.379,146.933,147.296,19582.0,12,0.0
2023-04-18 12:00:00,147.288,147.308,146.821,147.014,20019.0,12,0.0
2023-04-18 16:00:00,147.012,147.107,146.789,147.098,19996.0,12,0.0
2023-04-18 20:00:00,147.097,147.13,147.006,147.128,7650.0,12,0.0
2023-04-19 00:00:00,147.119,147.235,146.843,147.179,8437.0,12,0.0
2023-04-19 04:00:00,147.177,147.436,147.123,147.33,9143.0,12,0.0
2023-04-19 08:00:00,147.331,147.81,147.31,147.764,21310.0,11,0.0
2023-04-19 12:00:00,147.763,147.861,147.069,147.142,22999.0,11,0.0
2023-04-19 16:00:00,147.14,147.734,147.07,147.669,20448.0,12,0.0
2023-04-19 20:00:00,147.669,147.699,147.526,147.583,8414.0,12,0.0
2023-04-20 00:00:00,147.552,147.752,147.461,147.735,8853.0,12,0.0
2023-04-20 04:00:00,147.735,147.831,147.576,147.707,10985.0,12,0.0
2023-04-20 08:00:00,147.708,147.776,147.296,147.757,18259.0,12,0.0
2023-04-20 12:00:00,147.75,147.824,147.135,147.396,21613.0,12,0.0
2023-04-20 16:00:00,147.398,147.446,147.018,147.13,20585.0,11,0.0
2023-04-20 20:00:00,147.128,147.355,147.119,147.241,8706.0,12,0.0
2023-04-21 00:00:00,147.22,147.292,146.922,147.154,6574.0,12,0.0
2023-04-21 04:00:00,147.154,147.182,146.628,146.731,9140.0,12,0.0
2023-04-21 08:00:00,146.731,147.032,146.4,146.605,19826.0,12,0.0
2023-04-21 12:00:00,146.602,147.019,146.457,146.84,18711.0,12,0.0
2023-04-21 16:00:00,146.837,147.563,146.74,147.263,27689.0,11,0.0
2023-04-21 20:00:00,147.258,147.431,147.194,147.351,10304.0,12,0.0
2023-04-24 00:00:00,147.256,147.414,147.116,147.302,7392.0,16,0.0
2023-04-24 04:00:00,147.295,147.664,147.234,147.529,11901.0,16,0.0
2023-04-24 08:00:00,147.529,147.842,147.163,147.832,19044.0,16,0.0
2023-04-24 12:00:00,147.83,148.299,147.753,148.258,18343.0,16,0.0
2023-04-24 16:00:00,148.258,148.471,148.093,148.275,18857.0,16,0.0
2023-04-24 20:00:00,148.276,148.422,148.219,148.266,6704.0,16,0.0
2023-04-25 00:00:00,148.247,148.603,148.014,148.52,9351.0,16,0.0
2023-04-25 04:00:00,148.52,148.612,148.301,148.412,11700.0,16,0.0
2023-04-25 08:00:00,148.411,148.622,147.789,148.057,23270.0,16,0.0
2023-04-25 12:00:00,148.056,148.125,147.47,147.532,19721.0,16,0.0
2023-04-25 16:00:00,147.534,147.594,146.781,146.791,24355.0,16,0.0
2023-04-25 20:00:00,146.791,146.868,146.287,146.733,14124.0,16,0.0
2023-04-26 00:00:00,146.713,146.885,146.529,146.77,11434.0,16,0.0
2023-04-26 04:00:00,146.771,146.776,146.454,146.687,11372.0,16,0.0
2023-04-26 08:00:00,146.687,147.489,146.648,147.444,25008.0,16,0.0
2023-04-26 12:00:00,147.446,147.912,147.102,147.697,30807.0,16,0.0
2023-04-26 16:00:00,147.697,147.828,147.187,147.741,31435.0,16,0.0
2023-04-26 20:00:00,147.742,147.761,147.319,147.557,12408.0,16,0.0
2023-04-27 00:00:00,147.538,147.641,147.323,147.487,10292.0,16,0.0
2023-04-27 04:00:00,147.487,147.821,147.412,147.756,13497.0,16,0.0
2023-04-27 08:00:00,147.756,147.988,147.56,147.953,22079.0,16,0.0
2023-04-27 12:00:00,147.952,147.983,147.138,147.445,25452.0,16,0.0
2023-04-27 16:00:00,147.445,147.753,147.376,147.493,26623.0,16,0.0
2023-04-27 20:00:00,147.492,147.789,147.421,147.713,11648.0,16,0.0
2023-04-28 00:00:00,147.667,147.874,147.394,147.815,13785.0,16,0.0
2023-04-28 04:00:00,147.816,148.491,146.806,148.355,26045.0,16,0.0
2023-04-28 08:00:00,148.353,149.501,148.283,148.973,36770.0,16,0.0
2023-04-28 12:00:00,148.973,149.541,148.924,149.366,26051.0,16,0.0
2023-04-28 16:00:00,149.367,150.43,149.333,150.012,32159.0,16,0.0
2023-04-28 20:00:00,150.014,150.129,149.913,150.039,14491.0,16,0.0
2023-05-01 00:00:00,150.069,150.599,149.989,150.451,13820.0,16,0.0
2023-05-01 04:00:00,150.451,150.842,150.327,150.667,14343.0,16,0.0
2023-05-01 08:00:00,150.667,150.76,150.374,150.401,16789.0,16,0.0
2023-05-01 12:00:00,150.401,150.926,150.312,150.921,16402.0,16,0.0
2023-05-01 16:00:00,150.92,150.958,150.632,150.818,22931.0,16,0.0
2023-05-01 20:00:00,150.817,150.95,150.737,150.916,12551.0,16,0.0
2023-05-02 00:00:00,150.918,151.009,150.73,150.924,9002.0,16,0.0
2023-05-02 04:00:00,150.924,151.293,150.916,151.283,14856.0,16,0.0
2023-05-02 08:00:00,151.278,151.613,150.697,150.891,26955.0,16,0.0
2023-05-02 12:00:00,150.897,151.064,150.422,150.754,23327.0,16,0.0
2023-05-02 16:00:00,150.754,150.764,149.83,150.14,33933.0,16,0.0
2023-05-02 20:00:00,150.139,150.418,150.112,150.236,13696.0,16,0.0
2023-05-03 00:00:00,150.221,150.388,150.17,150.317,7596.0,16,0.0
2023-05-03 04:00:00,150.317,150.341,149.872,150.001,11267.0,16,0.0
2023-05-03 08:00:00,150.001,150.125,149.629,149.807,24850.0,16,0.0
2023-05-03 12:00:00,149.807,149.975,149.432,149.494,23910.0,16,0.0
2023-05-03 16:00:00,149.495,149.655,149.299,149.593,27825.0,16,0.0
2023-05-03 20:00:00,149.593,149.973,149.041,149.046,35502.0,16,0.0
2023-05-04 00:00:00,149.038,149.096,148.824,149.005,15822.0,16,0.0
2023-05-04 04:00:00,149.005,149.176,148.94,149.124,11649.0,16,0.0
2023-05-04 08:00:00,149.124,149.202,148.562,148.608,28453.0,16,0.0
2023-05-04 12:00:00,148.609,148.979,148.302,148.438,31219.0,16,0.0
2023-05-04 16:00:00,148.436,148.974,147.123,147.467,47894.0,16,0.0
2023-05-04 20:00:00,147.466,147.975,147.446,147.855,20330.0,16,0.0
2023-05-05 00:00:00,147.832,148.011,147.714,147.88,7480.0,16,0.0
2023-05-05 04:00:00,147.881,148.051,147.821,147.922,10715.0,16,0.0
2023-05-05 08:00:00,147.921,148.126,147.685,147.946,24077.0,16,0.0
2023-05-05 12:00:00,147.945,148.283,147.772,148.149,22512.0,16,0.0
2023-05-05 16:00:00,148.15,148.702,147.987,148.564,28860.0,16,0.0
2023-05-05 20:00:00,148.567,148.657,148.372,148.543,11544.0,16,0.0
2023-05-08 00:00:00,148.582,149.082,148.523,148.71,10599.0,16,0.0
2023-05-08 04:00:00,148.711,148.901,148.636,148.803,10226.0,16,0.0
2023-05-08 08:00:00,148.803,149.267,148.662,148.949,17261.0,16,0.0
2023-05-08 12:00:00,148.949,149.241,148.806,149.066,17699.0,16,0.0
2023-05-08 16:00:00,149.064,149.145,148.453,148.547,18289.0,5,0.0
2023-05-08 20:00:00,148.547,148.776,148.493,148.655,12079.0,16,0.0
2023-05-09 00:00:00,148.638,148.69,148.494,148.593,11406.0,16,0.0
2023-05-09 04:00:00,148.594,148.603,148.275,148.356,12622.0,16,0.0
2023-05-09 08:00:00,148.355,148.448,147.963,148.264,24489.0,16,0.0
2023-05-09 12:00:00,148.262,148.406,147.887,148.034,20422.0,16,0.0
2023-05-09 16:00:00,148.033,148.211,147.902,148.178,22317.0,16,0.0
2023-05-09 20:00:00,148.177,148.318,148.097,148.201,12940.0,16,0.0
2023-05-10 00:00:00,148.196,148.433,147.926,148.249,9021.0,16,0.0
2023-05-10 04:00:00,148.248,148.479,148.196,148.379,9578.0,16,0.0
2023-05-10 08:00:00,148.381,148.668,148.029,148.135,21154.0,16,0.0
2023-05-10 12:00:00,148.139,148.211,147.647,147.85,25299.0,16,0.0
2023-05-10 16:00:00,147.847,148.022,147.345,147.375,31045.0,16,0.0
2023-05-10 20:00:00,147.374,147.594,147.04,147.578,15127.0,16,0.0
2023-05-11 00:00:00,147.553,147.575,147.114,147.373,10377.0,16,0.0
2023-05-11 04:00:00,147.371,147.505,147.198,147.335,12008.0,16,0.0
2023-05-11 08:00:00,147.333,147.441,146.796,147.314,26429.0,16,0.0
2023-05-11 12:00:00,147.314,147.394,146.238,146.318,29055.0,16,0.0
2023-05-11 16:00:00,146.319,146.916,146.133,146.85,31087.0,16,0.0
2023-05-11 20:00:00,146.851,146.923,146.617,146.866,13248.0,16,0.0
2023-05-12 00:00:00,146.852,146.927,146.739,146.919,9482.0,16,0.0
2023-05-12 04:00:00,146.918,147.089,146.85,147.034,10932.0,16,0.0
2023-05-12 08:00:00,147.032,147.469,146.901,147.078,21871.0,16,0.0
2023-05-12 12:00:00,147.078,147.089,146.813,146.945,17307.0,16,0.0
2023-05-12 16:00:00,146.941,147.302,146.658,147.213,27061.0,16,0.0
2023-05-12 20:00:00,147.213,147.367,147.189,147.242,10428.0,16,0.0
2023-05-15 00:00:00,147.184,147.589,147.159,147.464,11096.0,16,0.0
2023-05-15 04:00:00,147.462,147.928,147.357,147.828,11808.0,16,0.0
2023-05-15 08:00:00,147.826,148.075,147.598,147.928,20262.0,16,0.0
2023-05-15 12:00:00,147.928,148.175,147.614,147.835,20468.0,16,0.0
2023-05-15 16:00:00,147.836,148.133,147.827,148.04,20903.0,16,0.0
2023-05-15 20:00:00,148.04,148.069,147.922,147.988,11940.0,16,0.0
2023-05-16 00:00:00,147.983,148.012,147.838,147.91,6535.0,16,0.0
2023-05-16 04:00:00,147.91,148.031,147.768,147.981,11197.0,16,0.0
2023-05-16 08:00:00,147.981,148.045,147.606,147.954,18768.0,16,0.0
2023-05-16 12:00:00,147.954,148.115,147.601,148.1,18534.0,16,0.0
2023-05-16 16:00:00,148.1,148.499,148.059,148.43,27241.0,16,0.0
2023-05-16 20:00:00,148.431,148.443,148.006,148.116,10266.0,16,0.0
2023-05-17 00:00:00,148.118,148.325,148.055,148.309,6628.0,16,0.0
2023-05-17 04:00:00,148.309,148.414,148.211,148.388,8698.0,16,0.0
2023-05-17 08:00:00,148.385,148.661,148.276,148.411,22683.0,16,0.0
2023-05-17 12:00:00,148.4,148.493,148.165,148.445,20130.0,16,0.0
2023-05-17 16:00:00,148.444,149.087,148.402,149.036,22143.0,16,0.0
2023-05-17 20:00:00,149.039,149.237,148.999,149.229,11220.0,16,0.0
2023-05-18 00:00:00,149.209,149.246,149.014,149.019,8922.0,16,0.0
2023-05-18 04:00:00,149.018,149.171,148.863,149.06,10303.0,16,0.0
2023-05-18 08:00:00,149.06,149.206,148.773,149.022,20461.0,16,0.0
2023-05-18 12:00:00,149.021,149.304,148.833,149.224,19344.0,16,0.0
2023-05-18 16:00:00,149.225,149.322,149.022,149.148,23021.0,16,0.0
2023-05-18 20:00:00,149.15,149.448,149.095,149.367,11717.0,16,0.0
2023-05-19 00:00:00,149.361,149.432,149.021,149.119,9825.0,16,0.0
2023-05-19 04:00:00,149.118,149.199,148.98,149.028,10828.0,16,0.0
2023-05-19 08:00:00,149.021,149.103,148.751,149.067,19437.0,16,0.0
2023-05-19 12:00:00,149.066,149.799,149.008,149.72,20401.0,16,0.0
2023-05-19 16:00:00,149.719,149.781,148.713,149.102,29649.0,16,0.0
2023-05-19 20:00:00,149.1,149.262,149.004,149.045,13234.0,16,0.0
2023-05-22 00:00:00,149.08,149.13,148.883,149.014,8436.0,16,0.0
2023-05-22 04:00:00,149.011,149.081,148.835,149.066,11196.0,16,0.0
2023-05-22 08:00:00,149.066,149.275,148.87,149.002,19957.0,16,0.0
2023-05-22 12:00:00,149.001,149.893,148.969,149.76,19914.0,16,0.0
2023-05-22 16:00:00,149.761,149.918,149.304,149.771,25079.0,16,0.0
2023-05-22 20:00:00,149.77,149.915,149.549,149.833,13524.0,16,0.0
2023-05-23 00:00:00,149.811,150.011,149.699,149.78,10504.0,16,0.0
2023-05-23 04:00:00,149.786,150.052,149.554,149.627,13014.0,16,0.0
2023-05-23 08:00:00,149.627,149.854,149.285,149.443,22022.0,16,0.0
2023-05-23 12:00:00,149.443,149.559,149.102,149.467,19393.0,16,0.0
2023-05-23 16:00:00,149.467,149.498,149.142,149.27,25638.0,16,0.0
2023-05-23 20:00:00,149.271,149.394,149.168,149.246,12926.0,16,0.0
2023-05-24 00:00:00,149.236,149.309,149.176,149.218,7348.0,16,0.0
2023-05-24 04:00:00,149.219,149.256,149.084,149.214,11828.0,16,0.0
2023-05-24 08:00:00,149.215,149.577,149.065,149.35,24520.0,16,0.0
2023-05-24 12:00:00,149.35,149.74,148.841,149.644,23792.0,16,0.0
2023-05-24 16:00:00,149.644,149.901,149.485,149.839,28480.0,16,0.0
2023-05-24 20:00:00,149.841,149.934,149.573,149.892,19162.0,16,0.0
2023-05-25 00:00:00,149.87,149.919,149.289,149.857,12789.0,16,0.0
2023-05-25 04:00:00,149.855,150.035,149.81,149.823,11292.0,16,0.0
2023-05-25 08:00:00,149.823,149.985,149.358,149.573,22919.0,16,0.0
2023-05-25 12:00:00,149.572,149.83,149.36,149.759,21419.0,16,0.0
2023-05-25 16:00:00,149.757,150.006,149.448,149.899,27102.0,16,0.0
2023-05-25 20:00:00,149.899,150.313,149.836,150.171,11684.0,16,0.0
2023-05-26 00:00:00,150.153,150.266,149.924,150.034,10508.0,16,0.0
2023-05-26 04:00:00,150.03,150.163,149.918,150.052,13314.0,16,0.0
2023-05-26 08:00:00,150.05,150.147,149.791,149.918,20619.0,16,0.0
2023-05-26 12:00:00,149.915,150.647,149.842,150.469,20992.0,16,0.0
2023-05-26 16:00:00,150.468,150.716,150.293,150.709,27595.0,16,0.0
2023-05-26 20:00:00,150.711,150.933,150.69,150.773,10467.0,16,0.0
2023-05-29 00:00:00,150.666,151.064,150.641,150.884,9127.0,16,0.0
2023-05-29 04:00:00,150.885,150.911,150.694,150.744,10574.0,16,0.0
2023-05-29 08:00:00,150.745,150.802,150.461,150.477,16058.0,16,0.0
2023-05-29 12:00:00,150.477,150.499,150.132,150.226,14616.0,16,0.0
2023-05-29 16:00:00,150.223,150.369,150.093,150.345,8592.0,16,0.0
2023-05-29 20:00:00,150.345,150.425,150.321,150.369,2676.0,16,0.0
2023-05-30 00:00:00,150.372,150.564,150.126,150.228,7481.0,16,0.0
2023-05-30 04:00:00,150.228,150.269,150.061,150.254,11830.0,16,0.0
2023-05-30 08:00:00,150.254,150.623,149.749,150.043,27294.0,16,0.0
2023-05-30 12:00:00,150.043,150.533,149.878,149.925,27525.0,16,0.0
2023-05-30 16:00:00,149.925,150.27,149.767,150.008,24151.0,16,0.0
2023-05-30 20:00:00,150.007,150.055,149.733,150.035,10901.0,16,0.0
2023-05-31 00:00:00,149.999,150.101,149.882,149.935,8820.0,16,0.0
2023-05-31 04:00:00,149.935,150.058,149.511,149.561,10428.0,16,0.0
2023-05-31 08:00:00,149.56,149.56,148.857,149.187,27055.0,16,0.0
2023-05-31 12:00:00,149.188,149.534,149.08,149.32,19473.0,16,0.0
2023-05-31 16:00:00,149.321,149.765,148.608,148.64,28808.0,16,0.0
2023-05-31 20:00:00,148.64,148.98,148.588,148.918,15563.0,16,0.0
2023-06-01 00:00:00,148.909,148.952,148.615,148.75,10028.0,16,0.0
2023-06-01 04:00:00,148.75,149.187,148.682,148.92,12415.0,16,0.0
2023-06-01 08:00:00,148.921,149.458,148.915,149.378,20098.0,16,0.0
2023-06-01 12:00:00,149.38,149.679,148.955,148.968,22176.0,16,0.0
2023-06-01 16:00:00,148.96,149.423,148.678,149.34,27248.0,16,0.0
2023-06-01 20:00:00,149.341,149.456,149.265,149.371,8598.0,16,0.0
2023-06-02 00:00:00,149.37,149.556,149.241,149.535,7238.0,16,0.0
2023-06-02 04:00:00,149.536,149.623,149.256,149.511,11067.0,16,0.0
2023-06-02 08:00:00,149.512,149.708,149.495,149.574,17632.0,16,0.0
2023-06-02 12:00:00,149.574,149.72,149.274,149.657,20856.0,16,0.0
2023-06-02 16:00:00,149.658,149.915,149.602,149.822,24841.0,16,0.0
2023-06-02 20:00:00,149.821,149.961,149.799,149.858,9278.0,16,0.0
2023-06-05 00:00:00,149.862,149.995,149.795,149.829,8656.0,16,0.0
2023-06-05 04:00:00,149.829,150.052,149.738,149.885,12352.0,16,0.0
2023-06-05 08:00:00,149.885,150.195,149.774,150.022,20925.0,16,0.0
2023-06-05 12:00:00,150.022,150.098,149.588,149.679,15658.0,16,0.0
2023-06-05 16:00:00,149.677,149.806,149.228,149.649,26848.0,16,0.0
2023-06-05 20:00:00,149.65,149.734,149.441,149.483,11173.0,16,0.0
2023-06-06 00:00:00,149.472,149.574,149.205,149.559,8583.0,16,0.0
2023-06-06 04:00:00,149.554,149.694,149.455,149.538,13120.0,16,0.0
2023-06-06 08:00:00,149.536,149.657,148.874,148.943,27135.0,16,0.0
2023-06-06 12:00:00,148.944,149.272,148.82,149.149,21828.0,16,0.0
2023-06-06 16:00:00,149.148,149.477,149.12,149.272,21892.0,16,0.0
2023-06-06 20:00:00,149.273,149.39,149.194,149.287,10580.0,16,0.0
2023-06-07 00:00:00,149.293,149.339,149.135,149.138,7357.0,16,0.0
2023-06-07 04:00:00,149.136,149.148,148.756,148.867,13153.0,16,0.0
2023-06-07 08:00:00,148.866,149.079,148.63,149.023,19940.0,16,0.0
2023-06-07 12:00:00,149.024,149.57,148.921,149.546,18557.0,16,0.0
2023-06-07 16:00:00,149.544,149.915,149.27,149.905,27982.0,16,0.0
2023-06-07 20:00:00,149.903,150.015,149.808,149.947,11588.0,16,0.0
2023-06-08 00:00:00,149.867,150.004,149.625,149.844,9535.0,16,0.0
2023-06-08 04:00:00,149.844,149.995,149.601,149.669,12627.0,16,0.0
2023-06-08 08:00:00,149.67,149.889,149.585,149.883,21606.0,16,0.0
2023-06-08 12:00:00,149.882,150.041,149.716,149.827,21220.0,16,0.0
2023-06-08 16:00:00,149.827,149.946,149.598,149.812,27336.0,16,0.0
2023-06-08 20:00:00,149.815,149.852,149.721,149.775,8952.0,16,0.0
2023-06-09 00:00:00,149.757,149.956,149.637,149.901,7922.0,16,0.0
2023-06-09 04:00:00,149.903,150.143,149.89,150.069,11698.0,16,0.0
2023-06-09 08:00:00,150.068,150.435,150.066,150.314,21558.0,16,0.0
2023-06-09 12:00:00,150.316,150.331,149.788,149.975,22357.0,16,0.0
2023-06-09 16:00:00,149.976,150.36,149.709,149.785,26296.0,16,0.0
2023-06-09 20:00:00,149.784,149.89,149.715,149.792,9793.0,16,0.0
2023-06-12 00:00:00,149.705,149.922,149.65,149.794,7068.0,16,0.0
2023-06-12 04:00:00,149.796,149.902,149.698,149.795,13064.0,16,0.0
2023-06-12 08:00:00,149.795,150.345,149.762,150.019,20565.0,16,0.0
2023-06-12 12:00:00,150.018,150.196,149.761,149.866,22747.0,16,0.0
2023-06-12 16:00:00,149.865,150.256,149.859,150.176,23996.0,16,0.0
2023-06-12 20:00:00,150.173,150.242,150.038,150.174,10602.0,16,0.0
2023-06-13 00:00:00,150.166,150.283,150.032,150.262,7252.0,16,0.0
2023-06-13 04:00:00,150.262,150.423,150.164,150.397,11334.0,16,0.0
2023-06-13 08:00:00,150.397,150.792,150.362,150.767,23729.0,16,0.0
2023-06-13 12:00:00,150.767,150.909,150.241,150.481,24421.0,16,0.0
2023-06-13 16:00:00,150.488,151.25,150.248,151.118,31075.0,16,0.0
2023-06-13 20:00:00,151.117,151.373,151.04,151.328,12949.0,16,0.0
2023-06-14 00:00:00,151.309,151.354,151.079,151.098,7087.0,16,0.0
2023-06-14 04:00:00,151.096,151.239,150.995,151.164,9710.0,16,0.0
2023-06-14 08:00:00,151.163,151.252,150.915,151.195,19078.0,16,0.0
2023-06-14 12:00:00,151.194,151.357,151.063,151.299,22004.0,16,0.0
2023-06-14 16:00:00,151.298,151.394,151.148,151.373,21888.0,16,0.0
2023-06-14 20:00:00,151.372,151.775,151.228,151.726,31028.0,16,0.0
2023-06-15 00:00:00,151.702,152.141,151.465,152.128,8371.0,16,0.0
2023-06-15 04:00:00,152.128,152.773,152.117,152.733,19205.0,16,0.0
2023-06-15 08:00:00,152.731,153.065,152.711,153.032,23538.0,16,0.0
2023-06-15 12:00:00,153.031,153.386,152.716,152.855,27227.0,16,0.0
2023-06-15 16:00:00,152.855,153.64,152.743,153.558,29755.0,16,0.0
2023-06-15 20:00:00,153.559,153.683,153.463,153.5,10347.0,16,0.0
2023-06-16 00:00:00,153.493,153.549,153.309,153.358,8079.0,16,0.0
2023-06-16 04:00:00,153.358,153.96,153.089,153.833,18933.0,16,0.0
2023-06-16 08:00:00,153.833,154.713,153.812,154.446,29240.0,16,0.0
2023-06-16 12:00:00,154.432,154.794,154.086,154.73,23403.0,16,0.0
2023-06-16 16:00:00,154.731,155.098,154.337,155.097,30402.0,16,0.0
2023-06-16 20:00:00,155.099,155.231,154.948,155.188,11838.0,16,0.0
2023-06-19 00:00:00,154.942,155.32,154.893,155.247,9515.0,16,0.0
2023-06-19 04:00:00,155.247,155.254,154.647,154.714,14669.0,16,0.0
2023-06-19 08:00:00,154.714,155.175,154.69,155.05,18873.0,16,0.0
2023-06-19 12:00:00,155.048,155.143,154.813,155.005,17357.0,16,0.0
2023-06-19 16:00:00,155.004,155.077,154.677,154.93,11880.0,16,0.0
2023-06-19 20:00:00,154.928,155.076,154.923,155.034,2331.0,16,0.0
2023-06-20 00:00:00,155.01,155.259,154.861,155.172,10204.0,16,0.0
2023-06-20 04:00:00,155.172,155.304,154.585,155.036,18549.0,16,0.0
2023-06-20 08:00:00,155.036,155.378,154.682,154.811,25945.0,16,0.0
2023-06-20 12:00:00,154.812,154.843,154.423,154.475,21491.0,16,0.0
2023-06-20 16:00:00,154.484,154.591,154.044,154.197,26237.0,16,0.0
2023-06-20 20:00:00,154.197,154.416,154.143,154.391,8243.0,16,0.0
2023-06-21 00:00:00,154.378,154.678,154.3,154.676,9236.0,16,0.0
2023-06-21 04:00:00,154.676,154.772,154.459,154.771,15445.0,16,0.0
2023-06-21 08:00:00,154.771,155.344,154.613,155.123,26515.0,16,0.0
2023-06-21 12:00:00,155.122,155.134,154.743,155.001,23729.0,16,0.0
2023-06-21 16:00:00,155.006,155.748,154.987,155.708,28927.0,16,0.0
2023-06-21 20:00:00,155.707,155.907,155.583,155.873,13197.0,16,0.0
2023-06-22 00:00:00,155.839,155.929,155.679,155.907,8835.0,16,0.0
2023-06-22 04:00:00,155.903,155.913,155.61,155.772,12894.0,16,0.0
2023-06-22 08:00:00,155.77,156.107,155.707,156.072,25339.0,16,0.0
2023-06-22 12:00:00,156.072,156.499,155.882,156.213,24719.0,16,0.0
2023-06-22 16:00:00,156.213,156.642,156.056,156.636,26546.0,16,0.0
2023-06-22 20:00:00,156.635,156.928,156.569,156.759,12949.0,16,0.0
2023-06-23 00:00:00,156.752,156.824,156.616,156.753,9775.0,16,0.0
2023-06-23 04:00:00,156.753,156.785,156.339,156.434,18787.0,16,0.0
2023-06-23 08:00:00,156.429,156.811,155.054,155.204,31582.0,16,0.0
2023-06-23 12:00:00,155.204,155.9,155.199,155.545,26305.0,16,0.0
2023-06-23 16:00:00,155.545,156.638,155.491,156.61,29059.0,16,0.0
2023-06-23 20:00:00,156.612,156.65,156.512,156.56,12136.0,16,0.0
2023-06-26 00:00:00,156.427,156.703,156.186,156.426,12355.0,16,0.0
2023-06-26 04:00:00,156.43,156.723,156.252,156.324,16593.0,16,0.0
2023-06-26 08:00:00,156.324,156.528,155.75,155.916,26967.0,16,0.0
2023-06-26 12:00:00,155.916,156.458,155.861,156.234,19632.0,16,0.0
2023-06-26 16:00:00,156.239,156.706,156.232,156.617,26526.0,16,0.0
2023-06-26 20:00:00,156.618,156.682,156.459,156.462,10632.0,16,0.0
2023-06-27 00:00:00,156.465,156.555,156.389,156.47,7443.0,16,0.0
2023-06-27 04:00:00,156.469,156.835,156.41,156.743,17719.0,16,0.0
2023-06-27 08:00:00,156.744,157.273,156.709,157.209,22584.0,16,0.0
2023-06-27 12:00:00,157.207,157.459,157.008,157.393,24105.0,16,0.0
2023-06-27 16:00:00,157.395,157.877,157.222,157.777,28531.0,16,0.0
2023-06-27 20:00:00,157.777,157.934,157.774,157.885,10932.0,16,0.0
2023-06-28 00:00:00,157.878,157.897,157.516,157.529,10108.0,16,0.0
2023-06-28 04:00:00,157.529,157.711,157.431,157.647,15773.0,16,0.0
2023-06-28 08:00:00,157.647,157.986,157.472,157.792,21986.0,16,0.0
2023-06-28 12:00:00,157.787,157.925,157.48,157.794,23904.0,16,0.0
2023-06-28 16:00:00,157.794,157.995,157.227,157.314,30108.0,16,0.0
2023-06-28 20:00:00,157.315,157.696,157.262,157.658,10839.0,16,0.0
2023-06-29 00:00:00,157.643,157.644,157.294,157.332,9140.0,16,0.0
2023-06-29 04:00:00,157.332,157.453,157.242,157.38,16212.0,16,0.0
2023-06-29 08:00:00,157.38,157.919,157.306,157.437,25942.0,16,0.0
2023-06-29 12:00:00,157.439,157.841,157.424,157.54,23301.0,16,0.0
2023-06-29 16:00:00,157.542,157.569,157.278,157.456,31410.0,16,0.0
2023-06-29 20:00:00,157.455,157.501,157.284,157.284,10440.0,16,0.0
2023-06-30 00:00:00,157.272,157.549,157.207,157.512,8653.0,16,0.0
2023-06-30 04:00:00,157.512,157.581,157.218,157.308,15614.0,16,0.0
2023-06-30 08:00:00,157.308,157.349,156.734,156.734,22211.0,16,0.0
2023-06-30 12:00:00,156.723,157.419,156.665,157.419,21406.0,16,0.0
2023-06-30 16:00:00,157.418,157.878,157.379,157.579,28484.0,16,0.0
2023-06-30 20:00:00,157.579,157.637,157.389,157.412,12402.0,16,0.0
2023-07-03 00:00:00,157.412,157.541,157.301,157.463,7638.0,16,0.0
2023-07-03 04:00:00,157.463,157.829,157.463,157.692,12651.0,16,0.0
2023-07-03 08:00:00,157.691,157.709,157.403,157.543,23895.0,16,0.0
2023-07-03 12:00:00,157.543,157.926,157.253,157.727,21845.0,16,0.0
2023-07-03 16:00:00,157.728,157.952,157.329,157.932,25759.0,16,0.0
2023-07-03 20:00:00,157.931,157.941,157.822,157.894,5331.0,16,0.0
2023-07-04 00:00:00,157.873,157.904,157.583,157.604,5568.0,16,0.0
2023-07-04 04:00:00,157.604,157.779,157.587,157.678,10273.0,16,0.0
2023-07-04 08:00:00,157.678,157.687,157.266,157.313,16632.0,16,0.0
2023-07-04 12:00:00,157.314,157.461,157.276,157.326,14036.0,16,0.0
2023-07-04 16:00:00,157.325,157.49,157.178,157.436,12238.0,16,0.0
2023-07-04 20:00:00,157.437,157.473,157.114,157.115,3989.0,16,0.0
2023-07-05 00:00:00,157.11,157.414,157.091,157.265,6192.0,16,0.0
2023-07-05 04:00:00,157.264,157.425,157.139,157.177,9784.0,16,0.0
2023-07-05 08:00:00,157.177,157.721,156.784,157.18,23887.0,16,0.0
2023-07-05 12:00:00,157.18,157.461,156.896,157.312,20547.0,16,0.0
2023-07-05 16:00:00,157.31,157.344,156.871,157.086,23846.0,16,0.0
2023-07-05 20:00:00,157.085,157.097,156.974,156.981,9908.0,16,0.0
2023-07-06 00:00:00,156.974,156.992,156.427,156.476,8514.0,16,0.0
2023-07-06 04:00:00,156.475,156.714,155.957,156.103,16287.0,16,0.0
2023-07-06 08:00:00,156.103,156.479,155.84,156.442,30372.0,16,0.0
2023-07-06 12:00:00,156.445,156.9,156.335,156.799,28542.0,16,0.0
2023-07-06 16:00:00,156.799,157.136,156.454,156.679,33739.0,16,0.0
2023-07-06 20:00:00,156.678,156.927,156.667,156.896,9774.0,16,0.0
2023-07-07 00:00:00,156.875,156.928,156.563,156.824,7491.0,16,0.0
2023-07-07 04:00:00,156.823,156.901,156.649,156.652,11872.0,16,0.0
2023-07-07 08:00:00,156.655,156.672,155.435,155.509,27939.0,16,0.0
2023-07-07 12:00:00,155.509,156.342,155.483,156.309,27402.0,16,0.0
2023-07-07 16:00:00,156.309,156.361,155.381,155.914,32954.0,16,0.0
2023-07-07 20:00:00,155.913,155.991,155.781,155.835,9702.0,16,0.0
2023-07-10 00:00:00,155.685,156.274,155.685,156.23,10347.0,16,0.0
2023-07-10 04:00:00,156.23,156.67,156.111,156.613,15547.0,16,0.0
2023-07-10 08:00:00,156.612,156.635,155.758,156.047,21037.0,16,0.0
2023-07-10 12:00:00,156.046,156.297,155.646,155.903,17612.0,16,0.0
2023-07-10 16:00:00,155.903,155.956,155.326,155.477,25894.0,16,0.0
2023-07-10 20:00:00,155.477,155.491,155.375,155.457,8694.0,16,0.0
2023-07-11 00:00:00,155.45,155.671,155.335,155.577,9075.0,16,0.0
2023-07-11 04:00:00,155.574,155.585,154.929,155.109,15660.0,16,0.0
2023-07-11 08:00:00,155.109,155.265,154.629,154.647,26094.0,16,0.0
2023-07-11 12:00:00,154.645,154.705,154.179,154.272,22399.0,16,0.0
2023-07-11 16:00:00,154.27,154.802,154.212,154.402,22203.0,16,0.0
2023-07-11 20:00:00,154.403,154.558,154.382,154.489,8006.0,16,0.0
2023-07-12 00:00:00,154.473,154.485,153.832,153.974,11559.0,16,0.0
2023-07-12 04:00:00,153.973,154.121,153.722,153.952,16058.0,16,0.0
2023-07-12 08:00:00,153.952,154.099,153.64,153.874,20729.0,16,0.0
2023-07-12 12:00:00,153.872,154.054,153.328,154.009,26097.0,16,0.0
2023-07-12 16:00:00,154.013,154.282,153.682,154.068,36812.0,16,0.0
2023-07-12 20:00:00,154.068,154.25,153.902,154.161,11595.0,16,0.0
2023-07-13 00:00:00,154.133,154.368,153.878,154.324,11662.0,16,0.0
2023-07-13 04:00:00,154.323,154.494,154.227,154.332,14170.0,16,0.0
2023-07-13 08:00:00,154.335,154.628,154.078,154.449,25608.0,16,0.0
2023-07-13 12:00:00,154.45,155.131,154.437,154.994,25244.0,16,0.0
2023-07-13 16:00:00,154.992,155.017,154.489,154.722,26614.0,16,0.0
2023-07-13 20:00:00,154.728,155.005,154.692,154.98,10641.0,16,0.0
2023-07-14 00:00:00,154.945,155.018,154.474,154.523,12716.0,16,0.0
2023-07-14 04:00:00,154.528,154.727,154.171,154.682,17547.0,16,0.0
2023-07-14 08:00:00,154.681,155.359,154.584,155.35,22727.0,16,0.0
2023-07-14 12:00:00,155.35,155.831,155.298,155.821,25406.0,16,0.0
2023-07-14 16:00:00,155.821,156.133,155.475,155.849,37536.0,16,0.0
2023-07-14 20:00:00,155.846,155.977,155.713,155.787,10319.0,16,0.0
2023-07-17 00:00:00,155.616,155.89,155.328,155.33,9315.0,16,0.0
2023-07-17 04:00:00,155.333,155.693,155.333,155.633,11865.0,16,0.0
2023-07-17 08:00:00,155.635,155.985,155.461,155.537,22272.0,16,0.0
2023-07-17 12:00:00,155.537,156.18,155.097,156.084,28143.0,16,0.0
2023-07-17 16:00:00,156.082,156.339,155.902,155.928,27255.0,16,0.0
2023-07-17 20:00:00,155.929,156.093,155.843,155.903,9109.0,16,0.0
2023-07-18 00:00:00,155.881,156.124,155.751,156.062,9550.0,16,0.0
2023-07-18 04:00:00,156.061,156.142,155.739,155.792,13856.0,16,0.0
2023-07-18 08:00:00,155.792,155.946,155.275,155.371,29951.0,15,0.0
2023-07-18 12:00:00,155.371,155.665,155.111,155.224,32483.0,16,0.0
2023-07-18 16:00:00,155.223,156.104,154.873,156.0,46479.0,16,0.0
2023-07-18 20:00:00,156.0,156.061,155.796,155.864,9733.0,16,0.0
2023-07-19 00:00:00,155.856,156.261,155.816,155.988,11296.0,16,0.0
2023-07-19 04:00:00,155.988,156.453,155.934,156.399,15167.0,16,0.0
2023-07-19 08:00:00,156.401,156.956,156.269,156.951,35683.0,16,0.0
2023-07-19 12:00:00,156.952,157.202,156.375,156.639,28769.0,16,0.0
2023-07-19 16:00:00,156.64,156.82,156.151,156.273,34861.0,16,0.0
2023-07-19 20:00:00,156.273,156.549,156.244,156.46,10124.0,16,0.0
2023-07-20 00:00:00,156.413,156.624,156.248,156.426,10653.0,16,0.0
2023-07-20 04:00:00,156.425,156.425,156.181,156.391,17754.0,16,0.0
2023-07-20 08:00:00,156.394,156.537,156.137,156.301,26438.0,15,0.0
2023-07-20 12:00:00,156.3,156.469,156.205,156.365,26203.0,16,0.0
2023-07-20 16:00:00,156.365,156.545,156.198,156.25,31284.0,16,0.0
2023-07-20 20:00:00,156.251,156.258,155.864,155.884,10661.0,16,0.0
2023-07-21 00:00:00,155.896,155.949,155.586,155.901,11494.0,16,0.0
2023-07-21 04:00:00,155.902,156.269,155.824,156.098,14678.0,16,0.0
2023-07-21 08:00:00,156.099,158.046,156.069,157.923,36943.0,16,0.0
2023-07-21 12:00:00,157.923,157.933,157.158,157.323,33729.0,16,0.0
2023-07-21 16:00:00,157.322,157.625,157.286,157.587,30175.0,16,0.0
2023-07-21 20:00:00,157.586,157.797,157.569,157.765,9081.0,16,0.0
2023-07-24 00:00:00,157.512,157.783,157.512,157.705,9788.0,16,0.0
2023-07-24 04:00:00,157.706,157.709,157.202,157.302,16833.0,16,0.0
2023-07-24 08:00:00,157.302,157.681,156.523,156.592,33648.0,16,0.0
2023-07-24 12:00:00,156.592,156.843,156.264,156.319,27233.0,16,0.0
2023-07-24 16:00:00,156.32,156.69,156.241,156.573,32895.0,16,0.0
2023-07-24 20:00:00,156.573,156.701,156.501,156.537,9370.0,16,0.0
2023-07-25 00:00:00,156.517,156.697,156.431,156.588,9134.0,16,0.0
2023-07-25 04:00:00,156.582,156.647,156.381,156.588,13185.0,16,0.0
2023-07-25 08:00:00,156.587,156.889,156.212,156.394,26595.0,16,0.0
2023-07-25 12:00:00,156.39,156.499,156.005,156.041,28505.0,16,0.0
2023-07-25 16:00:00,156.04,156.162,155.611,155.755,31386.0,16,0.0
2023-07-25 20:00:00,155.754,155.88,155.686,155.757,8970.0,16,0.0
2023-07-26 00:00:00,155.732,155.85,155.668,155.839,7926.0,16,0.0
2023-07-26 04:00:00,155.84,155.928,155.715,155.826,10238.0,16,0.0
2023-07-26 08:00:00,155.826,155.984,155.257,155.433,26519.0,15,0.0
2023-07-26 12:00:00,155.434,155.633,155.144,155.229,22343.0,16,0.0
2023-07-26 16:00:00,155.23,155.706,155.198,155.687,24489.0,16,0.0
2023-07-26 20:00:00,155.688,155.688,155.28,155.451,37720.0,16,0.0
2023-07-27 00:00:00,155.431,155.744,155.367,155.594,10676.0,16,0.0
2023-07-27 04:00:00,155.595,155.633,154.874,155.343,21307.0,16,0.0
2023-07-27 08:00:00,155.341,155.931,155.303,155.91,29356.0,16,0.0
2023-07-27 12:00:00,155.908,156.235,155.408,155.625,38982.0,16,0.0
2023-07-27 16:00:00,155.627,155.662,154.793,155.056,48141.0,16,0.0
2023-07-27 20:00:00,155.054,155.056,152.186,153.08,44181.0,16,0.0
2023-07-28 00:00:00,153.032,153.183,152.312,153.144,20869.0,16,0.0
2023-07-28 04:00:00,153.144,154.91,151.391,152.26,62285.0,16,0.0
2023-07-28 08:00:00,152.26,153.5,151.987,153.097,69683.0,16,0.0
2023-07-28 12:00:00,153.097,154.189,152.791,154.071,39264.0,16,0.0
2023-07-28 16:00:00,154.074,155.472,154.06,155.306,43924.0,16,0.0
2023-07-28 20:00:00,155.306,155.603,155.147,155.446,15524.0,16,0.0
2023-07-31 00:00:00,155.289,155.516,155.108,155.298,18061.0,16,0.0
2023-07-31 04:00:00,155.299,156.283,155.222,156.152,28052.0,16,0.0
2023-07-31 08:00:00,156.147,157.202,155.908,157.122,34991.0,16,0.0
2023-07-31 12:00:00,157.124,157.243,156.676,156.888,28067.0,16,0.0
2023-07-31 16:00:00,156.887,157.284,156.36,156.426,34879.0,15,0.0
2023-07-31 20:00:00,156.426,156.529,156.353,156.434,10757.0,16,0.0
2023-08-01 00:00:00,156.4,156.631,156.324,156.588,9703.0,16,0.0
2023-08-01 04:00:00,156.584,156.925,156.522,156.854,20210.0,16,0.0
2023-08-01 08:00:00,156.853,157.045,156.516,156.599,27853.0,16,0.0
2023-08-01 12:00:00,156.596,157.065,156.475,156.969,24482.0,16,0.0
2023-08-01 16:00:00,156.97,157.416,156.95,157.331,34582.0,16,0.0
2023-08-01 20:00:00,157.33,157.488,157.232,157.423,10859.0,16,0.0
2023-08-02 00:00:00,157.42,157.481,157.092,157.337,18862.0,16,0.0
2023-08-02 04:00:00,157.34,157.499,157.021,157.139,18296.0,16,0.0
2023-08-02 08:00:00,157.138,157.142,156.252,156.35,40240.0,16,0.0
2023-08-02 12:00:00,156.347,157.06,156.288,156.923,35090.0,16,0.0
2023-08-02 16:00:00,156.923,157.097,156.526,156.769,37787.0,16,0.0
2023-08-02 20:00:00,156.768,156.875,156.702,156.773,10131.0,16,0.0
2023-08-03 00:00:00,156.755,156.928,156.678,156.822,10546.0,16,0.0
2023-08-03 04:00:00,156.821,157.124,156.606,156.958,25211.0,16,0.0
2023-08-03 08:00:00,156.957,157.235,155.97,156.054,47403.0,16,0.0
2023-08-03 12:00:00,156.052,156.452,155.904,156.093,41588.0,16,0.0
2023-08-03 16:00:00,156.093,156.228,155.531,156.127,41050.0,16,0.0
2023-08-03 20:00:00,156.128,156.241,155.998,156.04,10865.0,16,0.0
2023-08-04 00:00:00,156.042,156.463,155.995,156.37,11355.0,16,0.0
2023-08-04 04:00:00,156.37,156.391,155.947,156.032,20646.0,16,0.0
2023-08-04 08:00:00,156.041,156.266,155.896,156.074,28210.0,16,0.0
2023-08-04 12:00:00,156.074,156.465,155.94,156.311,34503.0,16,0.0
2023-08-04 16:00:00,156.308,156.628,156.012,156.5,43868.0,16,0.0
2023-08-04 20:00:00,156.501,156.568,155.941,155.957,16219.0,16,0.0
2023-08-07 00:00:00,156.004,156.181,155.805,155.896,13446.0,16,0.0
2023-08-07 04:00:00,155.89,156.442,155.834,156.28,16833.0,16,0.0
2023-08-07 08:00:00,156.28,156.347,156.056,156.172,25417.0,16,0.0
2023-08-07 12:00:00,156.171,156.33,156.048,156.15,22962.0,16,0.0
2023-08-07 16:00:00,156.151,156.811,156.036,156.776,28312.0,16,0.0
2023-08-07 20:00:00,156.775,156.852,156.695,156.753,11533.0,16,0.0
2023-08-08 00:00:00,156.754,157.201,156.685,157.196,10945.0,16,0.0
2023-08-08 04:00:00,157.196,157.549,157.097,157.439,22091.0,16,0.0
2023-08-08 08:00:00,157.438,157.744,156.908,157.193,33021.0,16,0.0
2023-08-08 12:00:00,157.193,157.226,156.339,156.648,38137.0,16,0.0
2023-08-08 16:00:00,156.657,156.968,156.418,156.902,34533.0,16,0.0
2023-08-08 20:00:00,156.903,157.236,156.886,157.077,14270.0,16,0.0
2023-08-09 00:00:00,157.056,157.161,156.911,157.091,9829.0,16,0.0
2023-08-09 04:00:00,157.086,157.266,157.012,157.069,14394.0,16,0.0
2023-08-09 08:00:00,157.07,157.443,156.98,157.399,24178.0,16,0.0
2023-08-09 12:00:00,157.399,157.52,157.252,157.49,25503.0,16,0.0
2023-08-09 16:00:00,157.491,157.896,157.335,157.71,35657.0,16,0.0
2023-08-09 20:00:00,157.709,157.82,157.654,157.733,13580.0,16,0.0
2023-08-10 00:00:00,157.717,157.868,157.643,157.774,10035.0,16,0.0
2023-08-10 04:00:00,157.775,158.229,157.693,158.147,17468.0,16,0.0
2023-08-10 08:00:00,158.147,158.577,158.099,158.459,27650.0,16,0.0
2023-08-10 12:00:00,158.458,158.823,158.142,158.811,33127.0,16,0.0
2023-08-10 16:00:00,158.81,159.21,158.695,159.095,44831.0,16,0.0
2023-08-10 20:00:00,159.094,159.094,158.769,158.945,21934.0,16,0.0
2023-08-11 00:00:00,158.928,159.147,158.847,159.122,7618.0,16,0.0
2023-08-11 04:00:00,159.128,159.139,158.917,158.938,13200.0,16,0.0
2023-08-11 08:00:00,158.939,159.219,158.904,159.038,20037.0,16,0.0
2023-08-11 12:00:00,159.039,159.083,158.711,158.814,26599.0,16,0.0
2023-08-11 16:00:00,158.814,158.938,158.475,158.647,39263.0,16,0.0
2023-08-11 20:00:00,158.643,158.747,158.595,158.648,16952.0,16,0.0
2023-08-14 00:00:00,158.642,158.835,158.459,158.573,12261.0,16,0.0
2023-08-14 04:00:00,158.572,158.595,158.249,158.466,17705.0,15,0.0
2023-08-14 08:00:00,158.466,158.779,158.187,158.664,25446.0,16,0.0
2023-08-14 12:00:00,158.665,158.808,158.507,158.512,26721.0,16,0.0
2023-08-14 16:00:00,158.512,158.801,158.25,158.77,36545.0,16,0.0
2023-08-14 20:00:00,158.77,158.779,158.586,158.73,14267.0,16,0.0
2023-08-15 00:00:00,158.726,158.789,158.558,158.637,8155.0,16,0.0
2023-08-15 04:00:00,158.637,158.837,158.534,158.761,17424.0,16,0.0
2023-08-15 08:00:00,158.763,159.287,158.546,159.165,31748.0,16,0.0
2023-08-15 12:00:00,159.165,159.333,158.844,159.01,36693.0,16,0.0
2023-08-15 16:00:00,159.008,159.208,158.737,158.918,45117.0,16,0.0
2023-08-15 20:00:00,158.918,158.934,158.687,158.718,14624.0,16,0.0
2023-08-16 00:00:00,158.71,158.824,158.637,158.736,10762.0,16,0.0
2023-08-16 04:00:00,158.736,158.883,158.631,158.738,16612.0,16,0.0
2023-08-16 08:00:00,158.738,159.086,158.684,159.026,27887.0,16,0.0
2023-08-16 12:00:00,159.027,159.133,158.956,159.019,29487.0,16,0.0
2023-08-16 16:00:00,159.02,159.203,158.83,158.852,35423.0,16,0.0
2023-08-16 20:00:00,158.851,159.256,158.851,159.198,23019.0,16,0.0
2023-08-17 00:00:00,159.14,159.286,158.963,159.121,11610.0,16,0.0
2023-08-17 04:00:00,159.122,159.147,159.034,159.125,15768.0,16,0.0
2023-08-17 08:00:00,159.125,159.297,158.924,158.999,26373.0,15,0.0
2023-08-17 12:00:00,159.0,159.118,158.752,159.006,34634.0,16,0.0
2023-08-17 16:00:00,159.008,159.138,158.791,158.959,34304.0,16,0.0
2023-08-17 20:00:00,158.959,158.968,158.253,158.56,18961.0,16,0.0
2023-08-18 00:00:00,158.526,158.56,158.29,158.491,12172.0,16,0.0
2023-08-18 04:00:00,158.493,158.541,158.185,158.306,19076.0,16,0.0
2023-08-18 08:00:00,158.307,158.308,157.757,158.2,31600.0,16,0.0
2023-08-18 12:00:00,158.2,158.236,157.85,158.101,29415.0,16,0.0
2023-08-18 16:00:00,158.1,158.2,157.71,157.734,33177.0,16,0.0
2023-08-18 20:00:00,157.734,158.126,157.654,158.017,16959.0,16,0.0
2023-08-21 00:00:00,157.876,158.182,157.876,157.955,9781.0,16,0.0
2023-08-21 04:00:00,157.955,158.383,157.795,158.182,18831.0,16,0.0
2023-08-21 08:00:00,158.184,158.602,158.081,158.581,25455.0,16,0.0
2023-08-21 12:00:00,158.582,159.257,158.569,159.214,26765.0,16,0.0
2023-08-21 16:00:00,159.215,159.383,159.0,159.364,32231.0,16,0.0
2023-08-21 20:00:00,159.362,159.393,159.192,159.307,11716.0,16,0.0
2023-08-22 00:00:00,159.304,159.489,159.221,159.378,8411.0,16,0.0
2023-08-22 04:00:00,159.379,159.397,159.177,159.284,15848.0,16,0.0
2023-08-22 08:00:00,159.285,159.407,158.841,158.87,21273.0,16,0.0
2023-08-22 12:00:00,158.87,158.988,158.52,158.598,23042.0,16,0.0
2023-08-22 16:00:00,158.599,158.653,158.085,158.228,28192.0,16,0.0
2023-08-22 20:00:00,158.229,158.323,158.091,158.212,9328.0,16,0.0
2023-08-23 00:00:00,158.183,158.193,157.987,157.993,6958.0,16,0.0
2023-08-23 04:00:00,157.993,158.212,157.895,158.175,12425.0,16,0.0
2023-08-23 08:00:00,158.173,158.374,157.148,157.271,33984.0,16,0.0
2023-08-23 12:00:00,157.269,157.355,157.004,157.179,27854.0,16,0.0
2023-08-23 16:00:00,157.177,157.268,156.868,157.102,40330.0,16,0.0
2023-08-23 20:00:00,157.103,157.424,157.102,157.329,12973.0,16,0.0
2023-08-24 00:00:00,157.316,157.42,157.109,157.381,10294.0,16,0.0
2023-08-24 04:00:00,157.381,157.808,157.364,157.794,19303.0,16,0.0
2023-08-24 08:00:00,157.795,157.888,157.41,157.833,28294.0,15,0.0
2023-08-24 12:00:00,157.832,157.999,157.73,157.871,30878.0,16,0.0
2023-08-24 16:00:00,157.869,158.044,157.697,157.879,34966.0,16,0.0
2023-08-24 20:00:00,157.88,157.916,157.576,157.649,14115.0,16,0.0
2023-08-25 00:00:00,157.634,157.787,157.566,157.644,12097.0,16,0.0
2023-08-25 04:00:00,157.644,157.787,157.364,157.474,14814.0,16,0.0
2023-08-25 08:00:00,157.473,157.778,157.231,157.507,25545.0,16,0.0
2023-08-25 12:00:00,157.506,157.841,157.496,157.805,24398.0,16,0.0
2023-08-25 16:00:00,157.806,158.048,157.633,158.007,52974.0,16,0.0
2023-08-25 20:00:00,158.006,158.244,157.9,158.035,15084.0,16,0.0
2023-08-28 00:00:00,158.016,158.327,157.993,158.269,9394.0,16,0.0
2023-08-28 04:00:00,158.274,158.372,158.207,158.299,12667.0,16,0.0
2023-08-28 08:00:00,158.299,158.487,158.169,158.271,17741.0,16,0.0
2023-08-28 12:00:00,158.27,158.565,158.245,158.294,18753.0,16,0.0
2023-08-28 16:00:00,158.294,158.526,158.189,158.321,25508.0,16,0.0
2023-08-28 20:00:00,158.321,158.521,158.255,158.52,9617.0,16,0.0
2023-08-29 00:00:00,158.503,158.601,158.429,158.514,8310.0,16,0.0
2023-08-29 04:00:00,158.514,158.66,158.432,158.561,13581.0,16,0.0
2023-08-29 08:00:00,158.561,158.616,158.242,158.38,20247.0,16,0.0
2023-08-29 12:00:00,158.382,159.022,158.324,158.904,29491.0,16,0.0
2023-08-29 16:00:00,158.904,159.061,158.308,158.506,47424.0,16,0.0
2023-08-29 20:00:00,158.504,158.731,158.457,158.685,16215.0,16,0.0
2023-08-30 00:00:00,158.67,158.801,158.549,158.6,10184.0,16,0.0
2023-08-30 04:00:00,158.6,158.953,158.564,158.804,16934.0,16,0.0
2023-08-30 08:00:00,158.802,159.166,158.668,159.145,29122.0,16,0.0
2023-08-30 12:00:00,159.149,159.438,159.098,159.307,31502.0,15,0.0
2023-08-30 16:00:00,159.302,159.628,159.102,159.619,37143.0,16,0.0
2023-08-30 20:00:00,159.618,159.762,159.555,159.738,13199.0,16,0.0
2023-08-31 00:00:00,159.712,159.735,159.52,159.693,10371.0,16,0.0
2023-08-31 04:00:00,159.693,159.697,159.182,159.281,15931.0,16,0.0
2023-08-31 08:00:00,159.28,159.515,158.648,158.752,27720.0,16,0.0
2023-08-31 12:00:00,158.752,158.774,158.41,158.617,32023.0,15,0.0
2023-08-31 16:00:00,158.618,158.705,157.613,157.705,44180.0,16,0.0
2023-08-31 20:00:00,157.705,157.85,157.668,157.795,14524.0,16,0.0
2023-09-01 00:00:00,157.787,157.912,157.694,157.76,9420.0,16,0.0
2023-09-01 04:00:00,157.757,157.812,157.564,157.805,19023.0,16,0.0
2023-09-01 08:00:00,157.805,157.964,157.662,157.805,24664.0,16,0.0
2023-09-01 12:00:00,157.803,157.927,157.051,157.233,31015.0,16,0.0
2023-09-01 16:00:00,157.234,157.914,157.174,157.606,52454.0,16,0.0
2023-09-01 20:00:00,157.604,157.624,157.447,157.495,11561.0,16,0.0
2023-09-04 00:00:00,157.503,157.609,157.329,157.544,8672.0,16,0.0
2023-09-04 04:00:00,157.543,157.664,157.466,157.658,12882.0,16,0.0
2023-09-04 08:00:00,157.659,158.179,157.619,158.11,22201.0,16,0.0
2023-09-04 12:00:00,158.111,158.198,158.003,158.122,13096.0,16,0.0
2023-09-04 16:00:00,158.121,158.25,157.903,158.112,12912.0,16,0.0
2023-09-04 20:00:00,158.111,158.164,158.1,158.129,1707.0,16,0.0
2023-09-05 00:00:00,158.096,158.219,157.944,158.136,6613.0,16,0.0
2023-09-05 04:00:00,158.141,158.312,158.104,158.284,14725.0,16,0.0
2023-09-05 08:00:00,158.284,158.404,157.801,158.008,30170.0,16,0.0
2023-09-05 12:00:00,158.008,158.27,157.902,158.15,29257.0,16,0.0
2023-09-05 16:00:00,158.152,158.424,158.091,158.402,39655.0,16,0.0
2023-09-05 20:00:00,158.403,158.5,158.337,158.375,11103.0,16,0.0
2023-09-06 00:00:00,158.374,158.407,158.077,158.401,9598.0,16,0.0
2023-09-06 04:00:00,158.402,158.434,158.148,158.243,15562.0,16,0.0
2023-09-06 08:00:00,158.243,158.392,157.767,158.21,26951.0,16,0.0
2023-09-06 12:00:00,158.211,158.446,158.107,158.125,21297.0,16,0.0
2023-09-06 16:00:00,158.126,158.281,157.956,158.229,37489.0,16,0.0
2023-09-06 20:00:00,158.228,158.467,158.203,158.385,11515.0,16,0.0
2023-09-07 00:00:00,158.361,158.523,158.184,158.43,9592.0,16,0.0
2023-09-07 04:00:00,158.431,158.515,158.108,158.177,13046.0,16,0.0
2023-09-07 08:00:00,158.177,158.294,157.833,157.929,25255.0,16,0.0
2023-09-07 12:00:00,157.929,158.031,157.467,157.496,25492.0,16,0.0
2023-09-07 16:00:00,157.493,157.66,157.36,157.448,32831.0,16,0.0
2023-09-07 20:00:00,157.447,157.607,157.389,157.525,10603.0,16,0.0
2023-09-08 00:00:00,157.528,157.658,157.001,157.409,12186.0,16,0.0
2023-09-08 04:00:00,157.411,157.898,157.39,157.727,21264.0,16,0.0
2023-09-08 08:00:00,157.727,157.995,157.701,157.9,27531.0,16,0.0
2023-09-08 12:00:00,157.899,157.928,157.579,157.913,24911.0,16,0.0
2023-09-08 16:00:00,157.918,158.39,157.918,158.173,33459.0,16,0.0
2023-09-08 20:00:00,158.172,158.242,158.064,158.103,12512.0,16,0.0
2023-09-11 00:00:00,157.485,157.73,157.114,157.439,18177.0,15,0.0
2023-09-11 04:00:00,157.439,157.588,156.885,156.951,26645.0,16,0.0
2023-09-11 08:00:00,156.95,157.154,156.58,157.003,31310.0,16,0.0
2023-09-11 12:00:00,157.007,157.698,156.894,157.154,25339.0,16,0.0
2023-09-11 16:00:00,157.155,157.523,157.098,157.473,27100.0,16,0.0
2023-09-11 20:00:00,157.472,157.576,157.361,157.563,11334.0,16,0.0
2023-09-12 00:00:00,157.546,157.75,157.439,157.603,8502.0,16,0.0
2023-09-12 04:00:00,157.602,157.788,157.374,157.577,17537.0,16,0.0
2023-09-12 08:00:00,157.578,157.758,157.179,157.271,23354.0,16,0.0
2023-09-12 12:00:00,157.271,157.648,157.259,157.527,23129.0,15,0.0
2023-09-12 16:00:00,157.526,157.918,157.521,157.819,26679.0,16,0.0
2023-09-12 20:00:00,157.82,158.273,157.807,158.177,13057.0,16,0.0
2023-09-13 00:00:00,158.16,158.496,158.09,158.487,9639.0,16,0.0
2023-09-13 04:00:00,158.49,158.652,158.322,158.483,18159.0,16,0.0
2023-09-13 08:00:00,158.482,158.49,158.004,158.074,28168.0,16,0.0
2023-09-13 12:00:00,158.074,158.609,158.069,158.46,37329.0,16,0.0
2023-09-13 16:00:00,158.459,158.502,158.208,158.26,36433.0,16,0.0
2023-09-13 20:00:00,158.261,158.306,158.128,158.22,13507.0,16,0.0
2023-09-14 00:00:00,158.193,158.193,157.924,157.976,8877.0,16,0.0
2023-09-14 04:00:00,157.977,158.149,157.918,158.138,13596.0,16,0.0
2023-09-14 08:00:00,158.137,158.266,157.987,158.104,23184.0,16,0.0
2023-09-14 12:00:00,158.104,158.387,157.209,157.392,36820.0,16,0.0
2023-09-14 16:00:00,157.389,157.414,156.636,156.787,45554.0,16,0.0
2023-09-14 20:00:00,156.788,156.998,156.751,156.954,14126.0,16,0.0
2023-09-15 00:00:00,156.942,156.957,156.8,156.932,10912.0,16,0.0
2023-09-15 04:00:00,156.935,157.06,156.721,157.045,14962.0,16,0.0
2023-09-15 08:00:00,157.046,157.643,156.961,157.621,29577.0,16,0.0
2023-09-15 12:00:00,157.625,157.742,157.422,157.57,21853.0,16,0.0
2023-09-15 16:00:00,157.569,157.9,157.527,157.811,34654.0,15,0.0
2023-09-15 20:00:00,157.81,157.81,157.571,157.571,11380.0,16,0.0
2023-09-18 00:00:00,157.407,157.776,157.38,157.632,5828.0,16,0.0
2023-09-18 04:00:00,157.633,157.708,157.527,157.551,8655.0,16,0.0
2023-09-18 08:00:00,157.55,157.617,157.345,157.437,17433.0,16,0.0
2023-09-18 12:00:00,157.437,157.593,157.378,157.435,16579.0,16,0.0
2023-09-18 16:00:00,157.434,157.931,157.409,157.843,25624.0,16,0.0
2023-09-18 20:00:00,157.846,157.935,157.694,157.817,10491.0,16,0.0
2023-09-19 00:00:00,157.794,157.929,157.703,157.807,7758.0,16,0.0
2023-09-19 04:00:00,157.806,157.904,157.785,157.798,11328.0,16,0.0
2023-09-19 08:00:00,157.798,157.966,157.766,157.852,21447.0,16,0.0
2023-09-19 12:00:00,157.85,158.276,157.769,158.115,23258.0,16,0.0
2023-09-19 16:00:00,158.116,158.142,157.806,157.947,26361.0,16,0.0
2023-09-19 20:00:00,157.95,158.038,157.855,157.907,11032.0,16,0.0
2023-09-20 00:00:00,157.887,157.933,157.737,157.859,8716.0,16,0.0
2023-09-20 04:00:00,157.861,157.983,157.813,157.861,10810.0,16,0.0
2023-09-20 08:00:00,157.862,158.43,157.813,158.4,26499.0,16,0.0
2023-09-20 12:00:00,158.401,158.416,158.132,158.182,19329.0,16,0.0
2023-09-20 16:00:00,158.185,158.449,158.167,158.387,23350.0,16,0.0
2023-09-20 20:00:00,158.386,158.397,157.905,158.122,43987.0,16,0.0
2023-09-21 00:00:00,158.107,158.107,157.712,157.776,14049.0,16,0.0
2023-09-21 04:00:00,157.776,157.864,157.371,157.794,16656.0,16,0.0
2023-09-21 08:00:00,157.795,158.066,157.728,157.902,26613.0,16,0.0
2023-09-21 12:00:00,157.898,158.066,157.211,157.459,34526.0,16,0.0
2023-09-21 16:00:00,157.46,157.604,157.03,157.185,36140.0,16,0.0
2023-09-21 20:00:00,157.185,157.369,157.18,157.307,12243.0,16,0.0
2023-09-22 00:00:00,157.272,157.444,157.225,157.317,9915.0,16,0.0
2023-09-22 04:00:00,157.318,157.971,157.119,157.711,24957.0,16,0.0
2023-09-22 08:00:00,157.711,158.281,157.412,157.874,38600.0,16,0.0
2023-09-22 12:00:00,157.873,158.05,157.593,157.974,24605.0,16,0.0
2023-09-22 16:00:00,157.973,158.101,157.766,158.019,29398.0,16,0.0
2023-09-22 20:00:00,158.018,158.065,157.86,157.919,13067.0,16,0.0
2023-09-25 00:00:00,157.806,158.153,157.801,158.042,9753.0,16,0.0
2023-09-25 04:00:00,158.041,158.047,157.909,157.977,10042.0,16,0.0
2023-09-25 08:00:00,157.976,158.107,157.757,157.857,22853.0,16,0.0
2023-09-25 12:00:00,157.858,158.177,157.814,157.988,21178.0,16,0.0
2023-09-25 16:00:00,157.988,158.037,157.484,157.615,27908.0,16,0.0
2023-09-25 20:00:00,157.615,157.706,157.515,157.702,10324.0,16,0.0
2023-09-26 00:00:00,157.656,157.711,157.378,157.58,8041.0,16,0.0
2023-09-26 04:00:00,157.583,157.714,157.511,157.701,15967.0,16,0.0
2023-09-26 08:00:00,157.7,157.808,157.493,157.781,31801.0,16,0.0
2023-09-26 12:00:00,157.782,157.922,157.73,157.809,25106.0,16,0.0
2023-09-26 16:00:00,157.809,157.861,157.362,157.4,30156.0,16,0.0
2023-09-26 20:00:00,157.401,157.619,157.318,157.564,11177.0,16,0.0
2023-09-27 00:00:00,157.533,157.603,157.308,157.377,10754.0,16,0.0
2023-09-27 04:00:00,157.379,157.449,157.305,157.369,13707.0,16,0.0
2023-09-27 08:00:00,157.369,157.616,157.322,157.407,19747.0,16,0.0
2023-09-27 12:00:00,157.408,157.582,157.131,157.339,25478.0,16,0.0
2023-09-27 16:00:00,157.337,157.371,157.005,157.142,35427.0,16,0.0
2023-09-27 20:00:00,157.142,157.258,156.957,157.148,21551.0,16,0.0
2023-09-28 00:00:00,157.127,157.196,156.813,157.156,10108.0,16,0.0
2023-09-28 04:00:00,157.157,157.231,156.826,156.86,14832.0,16,0.0
2023-09-28 08:00:00,156.861,157.193,156.701,157.1,23471.0,16,0.0
2023-09-28 12:00:00,157.1,157.511,157.07,157.194,30328.0,16,0.0
2023-09-28 16:00:00,157.196,157.868,157.191,157.617,34991.0,16,0.0
2023-09-28 20:00:00,157.617,157.745,157.481,157.739,12218.0,16,0.0
2023-09-29 00:00:00,157.665,157.88,157.62,157.809,8364.0,16,0.0
2023-09-29 04:00:00,157.809,158.105,157.796,158.027,15964.0,16,0.0
2023-09-29 08:00:00,158.029,158.198,157.395,158.125,35179.0,16,0.0
2023-09-29 12:00:00,158.099,158.337,157.975,158.137,33839.0,16,0.0
2023-09-29 16:00:00,158.136,158.179,157.8,158.039,44766.0,16,0.0
2023-09-29 20:00:00,158.039,158.085,157.867,157.869,21305.0,16,0.0
2023-10-02 00:00:00,157.984,158.186,157.856,158.124,14461.0,15,0.0
2023-10-02 04:00:00,158.125,158.351,158.088,158.245,11880.0,16,0.0
2023-10-02 08:00:00,158.242,158.475,158.015,158.143,30142.0,16,0.0
2023-10-02 12:00:00,158.142,158.146,157.639,157.732,30105.0,16,0.0
2023-10-02 16:00:00,157.731,157.765,157.134,157.149,41427.0,16,0.0
2023-10-02 20:00:00,157.149,157.351,157.0,157.024,17605.0,16,0.0
2023-10-03 00:00:00,157.001,157.085,156.787,156.956,11114.0,16,0.0
2023-10-03 04:00:00,156.957,156.982,156.749,156.822,14849.0,16,0.0
2023-10-03 08:00:00,156.822,157.193,156.729,157.09,26610.0,16,0.0
2023-10-03 12:00:00,157.088,157.215,156.878,156.906,19744.0,16,0.0
2023-10-03 16:00:00,156.903,157.155,154.383,155.991,55691.0,16,0.0
2023-10-03 20:00:00,155.989,156.06,155.753,156.004,15808.0,16,0.0
2023-10-04 00:00:00,155.968,156.263,155.812,156.224,10169.0,16,0.0
2023-10-04 04:00:00,156.223,156.26,156.05,156.174,11369.0,16,0.0
2023-10-04 08:00:00,156.176,156.315,155.826,156.226,24156.0,16,0.0
2023-10-04 12:00:00,156.231,156.768,156.211,156.687,31006.0,16,0.0
2023-10-04 16:00:00,156.687,156.729,156.276,156.51,41529.0,16,0.0
2023-10-04 20:00:00,156.509,156.747,156.475,156.633,17154.0,16,0.0
2023-10-05 00:00:00,156.604,156.604,156.24,156.274,10694.0,16,0.0
2023-10-05 04:00:00,156.273,156.389,156.088,156.283,22545.0,16,0.0
2023-10-05 08:00:00,156.286,156.787,156.246,156.521,29063.0,16,0.0
2023-10-05 12:00:00,156.524,156.747,156.404,156.595,26586.0,16,0.0
2023-10-05 16:00:00,156.597,156.66,156.219,156.36,41429.0,16,0.0
2023-10-05 20:00:00,156.36,156.698,156.228,156.674,15087.0,16,0.0
2023-10-06 00:00:00,156.614,156.73,156.494,156.696,9000.0,16,0.0
2023-10-06 04:00:00,156.696,156.834,156.526,156.8,16990.0,16,0.0
2023-10-06 08:00:00,156.799,157.122,156.784,157.079,24386.0,16,0.0
2023-10-06 12:00:00,157.078,157.518,156.632,156.838,35529.0,16,0.0
2023-10-06 16:00:00,156.83,157.998,156.76,157.946,60264.0,16,0.0
2023-10-06 20:00:00,157.944,158.261,157.928,157.963,17756.0,16,0.0
2023-10-09 00:00:00,157.248,157.698,157.248,157.65,14473.0,16,0.0
2023-10-09 04:00:00,157.649,157.651,157.355,157.404,10004.0,16,0.0
2023-10-09 08:00:00,157.407,157.495,156.925,157.216,23833.0,16,0.0
2023-10-09 12:00:00,157.218,157.253,156.895,157.007,21392.0,16,0.0
2023-10-09 16:00:00,157.008,157.197,156.51,156.688,31795.0,16,0.0
2023-10-09 20:00:00,156.69,157.0,156.69,156.929,13890.0,16,0.0
2023-10-10 00:00:00,156.901,157.178,156.765,157.027,12435.0,16,0.0
2023-10-10 04:00:00,157.027,157.145,156.902,157.091,16135.0,16,0.0
2023-10-10 08:00:00,157.093,157.846,156.852,157.822,34323.0,16,0.0
2023-10-10 12:00:00,157.823,157.972,157.605,157.762,29591.0,16,0.0
2023-10-10 16:00:00,157.761,157.966,157.648,157.721,34233.0,15,0.0
2023-10-10 20:00:00,157.722,157.745,157.54,157.695,16315.0,16,0.0
2023-10-11 00:00:00,157.635,157.695,157.522,157.646,6788.0,16,0.0
2023-10-11 04:00:00,157.647,157.901,157.596,157.844,10834.0,16,0.0
2023-10-11 08:00:00,157.845,158.043,157.579,157.711,29275.0,16,0.0
2023-10-11 12:00:00,157.71,158.027,157.591,158.017,30486.0,16,0.0
2023-10-11 16:00:00,158.016,158.467,157.915,158.208,35973.0,16,0.0
2023-10-11 20:00:00,158.211,158.454,157.992,158.391,17211.0,16,0.0
2023-10-12 00:00:00,158.365,158.49,158.223,158.416,7344.0,16,0.0
2023-10-12 04:00:00,158.416,158.572,158.319,158.539,12998.0,16,0.0
2023-10-12 08:00:00,158.538,158.611,158.348,158.42,20402.0,16,0.0
2023-10-12 12:00:00,158.421,158.47,158.015,158.139,29291.0,16,0.0
2023-10-12 16:00:00,158.139,158.176,157.706,157.946,36907.0,16,0.0
2023-10-12 20:00:00,157.945,157.948,157.647,157.72,17824.0,16,0.0
2023-10-13 00:00:00,157.709,157.893,157.624,157.825,7136.0,16,0.0
2023-10-13 04:00:00,157.826,157.984,157.785,157.874,11362.0,16,0.0
2023-10-13 08:00:00,157.873,158.046,157.64,157.989,22517.0,16,0.0
2023-10-13 12:00:00,157.988,158.029,157.279,157.573,28716.0,16,0.0
2023-10-13 16:00:00,157.572,157.586,157.066,157.183,38021.0,16,0.0
2023-10-13 20:00:00,157.179,157.214,157.047,157.133,15571.0,16,0.0
2023-10-16 00:00:00,156.997,157.412,156.939,157.234,11701.0,16,0.0
2023-10-16 04:00:00,157.236,157.358,157.227,157.294,9776.0,16,0.0
2023-10-16 08:00:00,157.297,157.617,157.246,157.573,23980.0,16,0.0
2023-10-16 12:00:00,157.572,157.614,157.374,157.545,22612.0,16,0.0
2023-10-16 16:00:00,157.547,157.986,157.485,157.769,29922.0,16,0.0
2023-10-16 20:00:00,157.765,157.936,157.692,157.873,10995.0,16,0.0
2023-10-17 00:00:00,157.816,157.996,157.618,157.812,7691.0,16,0.0
2023-10-17 04:00:00,157.811,157.845,157.703,157.737,10451.0,16,0.0
2023-10-17 08:00:00,157.737,157.889,157.596,157.679,21257.0,16,0.0
2023-10-17 12:00:00,157.682,158.328,157.051,157.97,36921.0,16,0.0
2023-10-17 16:00:00,157.969,158.624,157.873,158.437,40999.0,16,0.0
2023-10-17 20:00:00,158.436,158.482,158.268,158.41,14746.0,16,0.0
2023-10-18 00:00:00,158.383,158.423,158.142,158.223,5900.0,16,0.0
2023-10-18 04:00:00,158.222,158.375,158.124,158.282,13519.0,16,0.0
2023-10-18 08:00:00,158.278,158.53,158.218,158.502,25227.0,16,0.0
2023-10-18 12:00:00,158.502,158.543,157.942,158.077,26442.0,16,0.0
2023-10-18 16:00:00,158.077,158.171,157.686,157.862,39788.0,16,0.0
2023-10-18 20:00:00,157.863,158.056,157.816,157.954,19004.0,16,0.0
2023-10-19 00:00:00,157.924,157.952,157.732,157.83,9961.0,16,0.0
2023-10-19 04:00:00,157.831,157.89,157.737,157.8,11222.0,16,0.0
2023-10-19 08:00:00,157.801,157.977,157.68,157.863,24731.0,16,0.0
2023-10-19 12:00:00,157.863,158.487,157.859,158.458,25191.0,16,0.0
2023-10-19 16:00:00,158.457,158.93,158.274,158.668,53485.0,16,0.0
2023-10-19 20:00:00,158.667,158.793,158.475,158.478,28094.0,16,0.0
2023-10-20 00:00:00,158.448,158.606,158.392,158.479,8497.0,16,0.0
2023-10-20 04:00:00,158.48,158.533,158.428,158.481,10383.0,16,0.0
2023-10-20 08:00:00,158.479,158.865,158.317,158.758,26489.0,16,0.0
2023-10-20 12:00:00,158.757,158.929,158.463,158.721,23421.0,15,0.0
2023-10-20 16:00:00,158.721,158.897,158.512,158.685,35576.0,16,0.0
2023-10-20 20:00:00,158.685,158.885,158.645,158.7,17974.0,16,0.0
2023-10-23 00:00:00,158.709,158.771,158.561,158.657,6992.0,16,0.0
2023-10-23 04:00:00,158.656,158.658,158.51,158.578,7955.0,16,0.0
2023-10-23 08:00:00,158.577,159.026,158.506,158.974,18648.0,15,0.0
2023-10-23 12:00:00,158.973,159.165,158.78,159.082,23455.0,16,0.0
2023-10-23 16:00:00,159.086,159.661,158.807,159.622,33756.0,16,0.0
2023-10-23 20:00:00,159.623,159.775,159.473,159.705,16170.0,16,0.0
2023-10-24 00:00:00,159.679,159.838,159.569,159.742,6663.0,16,0.0
2023-10-24 04:00:00,159.743,159.892,159.604,159.815,12067.0,16,0.0
2023-10-24 08:00:00,159.815,159.916,159.009,159.239,29224.0,16,0.0
2023-10-24 12:00:00,159.229,159.351,158.997,159.033,24937.0,16,0.0
2023-10-24 16:00:00,159.033,159.166,158.535,158.585,37148.0,16,0.0
2023-10-24 20:00:00,158.586,158.8,158.58,158.743,11886.0,16,0.0
2023-10-25 00:00:00,158.743,158.844,158.664,158.767,7133.0,16,0.0
2023-10-25 04:00:00,158.768,158.927,158.709,158.926,8412.0,16,0.0
2023-10-25 08:00:00,158.926,158.936,158.579,158.681,17650.0,16,0.0
2023-10-25 12:00:00,158.682,158.688,158.404,158.54,18237.0,16,0.0
2023-10-25 16:00:00,158.537,158.839,158.438,158.584,34654.0,16,0.0
2023-10-25 20:00:00,158.584,158.823,158.425,158.693,18197.0,16,0.0
2023-10-26 00:00:00,158.64,158.692,158.514,158.608,9222.0,16,0.0
2023-10-26 04:00:00,158.609,158.687,158.553,158.638,12080.0,16,0.0
2023-10-26 08:00:00,158.639,158.842,157.984,158.606,29438.0,16,0.0
2023-10-26 12:00:00,158.605,158.61,158.288,158.587,30273.0,16,0.0
2023-10-26 16:00:00,158.593,158.619,158.285,158.369,41681.0,16,0.0
2023-10-26 20:00:00,158.369,158.904,158.352,158.851,18920.0,16,0.0
2023-10-27 00:00:00,158.764,158.874,158.656,158.765,11501.0,16,0.0
2023-10-27 04:00:00,158.764,158.777,158.602,158.689,9375.0,16,0.0
2023-10-27 08:00:00,158.688,158.737,158.442,158.508,20511.0,16,0.0
2023-10-27 12:00:00,158.509,158.551,157.994,158.204,25936.0,16,0.0
2023-10-27 16:00:00,158.204,158.567,158.201,158.354,43856.0,16,0.0
2023-10-27 20:00:00,158.351,158.353,157.882,158.025,22411.0,16,0.0
2023-10-30 00:00:00,158.068,158.237,157.991,158.198,10521.0,16,0.0
2023-10-30 04:00:00,158.193,158.194,157.912,158.044,6862.0,16,0.0
2023-10-30 08:00:00,158.045,158.408,157.693,158.346,26094.0,16,0.0
2023-10-30 12:00:00,158.347,158.924,158.227,158.891,27148.0,16,0.0
2023-10-30 16:00:00,158.892,158.895,158.008,158.151,40250.0,16,0.0
2023-10-30 20:00:00,158.152,158.309,157.803,158.192,10056.0,16,0.0
2023-10-31 00:00:00,158.197,158.589,158.194,158.563,12360.0,16,0.0
2023-10-31 04:00:00,158.564,159.222,158.241,159.22,26227.0,16,0.0
2023-10-31 08:00:00,159.222,160.846,159.152,160.747,36917.0,16,0.0
2023-10-31 12:00:00,160.752,160.785,160.038,160.096,39167.0,16,0.0
2023-10-31 16:00:00,160.091,160.408,159.771,160.223,47036.0,16,0.0
2023-10-31 20:00:00,160.222,160.438,160.025,160.329,13694.0,16,0.0
2023-11-01 00:00:00,160.33,160.367,159.922,159.97,14314.0,16,0.0
2023-11-01 04:00:00,159.976,159.976,159.787,159.922,11162.0,16,0.0
2023-11-01 08:00:00,159.924,160.023,159.52,159.545,21423.0,16,0.0
2023-11-01 12:00:00,159.539,159.569,159.214,159.284,30205.0,16,0.0
2023-11-01 16:00:00,159.286,159.513,159.084,159.132,35814.0,16,0.0
2023-11-01 20:00:00,159.146,159.612,159.065,159.514,40738.0,16,0.0
2023-11-02 00:00:00,159.523,159.596,159.266,159.301,15647.0,16,0.0
2023-11-02 04:00:00,159.301,159.46,159.07,159.454,12155.0,16,0.0
2023-11-02 08:00:00,159.455,159.697,159.214,159.676,28801.0,16,0.0
2023-11-02 12:00:00,159.675,160.081,159.661,159.958,39053.0,16,0.0
2023-11-02 16:00:00,159.957,160.018,159.669,159.862,31588.0,16,0.0
2023-11-02 20:00:00,159.861,159.913,159.58,159.785,9910.0,16,0.0
2023-11-03 00:00:00,159.787,159.834,159.59,159.795,6096.0,16,0.0
2023-11-03 04:00:00,159.796,159.822,159.685,159.722,7340.0,16,0.0
2023-11-03 08:00:00,159.724,160.048,159.707,160.043,16091.0,16,0.0
2023-11-03 12:00:00,160.042,160.125,159.841,160.087,43950.0,16,0.0
2023-11-03 16:00:00,160.091,160.4,160.023,160.358,43177.0,16,0.0
2023-11-03 20:00:00,160.359,160.375,160.129,160.129,10260.0,16,0.0
2023-11-06 00:00:00,160.115,160.507,160.11,160.428,11813.0,16,0.0
2023-11-06 04:00:00,160.429,160.678,160.426,160.542,10768.0,16,0.0
2023-11-06 08:00:00,160.543,160.882,160.503,160.861,24462.0,16,0.0
2023-11-06 12:00:00,160.862,160.98,160.745,160.859,20453.0,16,0.0
2023-11-06 16:00:00,160.859,160.971,160.677,160.873,23172.0,16,0.0
2023-11-06 20:00:00,160.873,160.891,160.744,160.828,12037.0,16,0.0
2023-11-07 00:00:00,160.755,160.831,160.672,160.75,9866.0,16,0.0
2023-11-07 04:00:00,160.75,160.967,160.681,160.963,9717.0,16,0.0
2023-11-07 08:00:00,160.963,161.029,160.693,160.71,21813.0,16,0.0
2023-11-07 12:00:00,160.707,160.854,160.43,160.758,25934.0,16,0.0
2023-11-07 16:00:00,160.758,160.957,160.643,160.742,29915.0,16,0.0
2023-11-07 20:00:00,160.742,160.945,160.724,160.915,12936.0,16,0.0
2023-11-08 00:00:00,160.855,161.005,160.674,160.958,10644.0,16,0.0
2023-11-08 04:00:00,160.959,160.98,160.834,160.975,8774.0,16,0.0
2023-11-08 08:00:00,160.975,161.044,160.7,160.771,21650.0,16,0.0
2023-11-08 12:00:00,160.772,161.056,160.725,161.006,21991.0,16,0.0
2023-11-08 16:00:00,161.007,161.621,160.994,161.591,32559.0,16,0.0
2023-11-08 20:00:00,161.591,161.729,161.524,161.672,15279.0,16,0.0
2023-11-09 00:00:00,161.643,161.686,161.468,161.629,10595.0,16,0.0
2023-11-09 04:00:00,161.627,161.69,161.592,161.646,6855.0,16,0.0
2023-11-09 08:00:00,161.646,161.739,161.461,161.577,21536.0,16,0.0
2023-11-09 12:00:00,161.578,161.655,161.445,161.653,24376.0,16,0.0
2023-11-09 16:00:00,161.654,161.794,161.52,161.721,31220.0,16,0.0
2023-11-09 20:00:00,161.721,161.721,161.362,161.444,33492.0,16,0.0
2023-11-10 00:00:00,161.412,161.471,161.318,161.407,9473.0,16,0.0
2023-11-10 04:00:00,161.408,161.529,161.384,161.521,6811.0,16,0.0
2023-11-10 08:00:00,161.521,161.723,161.381,161.704,19956.0,16,0.0
2023-11-10 12:00:00,161.703,161.855,161.602,161.788,21204.0,16,0.0
2023-11-10 16:00:00,161.788,161.884,161.568,161.854,31937.0,16,0.0
2023-11-10 20:00:00,161.853,161.945,161.782,161.865,12661.0,16,0.0
2023-11-13 00:00:00,161.746,162.049,161.706,161.974,9575.0,16,0.0
2023-11-13 04:00:00,161.975,162.199,161.96,162.182,7758.0,16,0.0
2023-11-13 08:00:00,162.184,162.364,162.157,162.24,18208.0,16,0.0
2023-11-13 12:00:00,162.239,162.336,161.901,162.018,17263.0,16,0.0
2023-11-13 16:00:00,162.019,162.242,161.534,162.183,31851.0,16,0.0
2023-11-13 20:00:00,162.183,162.327,162.142,162.317,10624.0,16,0.0
2023-11-14 00:00:00,162.293,162.384,162.202,162.334,7219.0,16,0.0
2023-11-14 04:00:00,162.333,162.354,162.224,162.261,6067.0,16,0.0
2023-11-14 08:00:00,162.259,162.563,162.24,162.562,16766.0,16,0.0
2023-11-14 12:00:00,162.563,163.145,162.546,162.92,31364.0,16,0.0
2023-11-14 16:00:00,162.919,163.814,162.892,163.749,47809.0,16,0.0
2023-11-14 20:00:00,163.748,163.754,163.471,163.591,15961.0,16,0.0
2023-11-15 00:00:00,163.545,163.849,163.397,163.698,13086.0,16,0.0
2023-11-15 04:00:00,163.702,163.913,163.674,163.809,10492.0,16,0.0
2023-11-15 08:00:00,163.81,163.94,163.066,163.213,27118.0,16,0.0
2023-11-15 12:00:00,163.212,163.743,163.187,163.725,29478.0,16,0.0
2023-11-15 16:00:00,163.723,164.072,163.68,164.067,37721.0,16,0.0
2023-11-15 20:00:00,164.066,164.207,164.006,164.196,12261.0,16,0.0
2023-11-16 00:00:00,164.184,164.195,163.87,163.959,9772.0,16,0.0
2023-11-16 04:00:00,163.96,164.019,163.834,163.985,10140.0,16,0.0
2023-11-16 08:00:00,163.985,164.306,163.985,164.154,21127.0,16,0.0
2023-11-16 12:00:00,164.153,164.175,163.774,163.925,26907.0,16,0.0
2023-11-16 16:00:00,163.924,163.974,163.254,163.451,39275.0,16,0.0
2023-11-16 20:00:00,163.45,163.605,163.35,163.581,13293.0,16,0.0
2023-11-17 00:00:00,163.543,163.604,163.393,163.469,10215.0,16,0.0
2023-11-17 04:00:00,163.47,163.513,163.244,163.486,9200.0,16,0.0
2023-11-17 08:00:00,163.489,163.522,162.241,162.376,29588.0,16,0.0
2023-11-17 12:00:00,162.376,162.699,162.151,162.669,33813.0,16,0.0
2023-11-17 16:00:00,162.668,163.064,162.553,163.027,34883.0,16,0.0
2023-11-17 20:00:00,163.028,163.314,163.023,163.261,11535.0,16,0.0
2023-11-20 00:00:00,163.135,163.558,162.888,163.095,16000.0,16,0.0
2023-11-20 04:00:00,163.096,163.166,162.514,162.779,24971.0,16,0.0
2023-11-20 08:00:00,162.784,162.879,162.072,162.087,33029.0,16,0.0
2023-11-20 12:00:00,162.086,162.33,161.775,162.273,26161.0,16,0.0
2023-11-20 16:00:00,162.276,162.436,162.145,162.264,26837.0,16,0.0
2023-11-20 20:00:00,162.263,162.424,162.203,162.327,15716.0,16,0.0
2023-11-21 00:00:00,162.291,162.423,161.991,162.104,17683.0,16,0.0
2023-11-21 04:00:00,162.103,162.176,161.449,161.91,23960.0,16,0.0
2023-11-21 08:00:00,161.91,161.928,161.247,161.717,33367.0,16,0.0
2023-11-21 12:00:00,161.718,161.747,161.494,161.572,28137.0,16,0.0
2023-11-21 16:00:00,161.573,161.759,161.436,161.586,33418.0,15,0.0
2023-11-21 20:00:00,161.585,161.993,161.528,161.895,20056.0,16,0.0
2023-11-22 00:00:00,161.872,161.924,161.59,161.865,15878.0,16,0.0
2023-11-22 04:00:00,161.864,162.32,161.705,162.27,15173.0,16,0.0
2023-11-22 08:00:00,162.268,162.723,162.24,162.582,32581.0,16,0.0
2023-11-22 12:00:00,162.58,162.628,162.097,162.62,32154.0,16,0.0
2023-11-22 16:00:00,162.618,162.84,162.377,162.78,35681.0,16,0.0
2023-11-22 20:00:00,162.777,162.938,162.777,162.835,11397.0,16,0.0
2023-11-23 00:00:00,162.805,162.805,162.477,162.531,9077.0,16,0.0
2023-11-23 04:00:00,162.531,162.732,162.437,162.555,10596.0,16,0.0
2023-11-23 08:00:00,162.557,163.022,162.502,163.009,27172.0,16,0.0
2023-11-23 12:00:00,163.009,163.05,162.771,162.951,17184.0,16,0.0
2023-11-23 16:00:00,162.951,163.192,162.854,163.171,13612.0,16,0.0
2023-11-23 20:00:00,163.17,163.17,163.07,163.096,4040.0,16,0.0
2023-11-24 00:00:00,163.046,163.236,162.972,163.0,11778.0,16,0.0
2023-11-24 04:00:00,162.999,163.062,162.723,162.859,9701.0,16,0.0
2023-11-24 08:00:00,162.863,163.287,162.777,163.141,20888.0,16,0.0
2023-11-24 12:00:00,163.141,163.39,163.098,163.381,18710.0,16,0.0
2023-11-24 16:00:00,163.382,163.627,163.304,163.587,22365.0,16,0.0
2023-11-24 20:00:00,163.587,163.652,163.295,163.303,10175.0,16,0.0
2023-11-27 00:00:00,163.424,163.718,163.157,163.227,14167.0,16,0.0
2023-11-27 04:00:00,163.227,163.321,162.935,163.295,17289.0,16,0.0
2023-11-27 08:00:00,163.296,163.476,162.977,163.45,24695.0,16,0.0
2023-11-27 12:00:00,163.45,163.492,162.788,162.862,23886.0,16,0.0
2023-11-27 16:00:00,162.862,162.968,162.539,162.873,31455.0,16,0.0
2023-11-27 20:00:00,162.874,162.885,162.713,162.857,12242.0,16,0.0
2023-11-28 00:00:00,162.827,162.848,162.249,162.396,14384.0,16,0.0
2023-11-28 04:00:00,162.394,162.488,162.2,162.384,11522.0,16,0.0
2023-11-28 08:00:00,162.384,162.925,162.229,162.703,25253.0,16,0.0
2023-11-28 12:00:00,162.704,162.842,162.542,162.787,26437.0,16,0.0
2023-11-28 16:00:00,162.79,162.864,162.09,162.118,50132.0,16,0.0
2023-11-28 20:00:00,162.118,162.14,161.921,162.117,18043.0,15,0.0
2023-11-29 00:00:00,162.104,162.127,161.543,161.68,23728.0,16,0.0
2023-11-29 04:00:00,161.679,162.063,161.568,161.887,19143.0,16,0.0
2023-11-29 08:00:00,161.891,162.141,161.584,161.946,36795.0,16,0.0
2023-11-29 12:00:00,161.946,162.253,161.799,162.098,36669.0,16,0.0
2023-11-29 16:00:00,162.099,162.199,161.521,161.637,41676.0,16,0.0
2023-11-29 20:00:00,161.637,161.757,161.481,161.491,15636.0,16,0.0
2023-11-30 00:00:00,161.471,161.529,161.131,161.292,14012.0,16,0.0
2023-11-30 04:00:00,161.293,161.471,161.221,161.321,13474.0,16,0.0
2023-11-30 08:00:00,161.321,161.465,160.594,161.052,33595.0,16,0.0
2023-11-30 12:00:00,161.052,161.445,161.017,161.429,34315.0,16,0.0
2023-11-30 16:00:00,161.43,161.94,161.197,161.398,52545.0,16,0.0
2023-11-30 20:00:00,161.398,161.437,161.31,161.362,13963.0,16,0.0
2023-12-01 00:00:00,161.325,161.374,160.982,161.104,17114.0,16,0.0
2023-12-01 04:00:00,161.103,161.575,161.084,161.549,15848.0,16,0.0
2023-12-01 08:00:00,161.548,161.775,160.943,161.131,31667.0,16,0.0
2023-12-01 12:00:00,161.13,161.469,160.982,161.046,29510.0,16,0.0
2023-12-01 16:00:00,161.045,161.068,159.755,159.8,57320.0,16,0.0
2023-12-01 20:00:00,159.799,159.89,159.644,159.744,18255.0,16,0.0
2023-12-04 00:00:00,159.564,159.742,159.112,159.447,33211.0,16,0.0
2023-12-04 04:00:00,159.448,159.706,159.353,159.574,18427.0,16,0.0
2023-12-04 08:00:00,159.575,159.843,159.308,159.441,35111.0,16,0.0
2023-12-04 12:00:00,159.441,159.51,159.154,159.189,31038.0,16,0.0
2023-12-04 16:00:00,159.188,159.409,158.711,159.407,44077.0,16,0.0
2023-12-04 20:00:00,159.41,159.593,159.38,159.521,14124.0,16,0.0
2023-12-05 00:00:00,159.432,159.718,159.125,159.511,17959.0,16,0.0
2023-12-05 04:00:00,159.511,159.599,159.441,159.484,13964.0,16,0.0
2023-12-05 08:00:00,159.483,159.537,158.576,159.294,37611.0,16,0.0
2023-12-05 12:00:00,159.291,159.518,158.949,158.956,27843.0,16,0.0
2023-12-05 16:00:00,158.955,159.295,158.738,158.781,48599.0,16,0.0
2023-12-05 20:00:00,158.779,158.945,158.748,158.883,13204.0,16,0.0
2023-12-06 00:00:00,158.86,158.985,158.686,158.927,12378.0,16,0.0
2023-12-06 04:00:00,158.928,159.084,158.847,158.966,11883.0,16,0.0
2023-12-06 08:00:00,158.966,159.057,158.38,158.974,30489.0,16,0.0
2023-12-06 12:00:00,158.974,159.119,158.557,158.816,29864.0,16,0.0
2023-12-06 16:00:00,158.815,159.025,158.685,158.719,33907.0,16,0.0
2023-12-06 20:00:00,158.719,158.756,158.549,158.567,12534.0,16,0.0
2023-12-07 00:00:00,158.539,158.585,158.078,158.157,14611.0,16,0.0
2023-12-07 04:00:00,158.157,158.202,157.653,157.699,19918.0,16,0.0
2023-12-07 08:00:00,157.699,157.8,156.113,156.153,52300.0,16,0.0
2023-12-07 12:00:00,156.148,156.434,155.748,156.282,46508.0,16,0.0
2023-12-07 16:00:00,156.284,156.29,153.112,154.941,54110.0,16,0.0
2023-12-07 20:00:00,154.941,155.606,154.629,155.577,28622.0,16,0.0
2023-12-08 00:00:00,155.57,155.721,153.855,154.667,43396.0,16,0.0
2023-12-08 04:00:00,154.669,155.558,154.334,155.217,31809.0,16,0.0
2023-12-08 08:00:00,155.214,155.689,155.015,155.494,46982.0,16,0.0
2023-12-08 12:00:00,155.494,155.993,154.826,154.969,44285.0,16,0.0
2023-12-08 16:00:00,154.967,155.832,154.868,155.752,53539.0,16,0.0
2023-12-08 20:00:00,155.751,156.091,155.72,155.95,11818.0,16,0.0
2023-12-11 00:00:00,155.825,156.785,155.825,156.604,26500.0,16,0.0
2023-12-11 04:00:00,156.606,156.771,156.429,156.741,16359.0,16,0.0
2023-12-11 08:00:00,156.743,157.549,156.423,157.399,39989.0,16,0.0
2023-12-11 12:00:00,157.398,157.683,157.314,157.462,30199.0,16,0.0
2023-12-11 16:00:00,157.461,157.484,156.986,157.362,33045.0,16,0.0
2023-12-11 20:00:00,157.363,157.458,157.244,157.332,14288.0,16,0.0
2023-12-12 00:00:00,157.253,157.34,156.71,156.879,16020.0,16,0.0
2023-12-12 04:00:00,156.883,157.005,156.497,156.558,14716.0,16,0.0
2023-12-12 08:00:00,156.558,157.132,156.535,156.949,27753.0,16,0.0
2023-12-12 12:00:00,156.949,157.159,156.636,156.96,35842.0,16,0.0
2023-12-12 16:00:00,156.96,157.207,156.798,157.143,36354.0,16,0.0
2023-12-12 20:00:00,157.14,157.215,157.012,157.022,13593.0,16,0.0
2023-12-13 00:00:00,156.979,157.151,156.772,156.917,15638.0,16,0.0
2023-12-13 04:00:00,156.916,157.179,156.815,157.066,14585.0,16,0.0
2023-12-13 08:00:00,157.063,157.482,157.033,157.318,27373.0,16,0.0
2023-12-13 12:00:00,157.32,157.334,156.836,156.85,27321.0,16,0.0
2023-12-13 16:00:00,156.849,156.877,156.498,156.557,29688.0,16,0.0
2023-12-13 20:00:00,156.556,156.681,155.368,155.379,64410.0,16,0.0
2023-12-14 00:00:00,155.365,155.556,154.617,155.079,32532.0,16,0.0
2023-12-14 04:00:00,155.081,155.147,153.842,154.056,40232.0,16,0.0
2023-12-14 08:00:00,154.055,154.886,154.055,154.274,52200.0,16,0.0
2023-12-14 12:00:00,154.274,155.4,154.266,155.248,59551.0,16,0.0
2023-12-14 16:00:00,155.245,156.011,154.947,155.827,62197.0,16,0.0
2023-12-14 20:00:00,155.828,156.061,155.693,155.943,23452.0,16,0.0
2023-12-15 00:00:00,155.928,156.493,155.854,156.365,23008.0,16,0.0
2023-12-15 04:00:00,156.364,156.445,155.665,155.852,21892.0,16,0.0
2023-12-15 08:00:00,155.845,156.178,155.101,155.39,33948.0,16,0.0
2023-12-15 12:00:00,155.39,155.499,154.892,155.355,40141.0,16,0.0
2023-12-15 16:00:00,155.356,155.365,154.403,154.967,48947.0,16,0.0
2023-12-15 20:00:00,154.969,155.031,154.766,154.824,21867.0,16,0.0
2023-12-18 00:00:00,154.731,155.26,154.731,155.017,14196.0,16,0.0
2023-12-18 04:00:00,155.019,155.235,154.974,155.219,12952.0,16,0.0
2023-12-18 08:00:00,155.221,155.646,155.201,155.595,28654.0,16,0.0
2023-12-18 12:00:00,155.596,156.03,155.54,155.978,28825.0,16,0.0
2023-12-18 16:00:00,155.978,156.306,155.971,156.178,28224.0,16,0.0
2023-12-18 20:00:00,156.179,156.188,155.976,155.978,10706.0,16,0.0
2023-12-19 00:00:00,155.912,156.026,155.383,155.644,15811.0,16,0.0
2023-12-19 04:00:00,155.648,157.019,155.57,156.815,27257.0,16,0.0
2023-12-19 08:00:00,156.817,158.348,155.494,158.141,49637.0,16,0.0
2023-12-19 12:00:00,158.139,158.569,158.034,158.17,32730.0,5,0.0
2023-12-19 16:00:00,158.17,158.342,157.598,157.856,32455.0,2,0.0
2023-12-19 20:00:00,157.855,157.992,157.789,157.935,11681.0,5,0.0
2023-12-20 00:00:00,157.891,158.127,157.704,157.791,15449.0,16,0.0
2023-12-20 04:00:00,157.785,157.963,157.243,157.443,15718.0,16,0.0
2023-12-20 08:00:00,157.445,157.577,157.041,157.243,29349.0,15,0.0
2023-12-20 12:00:00,157.246,157.256,156.785,157.118,25932.0,0,0.0
2023-12-20 16:00:00,157.12,157.731,157.114,157.677,29940.0,16,0.0
2023-12-20 20:00:00,157.678,157.715,157.029,157.081,17779.0,16,0.0
2023-12-21 00:00:00,157.015,157.12,156.523,156.625,15374.0,16,0.0
2023-12-21 04:00:00,156.625,156.661,156.364,156.578,15640.0,16,0.0
2023-12-21 08:00:00,156.58,156.912,156.413,156.555,22439.0,16,0.0
2023-12-21 12:00:00,156.555,156.858,156.227,156.286,33589.0,16,0.0
2023-12-21 16:00:00,156.287,156.522,156.132,156.273,37842.0,16,0.0
2023-12-21 20:00:00,156.273,156.52,156.269,156.46,12834.0,16,0.0
2023-12-22 00:00:00,156.43,156.582,156.112,156.514,17834.0,16,0.0
2023-12-22 04:00:00,156.514,156.744,156.442,156.546,14098.0,16,0.0
2023-12-22 08:00:00,156.547,156.683,156.346,156.385,25583.0,16,0.0
2023-12-22 12:00:00,156.383,156.752,156.323,156.605,28820.0,16,0.0
2023-12-22 16:00:00,156.605,156.983,156.506,156.929,32712.0,16,0.0
2023-12-22 20:00:00,156.929,156.988,156.763,156.815,12668.0,16,0.0
2023-12-26 00:00:00,156.579,156.876,156.44,156.803,9230.0,16,0.0
2023-12-26 04:00:00,156.802,156.889,156.741,156.871,6879.0,16,0.0
2023-12-26 08:00:00,156.871,156.972,156.749,156.951,10801.0,16,0.0
2023-12-26 12:00:00,156.957,156.998,156.757,156.855,11924.0,16,0.0
2023-12-26 16:00:00,156.856,157.313,156.829,157.221,13423.0,16,0.0
2023-12-26 20:00:00,157.221,157.367,157.174,157.215,9277.0,16,0.0
2023-12-27 00:00:00,157.171,157.667,157.043,157.39,12109.0,16,0.0
2023-12-27 04:00:00,157.39,157.516,157.149,157.443,10523.0,16,0.0
2023-12-27 08:00:00,157.443,157.78,157.284,157.613,21458.0,16,0.0
2023-12-27 12:00:00,157.618,157.844,157.541,157.834,18988.0,16,0.0
2023-12-27 16:00:00,157.834,158.385,157.691,157.805,26886.0,16,0.0
2023-12-27 20:00:00,157.804,157.859,157.291,157.499,16306.0,16,0.0
2023-12-28 00:00:00,157.431,157.473,156.854,157.271,14774.0,16,0.0
2023-12-28 04:00:00,157.272,157.28,156.769,156.827,14424.0,16,0.0
2023-12-28 08:00:00,156.826,156.932,156.437,156.634,25842.0,16,0.0
2023-12-28 12:00:00,156.634,156.675,156.269,156.281,21725.0,16,0.0
2023-12-28 16:00:00,156.285,156.849,155.833,156.395,34230.0,16,0.0
2023-12-28 20:00:00,156.394,156.608,156.304,156.425,14445.0,16,0.0
2023-12-29 00:00:00,156.379,156.945,156.257,156.762,13576.0,16,0.0
2023-12-29 04:00:00,156.762,156.78,156.303,156.394,9715.0,16,0.0
2023-12-29 08:00:00,156.393,156.797,156.274,156.792,20188.0,16,0.0
2023-12-29 12:00:00,156.793,156.894,156.268,156.717,25225.0,16,0.0
2023-12-29 16:00:00,156.717,156.752,155.654,155.838,37088.0,16,0.0
2023-12-29 20:00:00,155.837,155.942,155.623,155.672,16518.0,16,0.0
2024-01-02 00:00:00,155.53,156.137,155.434,156.083,11053.0,16,0.0
2024-01-02 04:00:00,156.084,156.19,155.9,155.961,10699.0,16,0.0
2024-01-02 08:00:00,155.959,156.34,155.79,155.926,26811.0,16,0.0
2024-01-02 12:00:00,155.925,155.998,155.53,155.697,37597.0,16,0.0
2024-01-02 16:00:00,155.693,155.715,155.066,155.469,36625.0,16,0.0
2024-01-02 20:00:00,155.469,155.482,155.257,155.36,12483.0,16,0.0
2024-01-03 00:00:00,155.318,155.608,155.128,155.524,9282.0,16,0.0
2024-01-03 04:00:00,155.524,155.683,155.465,155.645,8936.0,16,0.0
2024-01-03 08:00:00,155.644,156.258,155.586,155.991,26617.0,16,0.0
2024-01-03 12:00:00,155.991,156.205,155.787,156.194,30049.0,16,0.0
2024-01-03 16:00:00,156.194,156.787,156.107,156.627,44000.0,16,0.0
2024-01-03 20:00:00,156.627,156.771,156.316,156.492,26695.0,16,0.0
2024-01-04 00:00:00,156.442,156.615,156.071,156.598,13509.0,16,0.0
2024-01-04 04:00:00,156.598,157.189,156.521,157.106,14505.0,16,0.0
2024-01-04 08:00:00,157.107,157.809,156.631,157.794,34358.0,16,0.0
2024-01-04 12:00:00,157.797,158.246,157.758,158.23,32551.0,16,0.0
2024-01-04 16:00:00,158.229,158.59,158.228,158.345,33605.0,16,0.0
2024-01-04 20:00:00,158.341,158.47,158.185,158.29,13437.0,16,0.0
2024-01-05 00:00:00,158.218,158.676,158.002,158.52,13434.0,16,0.0
2024-01-05 04:00:00,158.521,158.6,158.211,158.302,11224.0,16,0.0
2024-01-05 08:00:00,158.301,158.835,158.187,158.438,29671.0,16,0.0
2024-01-05 12:00:00,158.434,158.991,158.373,158.873,34801.0,16,0.0
2024-01-05 16:00:00,158.876,158.995,158.047,158.45,56146.0,16,0.0
2024-01-05 20:00:00,158.449,158.58,158.142,158.171,16065.0,16,0.0
2024-01-08 00:00:00,158.074,158.482,158.048,158.067,9996.0,16,0.0
2024-01-08 04:00:00,158.069,158.161,157.85,157.9,10575.0,16,0.0
2024-01-08 08:00:00,157.898,158.143,157.704,157.747,26690.0,16,0.0
2024-01-08 12:00:00,157.749,158.375,157.717,158.19,24584.0,16,0.0
2024-01-08 16:00:00,158.191,158.292,157.685,157.853,30940.0,16,0.0
2024-01-08 20:00:00,157.851,157.994,157.804,157.929,12895.0,16,0.0
2024-01-09 00:00:00,157.882,157.988,157.245,157.282,15238.0,16,0.0
2024-01-09 04:00:00,157.282,157.547,157.226,157.446,12748.0,16,0.0
2024-01-09 08:00:00,157.445,157.982,157.324,157.533,26621.0,16,0.0
2024-01-09 12:00:00,157.533,157.703,157.305,157.371,25914.0,16,0.0
2024-01-09 16:00:00,157.371,157.961,157.204,157.892,30496.0,16,0.0
2024-01-09 20:00:00,157.892,157.998,157.736,157.938,13265.0,16,0.0
2024-01-10 00:00:00,157.882,158.29,157.696,158.236,11417.0,16,0.0
2024-01-10 04:00:00,158.236,158.46,158.153,158.273,10735.0,16,0.0
2024-01-10 08:00:00,158.278,158.729,158.208,158.645,26237.0,16,0.0
2024-01-10 12:00:00,158.644,159.086,158.542,158.961,21033.0,16,0.0
2024-01-10 16:00:00,158.96,159.788,158.884,159.695,26951.0,16,0.0
2024-01-10 20:00:00,159.695,159.936,159.625,159.934,12919.0,16,0.0
2024-01-11 00:00:00,159.912,160.003,159.556,159.595,13065.0,16,0.0
2024-01-11 04:00:00,159.596,159.828,159.51,159.724,10093.0,16,0.0
2024-01-11 08:00:00,159.723,159.853,159.416,159.571,22301.0,16,0.0
2024-01-11 12:00:00,159.571,159.988,159.189,159.986,34930.0,16,0.0
2024-01-11 16:00:00,159.986,160.182,159.543,159.83,51842.0,16,0.0
2024-01-11 20:00:00,159.83,159.957,159.381,159.43,22877.0,16,0.0
2024-01-12 00:00:00,159.423,159.569,159.071,159.375,19258.0,16,0.0
2024-01-12 04:00:00,159.369,159.55,159.02,159.421,13765.0,16,0.0
2024-01-12 08:00:00,159.421,159.429,158.976,159.104,25090.0,16,0.0
2024-01-12 12:00:00,159.105,159.294,158.612,158.62,30992.0,16,0.0
2024-01-12 16:00:00,158.622,158.919,158.541,158.719,38567.0,16,0.0
2024-01-12 20:00:00,158.719,158.851,158.603,158.605,10410.0,16,0.0
2024-01-15 00:00:00,158.55,159.022,158.475,158.924,12911.0,16,0.0
2024-01-15 04:00:00,158.926,159.293,158.886,159.272,8947.0,16,0.0
2024-01-15 08:00:00,159.273,159.547,159.197,159.456,24400.0,16,0.0
2024-01-15 12:00:00,159.455,159.831,159.316,159.639,24588.0,16,0.0
2024-01-15 16:00:00,159.639,159.687,159.447,159.601,16531.0,16,0.0
2024-01-15 20:00:00,159.601,159.699,159.593,159.612,1644.0,16,0.0
2024-01-16 00:00:00,159.56,159.674,159.241,159.43,18072.0,16,0.0
2024-01-16 04:00:00,159.432,159.723,159.412,159.546,15623.0,16,0.0
2024-01-16 08:00:00,159.545,159.697,159.409,159.526,35018.0,16,0.0
2024-01-16 12:00:00,159.527,159.847,159.318,159.441,32359.0,16,0.0
2024-01-16 16:00:00,159.441,160.021,159.372,159.961,43185.0,15,0.0
2024-01-16 20:00:00,159.963,160.147,159.916,160.055,13408.0,16,0.0
2024-01-17 00:00:00,160.004,160.377,159.89,160.108,14303.0,16,0.0
2024-01-17 04:00:00,160.108,160.404,160.047,160.343,17142.0,16,0.0
2024-01-17 08:00:00,160.342,160.854,160.33,160.672,36744.0,16,0.0
2024-01-17 12:00:00,160.67,160.797,160.503,160.717,29554.0,16,0.0
2024-01-17 16:00:00,160.72,161.245,160.666,161.076,39543.0,16,0.0
2024-01-17 20:00:00,161.075,161.295,161.019,161.216,14762.0,16,0.0
2024-01-18 00:00:00,161.197,161.388,161.093,161.309,16979.0,16,0.0
2024-01-18 04:00:00,161.309,161.382,161.097,161.108,12635.0,16,0.0
2024-01-18 08:00:00,161.107,161.294,160.793,160.927,28660.0,16,0.0
2024-01-18 12:00:00,160.927,161.129,160.731,160.866,29401.0,16,0.0
2024-01-18 16:00:00,160.866,161.041,160.642,160.962,35063.0,16,0.0
2024-01-18 20:00:00,160.962,161.12,160.806,161.112,15139.0,16,0.0
2024-01-19 00:00:00,161.075,161.51,160.858,161.487,12594.0,16,0.0
2024-01-19 04:00:00,161.487,161.775,161.302,161.744,13875.0,16,0.0
2024-01-19 08:00:00,161.739,161.866,160.884,161.045,29099.0,16,0.0
2024-01-19 12:00:00,161.046,161.277,160.808,161.181,21273.0,16,0.0
2024-01-19 16:00:00,161.181,161.475,161.136,161.299,34118.0,16,0.0
2024-01-19 20:00:00,161.299,161.509,161.298,161.407,14374.0,16,0.0
2024-01-22 00:00:00,161.259,161.54,161.091,161.195,14043.0,16,0.0
2024-01-22 04:00:00,161.196,161.466,161.146,161.401,13027.0,16,0.0
2024-01-22 08:00:00,161.402,161.52,161.259,161.393,26484.0,16,0.0
2024-01-22 12:00:00,161.394,161.411,160.753,160.856,22669.0,16,0.0
2024-01-22 16:00:00,160.857,161.264,160.815,161.247,21880.0,16,0.0
2024-01-22 20:00:00,161.248,161.352,161.104,161.196,11508.0,16,0.0
2024-01-23 00:00:00,161.128,161.279,160.914,161.261,11104.0,16,0.0
2024-01-23 04:00:00,161.26,161.712,161.066,161.34,25198.0,16,0.0
2024-01-23 08:00:00,161.338,161.547,160.418,160.819,43573.0,16,0.0
2024-01-23 12:00:00,160.82,161.002,160.617,160.991,25851.0,16,0.0
2024-01-23 16:00:00,160.991,161.081,160.654,160.952,28239.0,16,0.0
2024-01-23 20:00:00,160.955,161.039,160.838,161.02,9988.0,16,0.0
2024-01-24 00:00:00,160.958,161.063,160.669,160.719,12784.0,16,0.0
2024-01-24 04:00:00,160.715,160.941,160.48,160.623,15073.0,16,0.0
2024-01-24 08:00:00,160.623,160.896,160.235,160.849,32873.0,16,0.0
2024-01-24 12:00:00,160.852,160.867,160.279,160.342,29746.0,16,0.0
2024-01-24 16:00:00,160.341,160.693,159.98,160.513,40603.0,16,0.0
2024-01-24 20:00:00,160.514,160.72,160.467,160.537,16663.0,16,0.0
2024-01-25 00:00:00,160.507,160.739,160.424,160.625,13876.0,16,0.0
2024-01-25 04:00:00,160.624,160.827,160.578,160.781,12010.0,16,0.0
2024-01-25 08:00:00,160.781,160.97,160.597,160.865,24252.0,16,0.0
2024-01-25 12:00:00,160.866,160.907,160.173,160.33,30907.0,16,0.0
2024-01-25 16:00:00,160.33,160.33,159.694,160.211,45815.0,16,0.0
2024-01-25 20:00:00,160.214,160.237,160.028,160.148,14938.0,16,0.0
2024-01-26 00:00:00,160.115,160.312,159.94,160.006,13634.0,16,0.0
2024-01-26 04:00:00,160.008,160.225,159.968,160.177,9615.0,16,0.0
2024-01-26 08:00:00,160.176,160.528,159.829,160.314,29368.0,16,0.0
2024-01-26 12:00:00,160.312,160.68,160.266,160.523,29936.0,16,0.0
2024-01-26 16:00:00,160.524,160.924,160.507,160.771,30026.0,16,0.0
2024-01-26 20:00:00,160.772,160.881,160.705,160.762,11513.0,6,0.0
2024-01-29 00:00:00,160.54,160.836,160.52,160.635,10748.0,16,0.0
2024-01-29 04:00:00,160.635,160.723,160.461,160.462,8150.0,16,0.0
2024-01-29 08:00:00,160.461,160.507,159.895,159.933,23446.0,16,0.0
2024-01-29 12:00:00,159.932,160.249,159.824,160.112,19324.0,16,0.0
2024-01-29 16:00:00,160.114,160.154,159.418,159.643,23088.0,16,0.0
2024-01-29 20:00:00,159.644,159.814,159.588,159.779,14117.0,16,0.0
2024-01-30 00:00:00,159.714,159.817,159.527,159.614,13513.0,16,0.0
2024-01-30 04:00:00,159.613,159.782,159.471,159.506,11132.0,16,0.0
2024-01-30 08:00:00,159.508,159.681,159.215,159.575,25470.0,16,0.0
2024-01-30 12:00:00,159.573,159.993,159.434,159.832,23647.0,16,0.0
2024-01-30 16:00:00,159.834,160.337,159.627,160.207,33020.0,16,0.0
2024-01-30 20:00:00,160.206,160.206,160.032,160.086,11693.0,16,0.0
2024-01-31 00:00:00,160.035,160.055,159.639,159.814,15029.0,16,0.0
2024-01-31 04:00:00,159.813,159.916,159.681,159.84,13864.0,16,0.0
2024-01-31 08:00:00,159.839,159.98,159.475,159.906,29616.0,16,0.0
2024-01-31 12:00:00,159.907,160.269,159.867,160.15,30216.0,16,0.0
2024-01-31 16:00:00,160.15,160.195,158.641,158.792,56240.0,16,0.0
2024-01-31 20:00:00,158.79,159.24,158.563,158.959,63427.0,16,0.0
2024-02-01 00:00:00,158.929,158.973,158.485,158.65,16843.0,16,0.0
2024-02-01 04:00:00,158.65,158.712,158.461,158.654,15591.0,16,0.0
2024-02-01 08:00:00,158.654,158.707,158.078,158.507,31105.0,16,0.0
2024-02-01 12:00:00,158.506,159.148,158.427,158.598,36703.0,16,0.0
2024-02-01 16:00:00,158.599,159.195,158.323,159.127,52631.0,16,0.0
2024-02-01 20:00:00,159.128,159.203,158.968,159.175,20909.0,16,0.0
2024-02-02 00:00:00,159.148,159.309,159.03,159.117,12420.0,16,0.0
2024-02-02 04:00:00,159.116,159.415,159.086,159.283,10792.0,16,0.0
2024-02-02 08:00:00,159.277,159.93,159.244,159.76,23869.0,16,0.0
2024-02-02 12:00:00,159.759,159.941,159.371,159.909,34826.0,16,0.0
2024-02-02 16:00:00,159.909,160.26,159.535,160.162,48084.0,16,0.0
2024-02-02 20:00:00,160.162,160.208,159.927,160.047,15124.0,16,0.0
2024-02-05 00:00:00,159.82,160.273,159.82,159.923,20603.0,16,0.0
2024-02-05 04:00:00,159.924,160.106,159.856,159.936,13431.0,16,0.0
2024-02-05 08:00:00,159.935,160.183,159.649,159.697,24894.0,16,0.0
2024-02-05 12:00:00,159.697,159.8,159.479,159.524,23853.0,16,0.0
2024-02-05 16:00:00,159.522,159.754,159.381,159.607,31514.0,16,0.0
2024-02-05 20:00:00,159.607,159.766,159.549,159.713,10857.0,16,0.0
2024-02-06 00:00:00,159.673,159.715,159.529,159.594,9605.0,16,0.0
2024-02-06 04:00:00,159.593,159.764,159.523,159.622,12858.0,16,0.0
2024-02-06 08:00:00,159.623,159.869,159.468,159.523,26795.0,16,0.0
2024-02-06 12:00:00,159.525,159.714,159.379,159.478,27181.0,16,0.0
2024-02-06 16:00:00,159.476,159.525,158.964,159.028,35692.0,16,0.0
2024-02-06 20:00:00,159.027,159.114,158.963,159.079,17116.0,16,0.0
2024-02-07 00:00:00,159.064,159.149,158.902,159.09,12451.0,16,0.0
2024-02-07 04:00:00,159.09,159.293,159.088,159.236,10822.0,16,0.0
2024-02-07 08:00:00,159.235,159.399,159.136,159.296,25762.0,16,0.0
2024-02-07 12:00:00,159.295,159.73,159.246,159.597,25848.0,16,0.0
2024-02-07 16:00:00,159.597,159.623,159.057,159.466,42990.0,16,0.0
2024-02-07 20:00:00,159.463,159.65,159.374,159.611,13106.0,16,0.0
2024-02-08 00:00:00,159.573,159.909,159.433,159.844,13924.0,16,0.0
2024-02-08 04:00:00,159.845,160.291,159.845,160.22,16095.0,16,0.0
2024-02-08 08:00:00,160.216,160.477,160.156,160.409,26991.0,16,0.0
2024-02-08 12:00:00,160.409,160.698,160.365,160.513,35249.0,16,0.0
2024-02-08 16:00:00,160.512,160.955,160.444,160.927,30135.0,16,0.0
2024-02-08 20:00:00,160.925,160.994,160.8,160.922,13357.0,16,0.0
2024-02-09 00:00:00,160.901,160.984,160.817,160.845,11608.0,16,0.0
2024-02-09 04:00:00,160.848,161.015,160.83,160.928,10705.0,16,0.0
2024-02-09 08:00:00,160.927,161.262,160.772,160.892,26594.0,16,0.0
2024-02-09 12:00:00,160.891,161.098,160.77,161.091,34728.0,16,0.0
2024-02-09 16:00:00,161.09,161.183,160.97,161.088,44209.0,16,0.0
2024-02-09 20:00:00,161.088,161.154,160.942,160.945,14246.0,16,0.0
2024-02-12 00:00:00,160.801,161.099,160.801,161.05,10327.0,16,0.0
2024-02-12 04:00:00,161.051,161.083,160.985,161.019,10613.0,16,0.0
2024-02-12 08:00:00,161.016,161.092,160.564,160.597,29995.0,16,0.0
2024-02-12 12:00:00,160.598,160.693,160.378,160.599,30949.0,16,0.0
2024-02-12 16:00:00,160.602,160.998,160.588,160.931,34070.0,16,0.0
2024-02-12 20:00:00,160.932,161.057,160.849,160.868,15924.0,16,0.0
2024-02-13 00:00:00,160.833,160.965,160.694,160.822,11797.0,16,0.0
2024-02-13 04:00:00,160.821,161.036,160.784,161.015,12042.0,16,0.0
2024-02-13 08:00:00,161.016,161.254,160.917,161.034,31744.0,16,0.0
2024-02-13 12:00:00,161.034,161.326,160.768,161.09,40713.0,16,0.0
2024-02-13 16:00:00,161.092,161.633,160.963,161.568,49366.0,16,0.0
2024-02-13 20:00:00,161.568,161.605,161.39,161.48,18457.0,16,0.0
2024-02-14 00:00:00,161.435,161.459,161.189,161.254,17461.0,16,0.0
2024-02-14 04:00:00,161.254,161.33,161.136,161.267,15255.0,16,0.0
2024-02-14 08:00:00,161.265,161.33,160.953,161.185,33620.0,16,0.0
2024-02-14 12:00:00,161.184,161.411,161.118,161.395,36639.0,16,0.0
2024-02-14 16:00:00,161.395,161.58,161.315,161.424,40182.0,16,0.0
2024-02-14 20:00:00,161.425,161.586,161.369,161.535,16408.0,16,0.0
2024-02-15 00:00:00,161.504,161.586,161.086,161.142,16389.0,16,0.0
2024-02-15 04:00:00,161.142,161.238,161.02,161.13,17144.0,16,0.0
2024-02-15 08:00:00,161.13,161.255,160.913,161.021,32045.0,15,0.0
2024-02-15 12:00:00,161.02,161.433,160.97,161.312,35992.0,15,0.0
2024-02-15 16:00:00,161.312,161.647,161.312,161.536,44610.0,15,0.0
2024-02-15 20:00:00,161.535,161.553,161.39,161.506,15497.0,15,0.0
2024-02-16 00:00:00,161.483,161.683,161.415,161.537,16396.0,15,0.0
2024-02-16 04:00:00,161.538,161.792,161.535,161.593,18892.0,15,0.0
2024-02-16 08:00:00,161.592,161.828,161.587,161.799,31036.0,15,0.0
2024-02-16 12:00:00,161.8,161.895,161.646,161.755,31390.0,15,0.0
2024-02-16 16:00:00,161.758,161.92,161.691,161.907,39751.0,15,0.0
2024-02-16 20:00:00,161.908,161.954,161.793,161.822,21554.0,15,0.0
2024-02-19 00:00:00,161.632,161.922,161.611,161.676,16149.0,8,0.0
2024-02-19 04:00:00,161.677,161.749,161.552,161.735,14242.0,8,0.0
2024-02-19 08:00:00,161.736,161.809,161.494,161.553,25020.0,8,0.0
2024-02-19 12:00:00,161.554,161.689,161.494,161.519,25887.0,8,0.0
2024-02-19 16:00:00,161.518,161.843,161.475,161.843,19707.0,8,0.0
2024-02-19 20:00:00,161.841,161.922,161.81,161.823,3685.0,8,0.0
2024-02-20 00:00:00,161.818,161.936,161.73,161.782,17863.0,8,0.0
2024-02-20 04:00:00,161.782,161.974,161.763,161.973,15221.0,8,0.0
2024-02-20 08:00:00,161.974,162.292,161.856,162.264,31794.0,8,0.0
2024-02-20 12:00:00,162.262,162.361,162.099,162.327,36630.0,8,0.0
2024-02-20 16:00:00,162.329,162.364,161.963,162.065,36655.0,8,0.0
2024-02-20 20:00:00,162.066,162.195,162.041,162.11,16784.0,8,0.0
2024-02-21 00:00:00,162.086,162.274,162.019,162.19,15682.0,8,0.0
2024-02-21 04:00:00,162.19,162.259,162.106,162.229,14926.0,8,0.0
2024-02-21 08:00:00,162.228,162.377,161.976,162.111,30526.0,8,0.0
2024-02-21 12:00:00,162.113,162.259,161.944,162.254,28431.0,8,0.0
2024-02-21 16:00:00,162.254,162.597,162.201,162.463,34846.0,8,0.0
2024-02-21 20:00:00,162.464,162.613,162.417,162.607,28837.0,8,0.0
2024-02-22 00:00:00,162.566,162.932,162.462,162.745,17985.0,8,0.0
2024-02-22 04:00:00,162.745,162.887,162.672,162.812,17887.0,8,0.0
2024-02-22 08:00:00,162.811,163.465,162.783,162.985,41899.0,8,0.0
2024-02-22 12:00:00,162.989,163.154,162.901,162.96,36005.0,8,0.0
2024-02-22 16:00:00,162.96,162.993,162.641,162.963,36403.0,8,0.0
2024-02-22 20:00:00,162.962,162.994,162.85,162.898,17807.0,8,0.0
2024-02-23 00:00:00,162.858,162.931,162.788,162.899,12588.0,8,0.0
2024-02-23 04:00:00,162.901,163.028,162.86,162.997,12572.0,8,0.0
2024-02-23 08:00:00,162.998,163.168,162.984,163.066,27581.0,8,0.0
2024-02-23 12:00:00,163.066,163.208,162.864,162.992,31340.0,8,0.0
2024-02-23 16:00:00,162.994,163.032,162.681,162.814,34430.0,8,0.0
2024-02-23 20:00:00,162.815,162.897,162.739,162.87,13579.0,8,0.0
2024-02-26 00:00:00,162.785,162.907,162.561,162.7,13760.0,10,0.0
2024-02-26 04:00:00,162.7,162.89,162.699,162.815,12503.0,10,0.0
2024-02-26 08:00:00,162.814,163.32,162.776,163.289,28777.0,10,0.0
2024-02-26 12:00:00,163.288,163.581,163.263,163.568,27621.0,10,0.0
2024-02-26 16:00:00,163.568,163.718,163.423,163.513,30103.0,10,0.0
2024-02-26 20:00:00,163.511,163.561,163.458,163.52,14870.0,10,0.0
2024-02-27 00:00:00,163.457,163.49,163.263,163.3,12523.0,10,0.0
2024-02-27 04:00:00,163.3,163.349,163.236,163.341,10980.0,10,0.0
2024-02-27 08:00:00,163.343,163.383,163.003,163.079,23952.0,10,0.0
2024-02-27 12:00:00,163.079,163.226,162.888,163.018,28758.0,10,0.0
2024-02-27 16:00:00,163.02,163.38,162.944,163.222,29228.0,10,0.0
2024-02-27 20:00:00,163.223,163.301,163.157,163.218,14185.0,10,0.0
2024-02-28 00:00:00,163.198,163.213,163.014,163.024,11243.0,10,0.0
2024-02-28 04:00:00,163.023,163.19,162.98,163.05,12748.0,10,0.0
2024-02-28 08:00:00,163.049,163.197,162.753,162.805,25965.0,10,0.0
2024-02-28 12:00:00,162.804,163.23,162.795,163.185,30357.0,10,0.0
2024-02-28 16:00:00,163.185,163.408,163.128,163.328,28904.0,10,0.0
2024-02-28 20:00:00,163.328,163.344,163.232,163.321,15143.0,10,0.0
2024-02-29 00:00:00,163.289,163.289,162.647,162.664,12924.0,10,0.0
2024-02-29 04:00:00,162.663,162.698,162.177,162.429,24224.0,10,0.0
2024-02-29 08:00:00,162.424,162.66,162.043,162.546,40492.0,10,0.0
2024-02-29 12:00:00,162.548,162.747,162.279,162.327,39824.0,10,0.0
2024-02-29 16:00:00,162.328,162.448,161.682,161.99,44739.0,10,0.0
2024-02-29 20:00:00,161.99,162.083,161.918,162.043,16915.0,10,0.0
2024-03-01 00:00:00,161.991,162.704,161.771,162.702,17534.0,10,0.0
2024-03-01 04:00:00,162.701,162.751,162.592,162.664,12825.0,10,0.0
2024-03-01 08:00:00,162.663,162.937,162.491,162.9,29968.0,10,0.0
2024-03-01 12:00:00,162.901,163.003,162.336,162.887,35876.0,10,0.0
2024-03-01 16:00:00,162.886,162.924,162.524,162.724,43236.0,10,0.0
2024-03-01 20:00:00,162.724,162.764,162.647,162.653,18610.0,10,0.0
2024-03-04 00:00:00,162.497,162.829,162.497,162.735,14625.0,10,0.0
2024-03-04 04:00:00,162.734,163.004,162.723,162.993,13484.0,10,0.0
2024-03-04 08:00:00,162.991,163.251,162.772,163.001,25939.0,10,0.0
2024-03-04 12:00:00,163.002,163.342,162.993,163.228,27846.0,10,0.0
2024-03-04 16:00:00,163.227,163.521,163.212,163.435,28060.0,10,0.0
2024-03-04 20:00:00,163.435,163.463,163.378,163.39,10664.0,10,0.0
2024-03-05 00:00:00,163.333,163.411,163.115,163.241,18410.0,10,0.0
2024-03-05 04:00:00,163.242,163.367,163.241,163.333,12317.0,10,0.0
2024-03-05 08:00:00,163.334,163.354,163.022,163.218,25455.0,10,0.0
2024-03-05 12:00:00,163.217,163.273,162.777,162.79,25405.0,10,0.0
2024-03-05 16:00:00,162.791,163.165,162.676,162.999,41352.0,10,0.0
2024-03-05 20:00:00,162.999,162.999,162.606,162.9,17419.0,10,0.0
2024-03-06 00:00:00,162.869,162.894,162.638,162.69,13413.0,10,0.0
2024-03-06 04:00:00,162.688,162.779,162.621,162.729,14823.0,10,0.0
2024-03-06 08:00:00,162.732,162.92,162.207,162.759,33460.0,10,0.0
2024-03-06 12:00:00,162.759,162.923,162.533,162.581,35033.0,10,0.0
2024-03-06 16:00:00,162.581,162.957,162.515,162.8,41906.0,10,0.0
2024-03-06 20:00:00,162.8,162.85,162.651,162.833,17088.0,10,0.0
2024-03-07 00:00:00,162.774,162.774,161.912,161.959,26924.0,10,0.0
2024-03-07 04:00:00,161.959,162.126,161.825,162.017,20474.0,10,0.0
2024-03-07 08:00:00,162.016,162.058,160.993,161.323,35770.0,10,0.0
2024-03-07 12:00:00,161.323,161.323,160.552,160.657,39624.0,10,0.0
2024-03-07 16:00:00,160.659,162.127,160.622,161.984,48679.0,10,0.0
2024-03-07 20:00:00,161.988,162.136,161.945,162.048,15949.0,10,0.0
2024-03-08 00:00:00,162.004,162.175,161.617,162.004,20717.0,10,0.0
2024-03-08 04:00:00,162.006,162.11,161.766,161.792,20655.0,10,0.0
2024-03-08 08:00:00,161.791,162.021,160.616,160.894,39192.0,10,0.0
2024-03-08 12:00:00,160.895,161.103,160.644,161.049,45781.0,10,0.0
2024-03-08 16:00:00,161.05,161.226,160.766,160.839,51941.0,10,0.0
2024-03-08 20:00:00,160.835,160.937,160.725,160.806,20182.0,10,0.0
2024-03-11 00:00:00,160.776,160.912,160.37,160.689,21973.0,10,0.0
2024-03-11 04:00:00,160.691,160.906,160.658,160.815,17410.0,10,0.0
2024-03-11 08:00:00,160.809,160.899,160.213,160.314,29345.0,10,0.0
2024-03-11 12:00:00,160.314,160.649,160.27,160.48,31216.0,10,0.0
2024-03-11 16:00:00,160.481,160.68,160.316,160.514,29763.0,10,0.0
2024-03-11 20:00:00,160.513,160.614,160.298,160.543,13522.0,10,0.0
2024-03-12 00:00:00,160.534,160.686,160.277,160.657,15577.0,10,0.0
2024-03-12 04:00:00,160.657,161.438,160.648,161.362,20952.0,10,0.0
2024-03-12 08:00:00,161.365,161.404,160.87,161.137,32683.0,10,0.0
2024-03-12 12:00:00,161.138,161.599,160.933,161.272,51545.0,10,0.0
2024-03-12 16:00:00,161.272,161.49,161.189,161.372,34579.0,10,0.0
2024-03-12 20:00:00,161.371,161.383,161.094,161.298,11533.0,10,0.0
2024-03-13 00:00:00,161.297,161.337,160.896,161.036,16734.0,10,0.0
2024-03-13 04:00:00,161.036,161.316,160.957,161.273,15438.0,10,0.0
2024-03-13 08:00:00,161.272,161.728,161.195,161.654,33182.0,10,0.0
2024-03-13 12:00:00,161.654,161.95,161.635,161.751,29899.0,10,0.0
2024-03-13 16:00:00,161.751,161.821,161.558,161.759,32847.0,10,0.0
2024-03-13 20:00:00,161.761,161.881,161.627,161.627,13055.0,10,0.0
2024-03-14 00:00:00,161.638,161.732,161.554,161.685,12515.0,10,0.0
2024-03-14 04:00:00,161.686,161.904,161.66,161.816,13736.0,10,0.0
2024-03-14 08:00:00,161.817,161.915,161.635,161.688,26462.0,10,0.0
2024-03-14 12:00:00,161.688,161.769,161.098,161.491,46084.0,10,0.0
2024-03-14 16:00:00,161.49,161.571,161.25,161.422,39858.0,10,0.0
2024-03-14 20:00:00,161.423,161.516,161.069,161.39,16564.0,10,0.0
2024-03-15 00:00:00,161.38,161.578,161.326,161.493,15659.0,10,0.0
2024-03-15 04:00:00,161.485,161.668,161.237,161.326,15815.0,10,0.0
2024-03-15 08:00:00,161.329,162.118,161.066,162.079,36111.0,10,0.0
2024-03-15 12:00:00,162.079,162.189,161.878,162.098,32427.0,10,0.0
2024-03-15 16:00:00,162.093,162.405,162.065,162.208,30824.0,10,0.0
2024-03-15 20:00:00,162.209,162.359,162.129,162.129,9859.0,10,0.0
2024-03-18 00:00:00,162.269,162.56,162.079,162.461,13694.0,10,0.0
2024-03-18 04:00:00,162.463,162.485,162.179,162.352,12913.0,10,0.0
2024-03-18 08:00:00,162.352,162.685,162.337,162.63,23808.0,10,0.0
2024-03-18 12:00:00,162.63,162.637,162.369,162.485,18113.0,10,0.0
2024-03-18 16:00:00,162.484,162.561,161.946,162.063,24453.0,10,0.0
2024-03-18 20:00:00,162.064,162.2,161.972,162.136,10311.0,10,0.0
2024-03-19 00:00:00,162.13,162.369,162.017,162.269,14736.0,10,0.0
2024-03-19 04:00:00,162.269,163.424,162.003,163.293,33754.0,10,0.0
2024-03-19 08:00:00,163.294,163.495,162.949,163.288,44074.0,10,0.0
2024-03-19 12:00:00,163.295,163.55,163.113,163.548,34250.0,10,0.0
2024-03-19 16:00:00,163.548,163.995,163.54,163.929,26228.0,10,0.0
2024-03-19 20:00:00,163.929,163.962,163.517,163.851,9415.0,10,0.0
2024-03-20 00:00:00,163.865,164.345,163.865,164.233,15305.0,10,0.0
2024-03-20 04:00:00,164.233,164.689,164.224,164.654,14710.0,10,0.0
2024-03-20 08:00:00,164.655,164.74,164.253,164.406,26642.0,10,0.0
2024-03-20 12:00:00,164.405,164.583,164.37,164.56,19786.0,10,0.0
2024-03-20 16:00:00,164.562,164.741,164.436,164.642,18745.0,10,0.0
2024-03-20 20:00:00,164.643,165.353,164.299,165.084,42358.0,10,0.0
2024-03-21 00:00:00,165.099,165.237,164.343,164.574,30336.0,10,0.0
2024-03-21 04:00:00,164.576,165.076,164.409,165.062,18459.0,10,0.0
2024-03-21 08:00:00,165.063,165.339,164.604,164.874,38884.0,10,0.0
2024-03-21 12:00:00,164.873,165.029,164.715,164.809,36570.0,10,0.0
2024-03-21 16:00:00,164.816,164.86,164.558,164.737,30934.0,10,0.0
2024-03-21 20:00:00,164.743,164.76,164.532,164.632,8926.0,10,0.0
2024-03-22 00:00:00,164.64,164.82,164.557,164.69,16770.0,10,0.0
2024-03-22 04:00:00,164.69,164.701,164.132,164.231,19645.0,10,0.0
2024-03-22 08:00:00,164.23,164.23,163.661,163.991,28339.0,10,0.0
2024-03-22 12:00:00,163.989,164.07,163.489,163.704,29536.0,10,0.0
2024-03-22 16:00:00,163.705,163.76,163.48,163.624,26267.0,10,0.0
2024-03-22 20:00:00,163.627,163.683,163.489,163.489,8279.0,10,0.0
2024-03-25 00:00:00,163.584,163.617,163.302,163.598,16687.0,10,0.0
2024-03-25 04:00:00,163.597,163.691,163.432,163.646,15265.0,10,0.0
2024-03-25 08:00:00,163.648,163.843,163.551,163.779,20309.0,10,0.0
2024-03-25 12:00:00,163.778,163.934,163.641,163.901,20639.0,10,0.0
2024-03-25 16:00:00,163.901,164.209,163.89,164.175,21588.0,10,0.0
2024-03-25 20:00:00,164.18,164.201,163.815,164.058,13237.0,10,0.0
2024-03-26 00:00:00,164.057,164.143,163.978,164.079,13548.0,10,0.0
2024-03-26 04:00:00,164.08,164.219,163.999,164.19,12148.0,10,0.0
2024-03-26 08:00:00,164.189,164.244,163.959,164.178,20000.0,10,0.0
2024-03-26 12:00:00,164.178,164.407,164.169,164.322,23217.0,10,0.0
2024-03-26 16:00:00,164.32,164.353,164.007,164.147,22259.0,10,0.0
2024-03-26 20:00:00,164.148,164.191,163.969,164.008,9287.0,10,0.0
2024-03-27 00:00:00,164.011,164.188,163.906,164.113,13330.0,10,0.0
2024-03-27 04:00:00,164.111,164.419,164.011,164.179,17067.0,10,0.0
2024-03-27 08:00:00,164.179,164.293,163.658,163.787,33669.0,10,0.0
2024-03-27 12:00:00,163.787,163.792,163.434,163.58,28755.0,10,0.0
2024-03-27 16:00:00,163.581,163.722,163.446,163.685,20659.0,10,0.0
2024-03-27 20:00:00,163.685,163.783,163.542,163.69,8231.0,10,0.0
2024-03-28 00:00:00,163.671,163.87,163.494,163.675,16980.0,10,0.0
2024-03-28 04:00:00,163.676,163.783,163.653,163.768,12205.0,10,0.0
2024-03-28 08:00:00,163.766,163.798,163.143,163.15,21465.0,10,0.0
2024-03-28 12:00:00,163.151,163.542,163.132,163.474,24623.0,10,0.0
2024-03-28 16:00:00,163.496,163.578,163.237,163.388,25680.0,10,0.0
2024-03-28 20:00:00,163.389,163.423,163.1,163.269,13031.0,10,0.0
2024-03-29 00:00:00,163.266,163.424,163.04,163.07,14999.0,10,0.0
2024-03-29 04:00:00,163.072,163.115,162.935,163.054,17743.0,10,0.0
2024-03-29 08:00:00,163.055,163.173,162.942,163.146,11141.0,10,0.0
2024-03-29 12:00:00,163.15,163.343,163.097,163.251,14082.0,10,0.0
2024-03-29 16:00:00,163.249,163.263,163.111,163.185,11604.0,10,0.0
2024-03-29 20:00:00,163.185,163.331,163.116,163.121,5084.0,11,0.0
2024-04-01 00:00:00,163.175,163.425,163.104,163.354,11513.0,10,0.0
2024-04-01 04:00:00,163.354,163.384,163.143,163.282,12126.0,10,0.0
2024-04-01 08:00:00,163.282,163.37,163.194,163.291,12484.0,10,0.0
2024-04-01 12:00:00,163.292,163.347,163.173,163.293,13147.0,10,0.0
2024-04-01 16:00:00,163.295,163.375,162.817,162.873,23875.0,10,0.0
2024-04-01 20:00:00,162.875,162.925,162.79,162.899,11235.0,10,0.0
2024-04-02 00:00:00,162.866,162.912,162.609,162.864,9696.0,10,0.0
2024-04-02 04:00:00,162.864,162.943,162.743,162.89,11507.0,10,0.0
2024-04-02 08:00:00,162.891,162.954,162.616,162.73,21897.0,10,0.0
2024-04-02 12:00:00,162.73,163.111,162.73,163.05,21546.0,10,0.0
2024-04-02 16:00:00,163.049,163.335,163.022,163.242,28492.0,10,0.0
2024-04-02 20:00:00,163.234,163.249,163.13,163.181,11062.0,10,0.0
2024-04-03 00:00:00,163.143,163.274,163.035,163.205,8859.0,10,0.0
2024-04-03 04:00:00,163.206,163.38,163.176,163.333,12926.0,10,0.0
2024-04-03 08:00:00,163.333,163.494,163.26,163.415,20155.0,10,0.0
2024-04-03 12:00:00,163.415,163.745,163.355,163.662,23365.0,10,0.0
2024-04-03 16:00:00,163.667,164.324,163.649,164.241,34300.0,10,0.0
2024-04-03 20:00:00,164.24,164.368,164.21,164.357,11391.0,10,0.0
2024-04-04 00:00:00,164.338,164.406,164.248,164.345,7745.0,10,0.0
2024-04-04 04:00:00,164.346,164.503,164.324,164.477,11225.0,10,0.0
2024-04-04 08:00:00,164.475,164.808,164.381,164.788,19705.0,10,0.0
2024-04-04 12:00:00,164.787,164.859,164.63,164.81,16311.0,10,0.0
2024-04-04 16:00:00,164.812,164.913,164.655,164.667,19430.0,10,0.0
2024-04-04 20:00:00,164.668,164.73,163.791,163.989,24457.0,10,0.0
2024-04-05 00:00:00,163.982,164.0,163.493,163.61,16314.0,10,0.0
2024-04-05 04:00:00,163.611,163.805,163.483,163.712,18727.0,10,0.0
2024-04-05 08:00:00,163.711,164.219,163.604,164.091,20679.0,10,0.0
2024-04-05 12:00:00,164.091,164.193,163.799,163.93,26897.0,10,0.0
2024-04-05 16:00:00,163.931,164.439,163.702,164.248,36118.0,10,0.0
2024-04-05 20:00:00,164.247,164.338,164.173,164.285,16780.0,10,0.0
2024-04-08 00:00:00,164.002,164.369,164.002,164.254,10183.0,10,0.0
2024-04-08 04:00:00,164.257,164.541,164.24,164.426,15180.0,10,0.0
2024-04-08 08:00:00,164.425,164.569,164.384,164.414,21871.0,10,0.0
2024-04-08 12:00:00,164.413,164.557,164.361,164.547,16782.0,10,0.0
2024-04-08 16:00:00,164.548,164.849,164.547,164.743,21660.0,10,0.0
2024-04-08 20:00:00,164.743,164.902,164.697,164.883,8365.0,10,0.0
2024-04-09 00:00:00,164.863,164.961,164.385,164.948,8197.0,10,0.0
2024-04-09 04:00:00,164.951,164.978,164.828,164.902,9995.0,10,0.0
2024-04-09 08:00:00,164.901,164.988,164.786,164.903,15930.0,10,0.0
2024-04-09 12:00:00,164.904,165.172,164.818,165.134,19196.0,10,0.0
2024-04-09 16:00:00,165.132,165.172,164.543,164.629,24815.0,10,0.0
2024-04-09 20:00:00,164.629,164.787,164.593,164.771,10925.0,10,0.0
2024-04-10 00:00:00,164.724,164.819,164.552,164.727,7676.0,10,0.0
2024-04-10 04:00:00,164.727,164.795,164.648,164.724,12361.0,10,0.0
2024-04-10 08:00:00,164.724,164.918,164.66,164.916,14943.0,10,0.0
2024-04-10 12:00:00,164.917,164.995,163.706,164.284,25503.0,10,0.0
2024-04-10 16:00:00,164.284,164.349,164.067,164.189,40777.0,10,0.0
2024-04-10 20:00:00,164.19,164.605,164.034,164.497,26670.0,10,0.0
2024-04-11 00:00:00,164.451,164.473,164.154,164.182,14555.0,10,0.0
2024-04-11 04:00:00,164.182,164.365,164.132,164.301,13512.0,10,0.0
2024-04-11 08:00:00,164.3,164.699,164.287,164.589,25708.0,10,0.0
2024-04-11 12:00:00,164.589,164.625,163.934,164.175,36684.0,10,0.0
2024-04-11 16:00:00,164.178,164.53,163.989,164.23,39690.0,10,0.0
2024-04-11 20:00:00,164.23,164.4,164.202,164.394,16115.0,10,0.0
2024-04-12 00:00:00,164.373,164.398,164.068,164.078,8687.0,10,0.0
2024-04-12 04:00:00,164.076,164.32,164.076,164.137,12025.0,10,0.0
2024-04-12 08:00:00,164.138,164.164,163.571,163.596,24579.0,10,0.0
2024-04-12 12:00:00,163.597,163.641,162.503,162.611,27606.0,10,0.0
2024-04-12 16:00:00,162.609,163.117,162.271,162.93,39653.0,10,0.0
2024-04-12 20:00:00,162.929,163.145,162.869,163.004,16938.0,10,0.0
2024-04-15 00:00:00,162.68,163.372,162.665,163.372,13723.0,10,0.0
2024-04-15 04:00:00,163.372,163.868,163.354,163.817,13729.0,10,0.0
2024-04-15 08:00:00,163.815,164.124,163.813,163.965,29935.0,10,0.0
2024-04-15 12:00:00,163.966,164.216,163.896,164.172,27122.0,10,0.0
2024-04-15 16:00:00,164.174,164.438,163.63,164.114,41305.0,10,0.0
2024-04-15 20:00:00,164.113,164.114,163.752,163.887,20849.0,10,0.0
2024-04-16 00:00:00,163.879,163.925,163.723,163.828,10762.0,10,0.0
2024-04-16 04:00:00,163.831,163.9,163.677,163.743,14212.0,10,0.0
2024-04-16 08:00:00,163.741,164.094,163.696,164.015,27868.0,10,0.0
2024-04-16 12:00:00,164.013,164.679,164.012,164.526,29312.0,10,0.0
2024-04-16 16:00:00,164.527,164.609,163.719,164.24,39495.0,10,0.0
2024-04-16 20:00:00,164.241,164.426,164.076,164.289,27861.0,10,0.0
2024-04-17 00:00:00,164.246,164.362,164.104,164.318,9733.0,10,0.0
2024-04-17 04:00:00,164.318,164.489,164.278,164.311,11785.0,10,0.0
2024-04-17 08:00:00,164.312,164.532,163.922,164.459,30245.0,10,0.0
2024-04-17 12:00:00,164.463,164.637,164.382,164.444,24361.0,10,0.0
2024-04-17 16:00:00,164.442,164.747,164.252,164.297,37025.0,10,0.0
2024-04-17 20:00:00,164.297,164.811,164.232,164.764,22329.0,10,0.0
2024-04-18 00:00:00,164.74,164.74,164.547,164.616,9114.0,10,0.0
2024-04-18 04:00:00,164.616,164.795,164.355,164.762,15740.0,10,0.0
2024-04-18 08:00:00,164.759,164.897,164.686,164.829,24599.0,10,0.0
2024-04-18 12:00:00,164.829,164.952,164.599,164.601,28462.0,10,0.0
2024-04-18 16:00:00,164.6,164.861,164.54,164.722,33331.0,10,0.0
2024-04-18 20:00:00,164.722,164.74,164.521,164.585,15841.0,10,0.0
2024-04-19 00:00:00,164.569,164.63,164.393,164.501,9792.0,11,0.0
2024-04-19 04:00:00,164.5,164.504,163.02,164.115,50359.0,10,0.0
2024-04-19 08:00:00,164.115,164.671,163.888,164.381,41283.0,10,0.0
2024-04-19 12:00:00,164.383,164.958,164.377,164.818,29123.0,10,0.0
2024-04-19 16:00:00,164.818,165.024,164.494,164.681,35532.0,10,0.0
2024-04-19 20:00:00,164.682,164.805,164.598,164.775,16546.0,10,0.0
2024-04-22 00:00:00,164.445,164.954,164.437,164.78,11766.0,10,0.0
2024-04-22 04:00:00,164.779,165.063,164.754,165.009,12346.0,10,0.0
2024-04-22 08:00:00,165.01,165.1,164.696,164.883,23210.0,10,0.0
2024-04-22 12:00:00,164.884,164.954,164.49,164.645,22600.0,10,0.0
2024-04-22 16:00:00,164.645,164.92,164.4,164.84,22168.0,10,0.0
2024-04-22 20:00:00,164.841,165.028,164.827,164.943,10113.0,10,0.0
2024-04-23 00:00:00,164.933,164.998,164.87,164.98,6652.0,10,0.0
2024-04-23 04:00:00,164.98,165.008,164.826,164.879,10543.0,10,0.0
2024-04-23 08:00:00,164.877,165.605,164.623,165.23,23877.0,10,0.0
2024-04-23 12:00:00,165.23,165.284,164.908,165.212,21196.0,10,0.0
2024-04-23 16:00:00,165.213,165.738,165.079,165.659,35588.0,10,0.0
2024-04-23 20:00:00,165.658,165.738,165.433,165.699,12083.0,10,0.0
2024-04-24 00:00:00,165.664,165.807,165.563,165.776,6256.0,10,0.0
2024-04-24 04:00:00,165.777,165.848,165.734,165.756,10812.0,10,0.0
2024-04-24 08:00:00,165.755,165.806,165.431,165.481,18438.0,10,0.0
2024-04-24 12:00:00,165.482,165.743,165.366,165.588,20015.0,10,0.0
2024-04-24 16:00:00,165.588,165.878,165.516,165.825,26982.0,10,0.0
2024-04-24 20:00:00,165.824,166.219,165.821,166.184,14404.0,10,0.0
2024-04-25 00:00:00,166.165,166.346,165.981,166.305,7681.0,13,0.0
2024-04-25 04:00:00,166.307,166.66,166.241,166.625,13461.0,10,0.0
2024-04-25 08:00:00,166.626,167.017,166.626,166.973,22782.0,10,0.0
2024-04-25 12:00:00,166.969,167.003,166.243,166.457,24990.0,10,0.0
2024-04-25 16:00:00,166.457,166.947,165.924,166.886,38162.0,10,0.0
2024-04-25 20:00:00,166.886,167.089,166.804,167.001,15728.0,10,0.0
2024-04-26 00:00:00,166.973,166.983,166.827,166.944,7116.0,10,0.0
2024-04-26 04:00:00,166.944,167.494,166.664,167.47,15236.0,10,0.0
2024-04-26 08:00:00,167.471,168.351,166.454,168.147,37159.0,10,0.0
2024-04-26 12:00:00,168.152,168.346,167.668,168.058,34607.0,10,0.0
2024-04-26 16:00:00,168.06,168.675,167.776,168.588,37168.0,10,0.0
2024-04-26 20:00:00,168.589,169.391,168.523,169.295,14688.0,10,0.0
2024-04-29 00:00:00,168.644,169.509,168.627,169.392,14460.0,11,0.0
2024-04-29 04:00:00,169.395,171.567,166.543,167.664,51686.0,10,0.0
2024-04-29 08:00:00,167.66,168.553,165.641,166.828,72370.0,10,0.0
2024-04-29 12:00:00,166.828,167.701,166.256,167.394,37006.0,10,0.0
2024-04-29 16:00:00,167.397,167.98,166.337,167.132,33794.0,10,0.0
2024-04-29 20:00:00,167.111,167.62,166.785,167.563,22791.0,10,0.0
2024-04-30 00:00:00,167.504,167.975,167.205,167.922,15841.0,10,0.0
2024-04-30 04:00:00,167.922,168.03,167.623,167.718,17408.0,10,0.0
2024-04-30 08:00:00,167.718,168.053,167.407,167.964,26420.0,10,0.0
2024-04-30 12:00:00,167.964,168.499,167.962,168.38,29599.0,10,0.0
2024-04-30 16:00:00,168.38,168.6,168.028,168.053,37113.0,10,0.0
2024-04-30 20:00:00,168.054,168.334,168.033,168.22,13694.0,10,0.0
2024-05-01 00:00:00,168.203,168.352,168.112,168.203,11925.0,10,0.0
2024-05-01 04:00:00,168.205,168.334,168.182,168.236,10178.0,12,0.0
2024-05-01 08:00:00,168.234,168.561,168.196,168.55,13627.0,10,0.0
2024-05-01 12:00:00,168.553,168.64,168.444,168.602,16019.0,10,0.0
2024-05-01 16:00:00,168.6,168.643,168.22,168.223,24588.0,10,0.0
2024-05-01 20:00:00,168.223,168.663,164.016,165.45,59548.0,10,0.0
2024-05-02 00:00:00,165.525,167.217,165.157,167.131,24899.0,10,0.0
2024-05-02 04:00:00,167.13,167.383,166.488,167.029,24404.0,10,0.0
2024-05-02 08:00:00,167.03,167.1,166.049,166.084,35205.0,10,0.0
2024-05-02 12:00:00,166.078,166.245,165.317,165.366,31597.0,10,0.0
2024-05-02 16:00:00,165.366,165.558,164.319,164.794,45347.0,10,0.0
2024-05-02 20:00:00,164.798,165.021,164.223,164.775,22463.0,10,0.0
2024-05-03 00:00:00,164.74,164.854,164.037,164.356,18143.0,10,0.0
2024-05-03 04:00:00,164.356,164.461,164.01,164.116,19399.0,10,0.0
2024-05-03 08:00:00,164.116,164.73,164.101,164.579,27574.0,10,0.0
2024-05-03 12:00:00,164.578,164.79,164.146,164.288,33018.0,10,0.0
2024-05-03 16:00:00,164.284,164.773,164.129,164.553,48420.0,10,0.0
2024-05-03 20:00:00,164.553,164.708,164.499,164.589,11718.0,10,0.0
2024-05-06 00:00:00,164.526,165.405,164.364,165.186,11939.0,10,0.0
2024-05-06 04:00:00,165.186,165.749,165.128,165.673,14412.0,10,0.0
2024-05-06 08:00:00,165.672,165.736,165.372,165.545,20341.0,10,0.0
2024-05-06 12:00:00,165.545,165.729,165.494,165.603,18343.0,10,0.0
2024-05-06 16:00:00,165.603,165.987,165.594,165.818,23305.0,10,0.0
2024-05-06 20:00:00,165.819,165.865,165.709,165.714,11562.0,10,0.0
2024-05-07 00:00:00,165.694,166.123,165.637,165.868,11375.0,10,0.0
2024-05-07 04:00:00,165.871,166.472,165.808,166.305,19817.0,10,0.0
2024-05-07 08:00:00,166.305,166.393,165.635,166.193,24791.0,10,0.0
2024-05-07 12:00:00,166.194,166.528,166.138,166.384,21334.0,10,0.0
2024-05-07 16:00:00,166.388,166.566,166.229,166.403,22332.0,10,0.0
2024-05-07 20:00:00,166.403,166.415,166.267,166.353,13791.0,10,0.0
2024-05-08 00:00:00,166.315,166.515,166.137,166.478,9648.0,10,0.0
2024-05-08 04:00:00,166.477,166.741,166.4,166.671,19365.0,10,0.0
2024-05-08 08:00:00,166.669,167.013,166.629,166.995,22814.0,10,0.0
2024-05-08 12:00:00,166.995,167.28,166.895,167.262,22021.0,10,0.0
2024-05-08 16:00:00,167.261,167.345,167.048,167.145,19766.0,10,0.0
2024-05-08 20:00:00,167.144,167.256,167.092,167.191,9249.0,11,0.0
2024-05-09 00:00:00,167.172,167.257,166.732,167.189,11294.0,10,0.0
2024-05-09 04:00:00,167.19,167.271,167.039,167.165,13274.0,10,0.0
2024-05-09 08:00:00,167.159,167.321,167.138,167.192,17920.0,10,0.0
2024-05-09 12:00:00,167.193,167.526,167.139,167.523,25010.0,10,0.0
2024-05-09 16:00:00,167.523,167.747,167.376,167.701,25342.0,10,0.0
2024-05-09 20:00:00,167.703,167.704,167.537,167.605,10933.0,10,0.0
2024-05-10 00:00:00,167.556,167.724,167.412,167.649,9814.0,10,0.0
2024-05-10 04:00:00,167.648,167.837,167.6,167.717,11481.0,10,0.0
2024-05-10 08:00:00,167.716,167.953,167.62,167.873,22324.0,10,0.0
2024-05-10 12:00:00,167.877,167.962,167.775,167.825,20134.0,10,0.0
2024-05-10 16:00:00,167.825,167.957,167.677,167.916,24786.0,10,0.0
2024-05-10 20:00:00,167.916,167.939,167.724,167.751,8353.0,10,0.0
2024-05-13 00:00:00,167.625,167.955,167.594,167.922,7224.0,10,0.0
2024-05-13 04:00:00,167.922,167.935,167.504,167.796,14390.0,10,0.0
2024-05-13 08:00:00,167.795,168.088,167.778,168.088,18578.0,10,0.0
2024-05-13 12:00:00,168.088,168.28,167.979,168.185,17042.0,10,0.0
2024-05-13 16:00:00,168.185,168.658,168.169,168.612,21905.0,10,0.0
2024-05-13 20:00:00,168.611,168.636,168.482,168.541,8093.0,10,0.0
2024-05-14 00:00:00,168.492,168.704,168.349,168.602,7339.0,10,0.0
2024-05-14 04:00:00,168.6,168.781,168.6,168.695,9108.0,10,0.0
2024-05-14 08:00:00,168.695,168.861,168.55,168.709,15215.0,10,0.0
2024-05-14 12:00:00,168.709,169.214,168.631,169.158,21109.0,10,0.0
2024-05-14 16:00:00,169.158,169.355,169.021,169.268,24556.0,10,0.0
2024-05-14 20:00:00,169.267,169.34,169.206,169.24,6721.0,10,0.0
2024-05-15 00:00:00,169.213,169.336,169.089,169.163,6715.0,12,0.0
2024-05-15 04:00:00,169.163,169.398,169.081,169.2,11283.0,10,0.0
2024-05-15 08:00:00,169.202,169.302,168.484,168.561,22711.0,10,0.0
2024-05-15 12:00:00,168.56,168.787,167.977,168.477,30364.0,10,0.0
2024-05-15 16:00:00,168.478,168.841,168.24,168.495,33793.0,10,0.0
2024-05-15 20:00:00,168.494,168.654,168.282,168.563,12561.0,10,0.0
2024-05-16 00:00:00,168.544,168.544,167.324,167.395,19171.0,10,0.0
2024-05-16 04:00:00,167.393,167.938,167.348,167.555,24283.0,10,0.0
2024-05-16 08:00:00,167.555,168.257,167.456,168.221,24240.0,10,0.0
2024-05-16 12:00:00,168.222,168.744,168.078,168.714,20925.0,10,0.0
2024-05-16 16:00:00,168.714,168.894,168.663,168.823,21642.0,10,0.0
2024-05-16 20:00:00,168.824,168.905,168.723,168.865,8306.0,11,0.0
2024-05-17 00:00:00,168.834,168.976,168.677,168.857,8563.0,10,0.0
2024-05-17 04:00:00,168.857,169.292,168.834,169.141,13960.0,10,0.0
2024-05-17 08:00:00,169.137,169.274,169.003,169.021,15804.0,10,0.0
2024-05-17 12:00:00,169.023,169.086,168.82,168.92,13096.0,10,0.0
2024-05-17 16:00:00,168.923,169.153,168.851,169.139,19905.0,10,0.0
2024-05-17 20:00:00,169.139,169.322,169.118,169.133,8306.0,10,0.0
2024-05-20 00:00:00,169.053,169.517,168.971,169.51,7746.0,10,0.0
2024-05-20 04:00:00,169.51,169.576,169.326,169.489,10577.0,10,0.0
2024-05-20 08:00:00,169.489,169.515,169.063,169.297,15536.0,10,0.0
2024-05-20 12:00:00,169.295,169.607,169.128,169.542,15639.0,10,0.0
2024-05-20 16:00:00,169.542,169.699,169.492,169.62,17143.0,10,0.0
2024-05-20 20:00:00,169.62,169.784,169.541,169.646,8300.0,10,0.0
2024-05-21 00:00:00,169.611,169.934,169.486,169.898,6856.0,10,0.0
2024-05-21 04:00:00,169.903,169.94,169.766,169.883,13080.0,10,0.0
2024-05-21 08:00:00,169.88,169.916,169.49,169.796,19933.0,10,0.0
2024-05-21 12:00:00,169.797,169.888,169.585,169.632,14729.0,10,0.0
2024-05-21 16:00:00,169.632,169.671,169.218,169.453,26956.0,10,0.0
2024-05-21 20:00:00,169.452,169.591,169.407,169.503,7936.0,10,0.0
2024-05-22 00:00:00,169.483,169.697,169.413,169.672,6804.0,10,0.0
2024-05-22 04:00:00,169.671,169.758,169.627,169.692,9896.0,10,0.0
2024-05-22 08:00:00,169.692,169.924,169.64,169.754,15483.0,10,0.0
2024-05-22 12:00:00,169.755,169.785,169.447,169.567,15921.0,10,0.0
2024-05-22 16:00:00,169.566,169.72,169.438,169.672,19446.0,10,0.0
2024-05-22 20:00:00,169.671,169.722,169.379,169.694,13580.0,10,0.0
2024-05-23 00:00:00,169.679,169.779,169.55,169.744,7491.0,10,0.0
2024-05-23 04:00:00,169.744,169.879,169.623,169.671,11336.0,10,0.0
2024-05-23 08:00:00,169.67,170.004,169.285,169.903,19387.0,10,0.0
2024-05-23 12:00:00,169.902,170.122,169.797,170.113,16503.0,10,0.0
2024-05-23 16:00:00,170.114,170.32,169.713,169.895,30520.0,10,0.0
2024-05-23 20:00:00,169.895,169.902,169.469,169.707,13889.0,10,0.0
2024-05-24 00:00:00,169.671,169.873,169.564,169.758,9142.0,10,0.0
2024-05-24 04:00:00,169.759,169.877,169.677,169.787,10256.0,10,0.0
2024-05-24 08:00:00,169.787,170.033,169.745,169.974,14815.0,10,0.0
2024-05-24 12:00:00,169.974,170.448,169.96,170.441,15192.0,10,0.0
2024-05-24 16:00:00,170.444,170.497,170.167,170.205,19189.0,10,0.0
2024-05-24 20:00:00,170.207,170.335,170.173,170.185,8599.0,10,0.0
2024-05-27 00:00:00,170.147,170.287,170.042,170.138,6736.0,10,0.0
2024-05-27 04:00:00,170.139,170.176,169.966,170.073,9881.0,10,0.0
2024-05-27 08:00:00,170.074,170.298,170.031,170.279,10246.0,10,0.0
2024-05-27 12:00:00,170.28,170.497,170.028,170.133,11733.0,10,0.0
2024-05-27 16:00:00,170.133,170.429,170.042,170.389,9357.0,10,0.0
2024-05-27 20:00:00,170.385,170.407,170.304,170.373,3603.0,10,0.0
2024-05-28 00:00:00,170.317,170.498,170.144,170.465,7821.0,10,0.0
2024-05-28 04:00:00,170.459,170.502,170.358,170.412,11158.0,10,0.0
2024-05-28 08:00:00,170.409,170.703,170.398,170.517,13640.0,10,0.0
2024-05-28 12:00:00,170.519,170.738,170.362,170.411,14120.0,10,0.0
2024-05-28 16:00:00,170.408,170.718,170.304,170.694,19924.0,10,0.0
2024-05-28 20:00:00,170.693,170.797,170.551,170.638,12643.0,10,0.0
2024-05-29 00:00:00,170.602,170.781,170.496,170.767,7700.0,10,0.0
2024-05-29 04:00:00,170.767,170.794,170.555,170.582,8985.0,10,0.0
2024-05-29 08:00:00,170.583,170.612,170.168,170.248,19721.0,10,0.0
2024-05-29 12:00:00,170.248,170.754,170.248,170.497,15844.0,10,0.0
2024-05-29 16:00:00,170.501,170.623,170.203,170.542,22982.0,10,0.0
2024-05-29 20:00:00,170.541,170.543,170.274,170.275,11170.0,10,0.0
2024-05-30 00:00:00,170.266,170.315,169.832,169.899,10335.0,10,0.0
2024-05-30 04:00:00,169.899,170.091,169.616,169.692,15319.0,10,0.0
2024-05-30 08:00:00,169.693,169.843,169.064,169.729,27791.0,10,0.0
2024-05-30 12:00:00,169.733,169.868,169.476,169.632,21415.0,10,0.0
2024-05-30 16:00:00,169.633,169.949,169.376,169.859,25713.0,10,0.0
2024-05-30 20:00:00,169.859,169.968,169.777,169.84,11025.0,10,0.0
2024-05-31 00:00:00,169.822,170.08,169.619,169.78,9981.0,10,0.0
2024-05-31 04:00:00,169.782,169.966,169.443,169.526,18064.0,10,0.0
2024-05-31 08:00:00,169.524,170.489,169.518,170.39,20846.0,10,0.0
2024-05-31 12:00:00,170.389,170.718,170.389,170.665,23601.0,10,0.0
2024-05-31 16:00:00,170.666,170.743,170.151,170.497,34914.0,10,0.0
2024-05-31 20:00:00,170.5,170.691,170.463,170.604,13907.0,10,0.0
2024-06-03 00:00:00,170.427,170.748,170.417,170.538,10273.0,10,0.0
2024-06-03 04:00:00,170.538,170.89,170.424,170.818,16860.0,10,0.0
2024-06-03 08:00:00,170.819,170.889,170.133,170.25,19772.0,10,0.0
2024-06-03 12:00:00,170.248,170.339,169.81,170.017,20464.0,10,0.0
2024-06-03 16:00:00,170.018,170.173,169.717,169.879,35138.0,10,0.0
2024-06-03 20:00:00,169.879,170.313,169.823,170.16,17222.0,10,0.0
2024-06-04 00:00:00,170.128,170.719,169.991,170.661,11424.0,10,0.0
2024-06-04 04:00:00,170.66,170.71,170.46,170.508,12549.0,10,0.0
2024-06-04 08:00:00,170.508,170.513,168.836,168.98,28885.0,10,0.0
2024-06-04 12:00:00,168.98,169.039,168.102,168.531,34753.0,10,0.0
2024-06-04 16:00:00,168.531,168.691,167.961,168.407,36164.0,10,0.0
2024-06-04 20:00:00,168.406,168.503,168.228,168.501,16816.0,10,0.0
2024-06-05 00:00:00,168.451,169.107,168.3,168.947,12148.0,10,0.0
2024-06-05 04:00:00,168.947,169.329,168.917,169.283,16725.0,10,0.0
2024-06-05 08:00:00,169.283,170.001,169.208,169.929,22221.0,10,0.0
2024-06-05 12:00:00,169.927,169.944,169.533,169.89,20456.0,10,0.0
2024-06-05 16:00:00,169.888,170.014,169.496,169.617,33998.0,10,0.0
2024-06-05 20:00:00,169.615,169.802,169.546,169.681,11085.0,10,0.0
2024-06-06 00:00:00,169.669,169.695,169.313,169.376,11112.0,10,0.0
2024-06-06 04:00:00,169.377,169.789,169.203,169.549,21118.0,10,0.0
2024-06-06 08:00:00,169.546,170.07,169.523,169.859,21794.0,10,0.0
2024-06-06 12:00:00,169.855,170.15,169.625,170.058,23666.0,10,0.0
2024-06-06 16:00:00,170.053,170.294,169.518,169.539,31236.0,10,0.0
2024-06-06 20:00:00,169.538,169.67,169.294,169.453,13373.0,10,0.0
2024-06-07 00:00:00,169.424,169.68,169.333,169.625,8787.0,10,0.0
2024-06-07 04:00:00,169.625,169.825,169.436,169.504,14763.0,10,0.0
2024-06-07 08:00:00,169.503,169.594,168.938,169.163,25360.0,10,0.0
2024-06-07 12:00:00,169.161,169.972,168.931,169.838,29306.0,10,0.0
2024-06-07 16:00:00,169.838,169.869,169.068,169.277,36601.0,10,0.0
2024-06-07 20:00:00,169.277,169.327,169.12,169.307,13498.0,10,0.0
2024-06-10 00:00:00,168.649,169.171,168.575,169.04,13055.0,10,0.0
2024-06-10 04:00:00,169.04,169.216,168.851,168.975,15166.0,10,0.0
2024-06-10 08:00:00,168.973,169.075,168.707,168.832,25171.0,10,0.0
2024-06-10 12:00:00,168.834,168.846,168.3,168.614,22648.0,10,0.0
2024-06-10 16:00:00,168.613,168.867,168.397,168.831,21627.0,10,0.0
2024-06-10 20:00:00,168.831,169.08,168.811,169.047,7875.0,10,0.0
2024-06-11 00:00:00,168.986,169.273,168.795,169.218,8918.0,10,0.0
2024-06-11 04:00:00,169.219,169.409,169.123,169.347,11221.0,10,0.0
2024-06-11 08:00:00,169.347,169.422,168.924,168.938,20479.0,10,0.0
2024-06-11 12:00:00,168.938,169.098,168.293,168.379,32244.0,10,0.0
2024-06-11 16:00:00,168.378,168.997,168.338,168.984,24777.0,10,0.0
2024-06-11 20:00:00,168.985,168.985,168.669,168.766,9598.0,10,0.0
2024-06-12 00:00:00,168.736,168.81,168.646,168.75,7441.0,10,0.0
2024-06-12 04:00:00,168.75,168.874,168.672,168.822,11574.0,10,0.0
2024-06-12 08:00:00,168.823,169.16,168.795,169.047,16197.0,10,0.0
2024-06-12 12:00:00,169.048,169.393,168.969,169.066,27027.0,10,0.0
2024-06-12 16:00:00,169.07,169.119,168.747,168.948,39076.0,10,0.0
2024-06-12 20:00:00,168.953,169.585,168.831,169.379,30769.0,10,0.0
2024-06-13 00:00:00,169.353,169.65,169.21,169.537,11218.0,10,0.0
2024-06-13 04:00:00,169.537,169.735,169.432,169.668,13520.0,10,0.0
2024-06-13 08:00:00,169.667,170.136,169.664,169.932,19132.0,10,0.0
2024-06-13 12:00:00,169.932,170.025,169.303,169.487,25635.0,10,0.0
2024-06-13 16:00:00,169.488,169.847,168.317,168.378,34254.0,10,0.0
2024-06-13 20:00:00,168.377,168.734,168.279,168.608,12292.0,10,0.0
2024-06-14 00:00:00,168.577,168.841,168.449,168.775,10201.0,10,0.0
2024-06-14 04:00:00,168.775,169.644,168.45,169.572,22223.0,10,0.0
2024-06-14 08:00:00,169.571,169.796,168.32,168.387,42992.0,10,0.0
2024-06-14 12:00:00,168.385,168.402,167.509,168.087,50048.0,10,0.0
2024-06-14 16:00:00,168.087,168.366,167.655,168.332,34441.0,10,0.0
2024-06-14 20:00:00,168.333,168.575,168.221,168.401,9541.0,10,0.0
2024-06-17 00:00:00,168.086,168.745,168.086,168.535,12739.0,10,0.0
2024-06-17 04:00:00,168.536,168.589,168.395,168.464,12409.0,10,0.0
2024-06-17 08:00:00,168.465,168.898,167.954,168.795,31288.0,10,0.0
2024-06-17 12:00:00,168.796,169.18,168.652,169.16,24174.0,10,0.0
2024-06-17 16:00:00,169.161,169.286,169.098,169.226,21682.0,10,0.0
2024-06-17 20:00:00,169.225,169.331,169.157,169.275,10897.0,10,0.0
2024-06-18 00:00:00,169.241,169.387,169.144,169.286,8338.0,10,0.0
2024-06-18 04:00:00,169.286,169.295,168.961,169.093,14519.0,10,0.0
2024-06-18 08:00:00,169.092,169.706,169.022,169.512,26842.0,10,0.0
2024-06-18 12:00:00,169.515,169.59,169.136,169.369,28478.0,10,0.0
2024-06-18 16:00:00,169.368,169.908,169.235,169.367,33064.0,10,0.0
2024-06-18 20:00:00,169.367,169.545,169.348,169.517,11465.0,10,0.0
2024-06-19 00:00:00,169.495,169.575,169.435,169.523,7038.0,10,0.0
2024-06-19 04:00:00,169.523,169.541,169.389,169.464,11836.0,10,0.0
2024-06-19 08:00:00,169.465,169.503,169.126,169.48,21968.0,10,0.0
2024-06-19 12:00:00,169.48,169.834,169.404,169.658,21626.0,10,0.0
2024-06-19 16:00:00,169.66,169.77,169.586,169.73,10636.0,10,0.0
2024-06-19 20:00:00,169.732,169.894,169.672,169.834,3274.0,10,0.0
2024-06-20 00:00:00,169.766,169.876,169.549,169.822,7331.0,10,0.0
2024-06-20 04:00:00,169.821,169.915,169.742,169.889,10388.0,10,0.0
2024-06-20 08:00:00,169.888,169.911,169.61,169.794,24203.0,10,0.0
2024-06-20 12:00:00,169.793,169.996,169.735,169.945,26607.0,10,0.0
2024-06-20 16:00:00,169.945,170.317,169.909,170.093,28188.0,10,0.0
2024-06-20 20:00:00,170.093,170.179,170.027,170.078,15045.0,10,0.0
2024-06-21 00:00:00,170.077,170.369,170.031,170.349,8427.0,10,0.0
2024-06-21 04:00:00,170.348,170.357,170.187,170.298,12575.0,10,0.0
2024-06-21 08:00:00,170.298,170.451,169.324,169.805,25883.0,10,0.0
2024-06-21 12:00:00,169.805,170.015,169.684,169.968,25085.0,10,0.0
2024-06-21 16:00:00,169.967,170.56,169.909,170.521,34452.0,10,0.0
2024-06-21 20:00:00,170.52,170.896,170.484,170.789,12361.0,10,0.0
2024-06-24 00:00:00,170.539,170.948,170.538,170.85,10637.0,10,0.0
2024-06-24 04:00:00,170.849,170.859,170.601,170.845,14960.0,10,0.0
2024-06-24 08:00:00,170.846,171.231,170.833,171.186,21729.0,10,0.0
2024-06-24 12:00:00,171.183,171.295,170.254,171.097,33893.0,10,0.0
2024-06-24 16:00:00,171.096,171.397,171.094,171.352,28108.0,10,0.0
2024-06-24 20:00:00,171.35,171.447,171.235,171.32,12464.0,10,0.0
2024-06-25 00:00:00,171.239,171.393,171.014,171.092,11177.0,10,0.0
2024-06-25 04:00:00,171.096,171.283,170.87,171.217,17982.0,10,0.0
2024-06-25 08:00:00,171.217,171.284,170.931,171.184,23471.0,10,0.0
2024-06-25 12:00:00,171.183,171.234,170.765,170.923,23639.0,10,0.0
2024-06-25 16:00:00,170.922,171.07,170.701,171.001,28711.0,10,0.0
2024-06-25 20:00:00,171.002,171.138,170.946,171.055,11443.0,10,0.0
2024-06-26 00:00:00,171.005,171.108,170.907,171.079,8301.0,11,0.0
2024-06-26 04:00:00,171.078,171.345,171.073,171.1,13752.0,10,0.0
2024-06-26 08:00:00,171.1,171.148,170.849,171.071,21533.0,10,0.0
2024-06-26 12:00:00,171.074,171.484,170.96,171.206,35587.0,10,0.0
2024-06-26 16:00:00,171.206,171.794,170.907,171.593,42953.0,10,0.0
2024-06-26 20:00:00,171.592,171.781,171.584,171.772,12039.0,10,0.0
2024-06-27 00:00:00,171.726,171.726,171.383,171.589,10717.0,10,0.0
2024-06-27 04:00:00,171.588,171.628,171.395,171.467,15420.0,10,0.0
2024-06-27 08:00:00,171.466,171.724,171.42,171.596,23073.0,10,0.0
2024-06-27 12:00:00,171.596,171.951,171.474,171.935,28901.0,10,0.0
2024-06-27 16:00:00,171.938,172.163,171.902,172.068,33782.0,10,0.0
2024-06-27 20:00:00,172.068,172.151,171.997,172.053,12317.0,10,0.0
2024-06-28 00:00:00,172.039,172.387,171.995,172.359,9391.0,10,0.0
2024-06-28 04:00:00,172.358,172.382,171.996,172.093,24842.0,10,0.0
2024-06-28 08:00:00,172.092,172.306,172.001,172.139,25124.0,10,0.0
2024-06-28 12:00:00,172.14,172.152,171.715,171.819,30896.0,10,0.0
2024-06-28 16:00:00,171.82,172.442,171.452,172.364,47741.0,10,0.0
2024-06-28 20:00:00,172.365,172.431,172.192,172.356,16730.0,10,0.0
2024-07-01 00:00:00,172.493,173.216,172.463,173.003,17024.0,10,0.0
2024-07-01 04:00:00,173.003,173.253,172.881,173.233,19347.0,10,0.0
2024-07-01 08:00:00,173.233,173.474,173.087,173.377,30873.0,10,0.0
2024-07-01 12:00:00,173.376,173.444,173.07,173.425,23428.0,10,0.0
2024-07-01 16:00:00,173.432,173.671,173.241,173.334,36199.0,10,0.0
2024-07-01 20:00:00,173.333,173.46,173.222,173.409,13042.0,10,0.0
2024-07-02 00:00:00,173.378,173.512,173.294,173.39,8529.0,10,0.0
2024-07-02 04:00:00,173.389,173.546,173.288,173.467,13761.0,10,0.0
2024-07-02 08:00:00,173.468,173.597,173.118,173.229,24548.0,10,0.0
2024-07-02 12:00:00,173.229,173.415,173.082,173.333,20317.0,10,0.0
2024-07-02 16:00:00,173.333,173.486,173.202,173.402,33438.0,10,0.0
2024-07-02 20:00:00,173.402,173.518,173.384,173.497,8455.0,10,0.0
2024-07-03 00:00:00,173.463,173.687,173.368,173.645,8531.0,10,0.0
2024-07-03 04:00:00,173.646,173.747,173.563,173.721,10061.0,10,0.0
2024-07-03 08:00:00,173.719,174.187,173.65,174.115,27330.0,10,0.0
2024-07-03 12:00:00,174.113,174.395,174.039,174.354,26851.0,10,0.0
2024-07-03 16:00:00,174.356,174.515,173.854,174.386,45397.0,10,0.0
2024-07-03 20:00:00,174.389,174.462,174.12,174.416,10790.0,10,0.0
2024-07-04 00:00:00,174.359,174.435,174.153,174.234,8673.0,10,0.0
2024-07-04 04:00:00,174.237,174.272,173.937,174.199,13646.0,10,0.0
2024-07-04 08:00:00,174.198,174.274,174.031,174.173,20221.0,10,0.0
2024-07-04 12:00:00,174.174,174.219,173.796,173.984,22750.0,10,0.0
2024-07-04 16:00:00,173.982,174.265,173.917,174.217,15677.0,10,0.0
2024-07-04 20:00:00,174.213,174.386,174.178,174.353,5139.0,10,0.0
2024-07-05 00:00:00,174.341,174.469,173.973,174.194,12280.0,10,0.0
2024-07-05 04:00:00,174.193,174.261,173.709,173.844,22308.0,10,0.0
2024-07-05 08:00:00,173.844,174.157,173.76,174.044,21853.0,10,0.0
2024-07-05 12:00:00,174.04,174.375,173.68,174.296,33653.0,10,0.0
2024-07-05 16:00:00,174.297,174.499,173.949,174.168,47276.0,10,0.0
2024-07-05 20:00:00,174.168,174.315,174.101,174.179,12119.0,10,0.0
2024-07-08 00:00:00,173.615,174.113,173.615,173.805,15403.0,10,0.0
2024-07-08 04:00:00,173.807,173.94,173.513,173.841,24202.0,10,0.0
2024-07-08 08:00:00,173.841,174.632,173.676,174.596,36478.0,10,0.0
2024-07-08 12:00:00,174.599,174.625,174.198,174.248,30991.0,10,0.0
2024-07-08 16:00:00,174.249,174.342,173.918,174.108,29281.0,10,0.0
2024-07-08 20:00:00,174.107,174.134,173.982,174.064,9356.0,10,0.0
2024-07-09 00:00:00,174.025,174.239,173.967,174.193,7816.0,10,0.0
2024-07-09 04:00:00,174.193,174.453,174.169,174.32,13895.0,10,0.0
2024-07-09 08:00:00,174.32,174.334,174.016,174.297,22990.0,10,0.0
2024-07-09 12:00:00,174.298,174.388,174.154,174.27,23149.0,10,0.0
2024-07-09 16:00:00,174.268,174.588,174.209,174.384,39664.0,10,0.0
2024-07-09 20:00:00,174.385,174.462,174.324,174.424,9490.0,10,0.0
2024-07-10 00:00:00,174.399,174.647,174.329,174.573,7260.0,10,0.0
2024-07-10 04:00:00,174.576,174.75,174.562,174.656,11525.0,10,0.0
2024-07-10 08:00:00,174.656,174.767,174.596,174.677,21802.0,10,0.0
2024-07-10 12:00:00,174.678,174.902,174.674,174.799,24318.0,10,0.0
2024-07-10 16:00:00,174.801,175.137,174.754,175.057,25829.0,10,0.0
2024-07-10 20:00:00,175.056,175.156,175.008,175.12,10875.0,10,0.0
2024-07-11 00:00:00,175.068,175.11,174.872,175.064,7423.0,10,0.0
2024-07-11 04:00:00,175.064,175.243,175.061,175.217,10983.0,10,0.0
2024-07-11 08:00:00,175.217,175.308,175.105,175.224,20369.0,10,0.0
2024-07-11 12:00:00,175.223,175.423,172.543,172.721,38893.0,10,0.0
2024-07-11 16:00:00,172.721,172.965,171.555,172.316,62969.0,10,0.0
2024-07-11 20:00:00,172.317,172.698,172.275,172.683,21799.0,10,0.0
2024-07-12 00:00:00,172.634,173.273,171.491,172.917,34955.0,10,0.0
2024-07-12 04:00:00,172.925,173.188,172.502,172.96,29042.0,10,0.0
2024-07-12 08:00:00,172.959,173.267,172.734,173.218,32969.0,10,0.0
2024-07-12 12:00:00,173.217,173.429,172.61,172.954,36907.0,10,0.0
2024-07-12 16:00:00,172.955,172.961,171.453,172.166,54663.0,10,0.0
2024-07-12 20:00:00,172.166,172.338,172.1,172.162,15521.0,10,0.0
2024-07-15 00:00:00,172.017,172.434,171.984,172.159,16245.0,10,0.0
2024-07-15 04:00:00,172.158,172.272,171.979,172.109,17186.0,10,0.0
2024-07-15 08:00:00,172.109,172.309,171.873,172.15,28386.0,10,0.0
2024-07-15 12:00:00,172.154,172.559,172.084,172.295,28575.0,10,0.0
2024-07-15 16:00:00,172.296,172.473,171.531,172.001,33761.0,10,0.0
2024-07-15 20:00:00,172.001,172.36,171.967,172.24,19341.0,10,0.0
2024-07-16 00:00:00,172.197,172.515,172.038,172.479,10417.0,10,0.0
2024-07-16 04:00:00,172.479,172.883,172.478,172.797,16800.0,10,0.0
2024-07-16 08:00:00,172.798,172.919,172.506,172.734,27900.0,10,0.0
2024-07-16 12:00:00,172.731,172.801,172.272,172.734,29825.0,10,0.0
2024-07-16 16:00:00,172.734,172.762,172.478,172.632,30905.0,10,0.0
2024-07-16 20:00:00,172.633,172.682,172.525,172.62,13226.0,10,0.0
2024-07-17 00:00:00,172.579,172.769,172.483,172.711,11687.0,10,0.0
2024-07-17 04:00:00,172.711,172.827,172.502,172.503,14994.0,10,0.0
2024-07-17 08:00:00,172.502,172.541,170.736,170.957,48066.0,10,0.0
2024-07-17 12:00:00,170.957,171.418,170.829,171.319,47524.0,10,0.0
2024-07-17 16:00:00,171.317,171.378,170.695,170.835,46778.0,10,0.0
2024-07-17 20:00:00,170.836,171.063,170.699,170.91,19021.0,10,0.0
2024-07-18 00:00:00,170.878,170.955,169.991,170.327,29058.0,2,0.0
2024-07-18 04:00:00,170.327,171.182,170.297,170.938,28731.0,10,0.0
2024-07-18 08:00:00,170.939,171.161,170.399,171.022,44353.0,10,0.0
2024-07-18 12:00:00,171.022,171.108,170.793,170.952,31231.0,10,0.0
2024-07-18 16:00:00,170.952,171.552,170.669,171.541,46204.0,10,0.0
2024-07-18 20:00:00,171.536,171.569,171.337,171.444,20576.0,10,0.0
2024-07-19 00:00:00,171.423,171.503,171.17,171.233,16548.0,10,0.0
2024-07-19 04:00:00,171.234,171.536,171.223,171.444,20604.0,10,0.0
2024-07-19 08:00:00,171.443,171.87,170.909,171.085,39658.0,10,0.0
2024-07-19 12:00:00,171.082,171.716,170.969,171.689,29603.0,10,0.0
2024-07-19 16:00:00,171.691,171.721,171.246,171.344,34916.0,10,0.0
2024-07-19 20:00:00,171.344,171.411,171.216,171.287,14669.0,10,0.0
2024-07-22 00:00:00,171.2,171.577,171.2,171.494,15004.0,10,0.0
2024-07-22 04:00:00,171.496,171.656,171.373,171.412,18557.0,10,0.0
2024-07-22 08:00:00,171.412,171.412,170.057,170.72,46972.0,10,0.0
2024-07-22 12:00:00,170.72,170.968,170.444,170.556,36412.0,10,0.0
2024-07-22 16:00:00,170.557,171.008,170.437,170.993,35419.0,10,0.0
2024-07-22 20:00:00,170.994,171.149,170.964,171.05,11745.0,10,0.0
2024-07-23 00:00:00,171.003,171.088,170.547,170.594,14530.0,10,0.0
2024-07-23 04:00:00,170.592,170.854,170.156,170.225,30285.0,10,0.0
2024-07-23 08:00:00,170.226,170.499,169.496,169.704,41591.0,10,0.0
2024-07-23 12:00:00,169.703,169.747,169.332,169.383,35738.0,10,0.0
2024-07-23 16:00:00,169.382,169.493,169.015,169.077,35858.0,10,0.0
2024-07-23 20:00:00,169.077,169.115,168.831,168.893,17747.0,10,0.0
2024-07-24 00:00:00,168.867,169.202,168.764,169.02,12880.0,10,0.0
2024-07-24 04:00:00,169.021,169.069,167.626,167.698,40402.0,10,0.0
2024-07-24 08:00:00,167.699,168.043,167.319,167.791,46574.0,10,0.0
2024-07-24 12:00:00,167.79,167.887,166.926,167.01,43191.0,10,0.0
2024-07-24 16:00:00,167.01,167.143,166.138,166.53,55750.0,10,0.0
2024-07-24 20:00:00,166.531,166.99,166.521,166.811,21837.0,10,0.0
2024-07-25 00:00:00,166.789,166.868,165.656,166.103,28066.0,10,0.0
2024-07-25 04:00:00,166.102,166.21,165.037,165.439,39146.0,10,0.0
2024-07-25 08:00:00,165.437,165.801,164.824,165.628,56619.0,10,0.0
2024-07-25 12:00:00,165.628,166.789,165.031,166.564,50899.0,10,0.0
2024-07-25 16:00:00,166.557,167.59,166.132,167.302,67007.0,10,0.0
2024-07-25 20:00:00,167.303,167.318,166.814,166.921,30982.0,10,0.0
2024-07-26 00:00:00,166.918,167.287,166.409,167.061,25663.0,10,0.0
2024-07-26 04:00:00,167.062,167.245,166.614,166.867,29900.0,10,0.0
2024-07-26 08:00:00,166.865,167.489,166.647,167.435,44373.0,10,0.0
2024-07-26 12:00:00,167.437,168.012,167.181,167.487,45037.0,10,0.0
2024-07-26 16:00:00,167.486,167.49,166.293,167.092,48189.0,10,0.0
2024-07-26 20:00:00,167.091,167.135,166.839,166.931,14140.0,10,0.0
2024-07-29 00:00:00,166.843,167.515,166.637,166.926,26445.0,10,0.0
2024-07-29 04:00:00,166.919,167.085,166.321,166.592,45370.0,10,0.0
2024-07-29 08:00:00,166.592,166.853,166.272,166.478,49590.0,10,0.0
2024-07-29 12:00:00,166.478,166.807,166.312,166.448,41096.0,10,0.0
2024-07-29 16:00:00,166.445,166.738,166.23,166.589,36057.0,10,0.0
2024-07-29 20:00:00,166.59,166.735,166.568,166.665,17156.0,10,0.0
2024-07-30 00:00:00,166.621,166.735,166.179,166.538,16247.0,10,0.0
2024-07-30 04:00:00,166.537,167.172,166.435,167.16,30398.0,10,0.0
2024-07-30 08:00:00,167.16,167.953,167.144,167.46,47604.0,10,0.0
2024-07-30 12:00:00,167.46,167.87,167.346,167.368,35661.0,10,0.0
2024-07-30 16:00:00,167.368,167.381,165.627,165.702,69360.0,10,0.0
2024-07-30 20:00:00,165.704,165.904,165.077,165.174,38156.0,10,0.0
2024-07-31 00:00:00,165.148,165.576,164.572,164.87,33354.0,10,0.0
2024-07-31 04:00:00,164.864,166.544,164.115,165.142,44695.0,10,0.0
2024-07-31 08:00:00,165.134,165.777,162.197,163.326,74612.0,10,0.0
2024-07-31 12:00:00,163.326,163.364,162.432,162.97,57659.0,10,0.0
2024-07-31 16:00:00,162.969,163.069,162.281,162.745,71779.0,10,0.0
2024-07-31 20:00:00,162.745,163.429,162.009,162.399,63823.0,10,0.0
2024-08-01 00:00:00,162.373,162.701,161.723,161.805,30487.0,10,0.0
2024-08-01 04:00:00,161.803,162.19,160.88,162.056,59563.0,10,0.0
2024-08-01 08:00:00,162.056,162.54,161.177,161.436,72572.0,10,0.0
2024-08-01 12:00:00,161.437,162.888,161.286,162.874,59781.0,10,0.0
2024-08-01 16:00:00,162.875,162.89,161.489,161.679,77661.0,10,0.0
2024-08-01 20:00:00,161.678,161.719,161.085,161.102,48446.0,10,0.0
2024-08-02 00:00:00,161.085,161.234,160.638,161.195,34841.0,10,0.0
2024-08-02 04:00:00,161.195,161.599,160.968,161.164,49338.0,10,0.0
2024-08-02 08:00:00,161.16,161.357,160.373,161.213,70933.0,10,0.0
2024-08-02 12:00:00,161.213,161.56,159.701,160.57,62536.0,10,0.0
2024-08-02 16:00:00,160.578,161.423,159.857,160.24,71587.0,10,0.0
2024-08-02 20:00:00,160.239,160.336,159.787,159.824,50876.0,10,0.0
2024-08-05 00:00:00,159.802,159.96,158.45,158.858,51301.0,9,0.0
2024-08-05 04:00:00,158.849,158.93,155.278,156.5,80435.0,10,0.0
2024-08-05 08:00:00,156.501,157.683,154.388,155.934,98174.0,10,0.0
2024-08-05 12:00:00,155.94,156.505,155.162,156.345,84555.0,10,0.0
2024-08-05 16:00:00,156.346,158.755,156.268,158.016,96668.0,10,0.0
2024-08-05 20:00:00,158.016,158.362,157.032,157.895,54006.0,10,0.0
2024-08-06 00:00:00,157.86,160.218,157.41,158.999,45869.0,10,0.0
2024-08-06 04:00:00,158.999,159.803,158.07,159.362,60397.0,10,0.0
2024-08-06 08:00:00,159.381,160.104,157.88,158.368,88218.0,10,0.0
2024-08-06 12:00:00,158.368,158.675,157.513,157.687,79646.0,10,0.0
2024-08-06 16:00:00,157.689,158.911,157.291,158.861,83153.0,10,0.0
2024-08-06 20:00:00,158.861,158.877,157.525,157.726,45129.0,10,0.0
2024-08-07 00:00:00,157.69,158.693,157.619,158.18,36602.0,10,0.0
2024-08-07 04:00:00,158.181,161.418,158.002,161.07,60868.0,10,0.0
2024-08-07 08:00:00,161.066,161.248,159.55,160.72,82319.0,10,0.0
2024-08-07 12:00:00,160.72,161.107,160.366,160.542,64880.0,10,0.0
2024-08-07 16:00:00,160.542,161.44,160.202,160.752,64072.0,10,0.0
2024-08-07 20:00:00,160.752,160.999,160.193,160.233,53803.0,10,0.0
2024-08-08 00:00:00,160.192,160.321,158.95,159.552,47446.0,10,0.0
2024-08-08 04:00:00,159.553,160.516,159.5,159.753,66280.0,10,0.0
2024-08-08 08:00:00,159.754,160.105,159.252,159.897,80375.0,10,0.0
2024-08-08 12:00:00,159.891,160.492,159.467,160.272,72528.0,10,0.0
2024-08-08 16:00:00,160.272,160.723,160.082,160.632,76223.0,10,0.0
2024-08-08 20:00:00,160.63,160.888,160.538,160.788,47007.0,10,0.0
2024-08-09 00:00:00,160.734,161.378,160.575,160.949,36147.0,10,0.0
2024-08-09 04:00:00,160.955,161.154,160.336,160.406,45607.0,10,0.0
2024-08-09 08:00:00,160.406,160.905,160.221,160.714,61252.0,10,0.0
2024-08-09 12:00:00,160.715,160.876,159.859,160.162,60081.0,10,0.0
2024-08-09 16:00:00,160.161,160.335,159.801,160.087,69401.0,10,0.0
2024-08-09 20:00:00,160.085,160.246,159.978,159.994,42132.0,10,0.0
2024-08-12 00:00:00,159.927,160.569,159.835,160.342,19983.0,10,0.0
2024-08-12 04:00:00,160.342,160.672,160.193,160.647,27704.0,10,0.0
2024-08-12 08:00:00,160.647,161.007,160.619,160.926,43773.0,10,0.0
2024-08-12 12:00:00,160.925,161.313,160.763,161.307,40903.0,10,0.0
2024-08-12 16:00:00,161.306,161.954,160.916,160.95,68182.0,10,0.0
2024-08-12 20:00:00,160.952,161.029,160.731,160.908,46444.0,10,0.0
2024-08-13 00:00:00,160.883,161.015,160.638,160.958,25372.0,10,0.0
2024-08-13 04:00:00,160.96,161.641,160.958,161.587,37378.0,10,0.0
2024-08-13 08:00:00,161.589,161.8,161.27,161.494,42045.0,10,0.0
2024-08-13 12:00:00,161.49,161.536,160.886,161.269,51241.0,10,0.0
2024-08-13 16:00:00,161.269,161.392,160.682,160.996,56183.0,10,0.0
2024-08-13 20:00:00,160.995,161.527,160.969,161.419,49207.0,10,0.0
2024-08-14 00:00:00,161.351,161.795,161.09,161.683,23740.0,10,0.0
2024-08-14 04:00:00,161.682,161.771,160.582,161.448,50202.0,10,0.0
2024-08-14 08:00:00,161.448,162.336,161.358,162.095,44522.0,9,0.0
2024-08-14 12:00:00,162.097,162.41,161.639,162.289,42218.0,8,0.0
2024-08-14 16:00:00,162.287,162.582,161.677,161.906,53538.0,8,0.0
2024-08-14 20:00:00,161.906,162.381,161.883,162.195,23958.0,8,0.0
2024-08-15 00:00:00,162.166,162.328,162.044,162.094,19085.0,12,0.0
2024-08-15 04:00:00,162.093,162.455,162.053,162.165,35029.0,10,0.0
2024-08-15 08:00:00,162.165,162.234,161.942,162.158,35879.0,10,0.0
2024-08-15 12:00:00,162.156,163.38,162.058,163.204,41996.0,10,0.0
2024-08-15 16:00:00,163.204,163.73,163.183,163.612,61871.0,10,0.0
2024-08-15 20:00:00,163.611,163.868,163.482,163.773,29376.0,10,0.0
2024-08-16 00:00:00,163.755,163.821,163.438,163.7,18062.0,10,0.0
2024-08-16 04:00:00,163.7,163.771,163.349,163.483,28927.0,10,0.0
2024-08-16 08:00:00,163.48,163.744,163.234,163.296,32525.0,10,0.0
2024-08-16 12:00:00,163.296,163.395,162.275,162.36,42868.0,10,0.0
2024-08-16 16:00:00,162.36,163.018,162.296,162.856,50610.0,10,0.0
2024-08-16 20:00:00,162.855,162.868,162.628,162.761,24958.0,10,0.0
2024-08-19 00:00:00,162.713,163.205,162.663,163.044,19983.0,10,0.0
2024-08-19 04:00:00,163.045,163.089,161.036,161.386,45947.0,10,0.0
2024-08-19 08:00:00,161.386,161.515,160.415,161.226,57553.0,10,0.0
2024-08-19 12:00:00,161.226,161.68,161.115,161.403,44411.0,10,0.0
2024-08-19 16:00:00,161.401,162.298,161.401,162.226,51170.0,10,0.0
2024-08-19 20:00:00,162.226,162.571,162.161,162.503,24685.0,10,0.0
2024-08-20 00:00:00,162.468,162.778,162.024,162.173,21617.0,10,0.0
2024-08-20 04:00:00,162.175,162.989,161.694,162.752,37520.0,10,0.0
2024-08-20 08:00:00,162.752,163.189,162.093,162.334,47796.0,10,0.0
2024-08-20 12:00:00,162.336,162.403,162.064,162.222,41248.0,10,0.0
2024-08-20 16:00:00,162.225,162.355,161.587,161.607,55171.0,10,0.0
2024-08-20 20:00:00,161.605,161.796,161.536,161.659,20651.0,10,0.0
2024-08-21 00:00:00,161.627,161.939,161.347,161.848,27659.0,10,0.0
2024-08-21 04:00:00,161.848,162.058,161.575,161.969,39183.0,10,0.0
2024-08-21 08:00:00,161.969,162.472,161.8,162.359,48097.0,10,0.0
2024-08-21 12:00:00,162.358,162.653,162.136,162.175,41976.0,10,0.0
2024-08-21 16:00:00,162.174,163.054,161.65,161.833,74919.0,10,0.0
2024-08-21 20:00:00,161.834,162.006,161.398,161.976,39852.0,10,0.0
2024-08-22 00:00:00,161.894,162.154,161.518,162.009,19843.0,0,0.0
2024-08-22 04:00:00,162.01,162.284,161.58,161.723,29029.0,10,0.0
2024-08-22 08:00:00,161.723,162.349,161.468,162.274,38569.0,10,0.0
2024-08-22 12:00:00,162.275,162.856,162.126,162.699,41141.0,10,0.0
2024-08-22 16:00:00,162.697,162.904,162.079,162.576,57669.0,10,0.0
2024-08-22 20:00:00,162.576,162.751,162.382,162.559,24381.0,10,0.0
2024-08-23 00:00:00,162.529,162.625,162.248,162.425,18889.0,10,0.0
2024-08-23 04:00:00,162.426,162.468,161.685,162.213,36966.0,10,0.0
2024-08-23 08:00:00,162.212,162.403,161.709,162.316,38995.0,10,0.0
2024-08-23 12:00:00,162.314,162.492,162.241,162.25,36559.0,10,0.0
2024-08-23 16:00:00,162.255,162.711,161.733,161.85,69848.0,10,0.0
2024-08-23 20:00:00,161.844,161.97,161.204,161.546,29940.0,10,0.0
2024-08-26 00:00:00,161.235,161.469,160.647,160.867,33279.0,10,0.0
2024-08-26 04:00:00,160.866,161.12,160.635,161.082,41969.0,10,0.0
2024-08-26 08:00:00,161.082,161.247,160.564,160.841,38630.0,10,0.0
2024-08-26 12:00:00,160.841,161.101,160.632,160.652,36690.0,10,0.0
2024-08-26 16:00:00,160.651,161.474,160.499,161.379,49373.0,10,0.0
2024-08-26 20:00:00,161.379,161.478,161.222,161.28,16997.0,10,0.0
2024-08-27 00:00:00,161.276,161.666,161.051,161.655,19893.0,10,0.0
2024-08-27 04:00:00,161.657,161.878,161.52,161.536,30986.0,10,0.0
2024-08-27 08:00:00,161.535,162.175,161.491,161.988,37230.0,10,0.0
2024-08-27 12:00:00,161.986,162.006,161.025,161.115,39014.0,10,0.0
2024-08-27 16:00:00,161.112,161.37,160.874,160.937,44188.0,10,0.0
2024-08-27 20:00:00,160.937,161.198,160.915,160.98,19112.0,10,0.0
2024-08-28 00:00:00,160.95,161.246,160.684,161.112,20505.0,10,0.0
2024-08-28 04:00:00,161.113,161.373,161.058,161.096,32167.0,10,0.0
2024-08-28 08:00:00,161.096,161.315,160.786,160.82,36098.0,10,0.0
2024-08-28 12:00:00,160.82,160.856,160.447,160.798,31322.0,10,0.0
2024-08-28 16:00:00,160.797,161.215,160.592,160.875,47695.0,10,0.0
2024-08-28 20:00:00,160.875,160.938,160.515,160.751,26895.0,10,0.0
2024-08-29 00:00:00,160.718,160.939,160.425,160.768,22706.0,10,0.0
2024-08-29 04:00:00,160.768,161.133,160.696,161.099,30849.0,10,0.0
2024-08-29 08:00:00,161.098,161.266,160.018,160.383,44263.0,10,0.0
2024-08-29 12:00:00,160.384,161.179,160.2,161.159,40483.0,10,0.0
2024-08-29 16:00:00,161.154,161.254,160.609,160.688,52550.0,10,0.0
2024-08-29 20:00:00,160.687,160.701,160.316,160.609,34488.0,10,0.0
2024-08-30 00:00:00,160.569,160.729,160.315,160.357,14660.0,10,0.0
2024-08-30 04:00:00,160.356,160.504,160.186,160.4,24142.0,10,0.0
2024-08-30 08:00:00,160.399,160.891,160.367,160.705,28360.0,10,0.0
2024-08-30 12:00:00,160.705,161.28,160.686,161.188,33822.0,10,0.0
2024-08-30 16:00:00,161.189,161.574,160.842,161.568,52392.0,10,0.0
2024-08-30 20:00:00,161.568,161.635,161.417,161.443,23218.0,10,0.0
2024-09-02 00:00:00,161.31,161.925,161.223,161.594,17637.0,10,0.0
2024-09-02 04:00:00,161.595,161.703,161.023,161.233,29869.0,10,0.0
2024-09-02 08:00:00,161.235,162.635,161.226,162.359,32562.0,10,0.0
2024-09-02 12:00:00,162.358,162.728,162.279,162.673,23818.0,10,0.0
2024-09-02 16:00:00,162.677,162.892,162.454,162.47,25242.0,10,0.0
2024-09-02 20:00:00,162.475,162.66,162.474,162.645,2489.0,11,0.0
2024-09-03 00:00:00,162.582,162.795,162.314,162.728,15776.0,10,0.0
2024-09-03 04:00:00,162.729,162.753,161.836,161.983,38717.0,10,0.0
2024-09-03 08:00:00,161.983,162.054,160.925,161.098,44000.0,10,0.0
2024-09-03 12:00:00,161.098,161.473,160.907,161.169,35851.0,10,0.0
2024-09-03 16:00:00,161.169,161.235,160.494,160.915,57150.0,10,0.0
2024-09-03 20:00:00,160.913,160.996,160.597,160.597,24810.0,10,0.0
2024-09-04 00:00:00,160.589,160.798,160.108,160.388,28410.0,10,0.0
2024-09-04 04:00:00,160.387,160.891,160.373,160.593,35200.0,10,0.0
2024-09-04 08:00:00,160.594,160.618,159.956,160.473,47059.0,10,0.0
2024-09-04 12:00:00,160.473,160.598,160.062,160.341,35663.0,10,0.0
2024-09-04 16:00:00,160.337,160.457,159.565,159.67,65500.0,10,0.0
2024-09-04 20:00:00,159.67,159.671,159.242,159.276,36479.0,10,0.0
2024-09-05 00:00:00,159.254,159.306,158.698,159.225,27631.0,10,0.0
2024-09-05 04:00:00,159.226,159.452,158.943,159.034,36270.0,10,0.0
2024-09-05 08:00:00,159.033,159.47,158.545,159.356,47594.0,10,0.0
2024-09-05 12:00:00,159.356,159.417,158.609,158.73,42781.0,10,0.0
2024-09-05 16:00:00,158.73,159.791,158.673,159.224,63182.0,10,0.0
2024-09-05 20:00:00,159.222,159.376,158.971,159.366,33484.0,10,0.0
2024-09-06 00:00:00,159.339,159.399,159.08,159.119,17855.0,10,0.0
2024-09-06 04:00:00,159.12,159.3,158.818,158.95,27216.0,10,0.0
2024-09-06 08:00:00,158.949,158.956,157.913,158.545,50351.0,10,0.0
2024-09-06 12:00:00,158.544,159.621,158.352,159.016,49328.0,10,0.0
2024-09-06 16:00:00,159.017,159.346,157.458,157.781,102579.0,10,0.0
2024-09-06 20:00:00,157.785,157.979,157.642,157.689,46812.0,10,0.0
2024-09-09 00:00:00,157.599,158.235,157.394,158.149,29732.0,10,0.0
2024-09-09 04:00:00,158.152,158.479,158.064,158.352,36866.0,10,0.0
2024-09-09 08:00:00,158.351,158.503,158.027,158.403,45103.0,10,0.0
2024-09-09 12:00:00,158.402,158.73,158.087,158.122,39551.0,10,0.0
2024-09-09 16:00:00,158.121,158.131,157.476,157.865,54448.0,10,0.0
2024-09-09 20:00:00,157.866,158.009,157.656,157.947,36682.0,10,0.0
2024-09-10 00:00:00,157.94,158.28,157.695,158.255,21730.0,10,0.0
2024-09-10 04:00:00,158.256,158.365,157.928,157.961,32367.0,10,0.0
2024-09-10 08:00:00,157.958,158.637,157.9,158.401,37755.0,10,0.0
2024-09-10 12:00:00,158.401,158.408,157.473,157.578,41238.0,10,0.0
2024-09-10 16:00:00,157.582,157.885,156.791,157.085,55506.0,10,0.0
2024-09-10 20:00:00,157.085,157.173,156.792,156.995,30816.0,10,0.0
2024-09-11 00:00:00,156.988,157.01,156.507,156.8,20902.0,10,0.0
2024-09-11 04:00:00,156.801,156.964,155.595,155.854,44082.0,10,0.0
2024-09-11 08:00:00,155.85,156.491,155.488,156.304,52079.0,10,0.0
2024-09-11 12:00:00,156.304,156.954,156.09,156.752,50665.0,10,0.0
2024-09-11 16:00:00,156.753,156.974,155.46,156.368,82513.0,10,0.0
2024-09-11 20:00:00,156.368,156.946,156.342,156.749,45894.0,10,0.0
2024-09-12 00:00:00,156.719,157.363,156.629,157.057,20809.0,10,0.0
2024-09-12 04:00:00,157.058,157.367,156.62,157.303,41301.0,10,0.0
2024-09-12 08:00:00,157.302,157.513,156.935,157.068,48810.0,10,0.0
2024-09-12 12:00:00,157.072,157.335,156.452,156.671,49223.0,10,0.0
2024-09-12 16:00:00,156.669,157.5,156.532,157.435,65179.0,10,0.0
2024-09-12 20:00:00,157.434,157.483,156.909,157.032,53988.0,10,0.0
2024-09-13 00:00:00,157.011,157.08,156.483,156.551,19516.0,10,0.0
2024-09-13 04:00:00,156.551,156.6,155.952,156.248,34452.0,10,0.0
2024-09-13 08:00:00,156.249,156.623,155.758,156.082,49984.0,10,0.0
2024-09-13 12:00:00,156.083,156.264,155.758,156.116,49672.0,10,0.0
2024-09-13 16:00:00,156.116,156.139,155.614,156.085,65394.0,10,0.0
2024-09-13 20:00:00,156.085,156.22,155.916,155.941,31354.0,10,0.0
2024-09-16 00:00:00,155.803,156.192,155.656,155.833,17765.0,10,0.0
2024-09-16 04:00:00,155.831,155.91,155.396,155.595,30424.0,10,0.0
2024-09-16 08:00:00,155.596,155.668,155.146,155.549,42154.0,10,0.0
2024-09-16 12:00:00,155.549,156.181,155.508,156.012,41453.0,10,0.0
2024-09-16 16:00:00,156.012,156.664,155.997,156.514,50934.0,10,0.0
2024-09-16 20:00:00,156.515,156.664,156.384,156.514,27251.0,10,0.0
2024-09-17 00:00:00,156.51,157.109,156.332,156.457,19213.0,10,0.0
2024-09-17 04:00:00,156.458,156.55,156.146,156.494,33302.0,10,0.0
2024-09-17 08:00:00,156.495,156.736,156.046,156.66,37979.0,10,0.0
2024-09-17 12:00:00,156.659,156.953,156.477,156.825,42467.0,10,0.0
2024-09-17 16:00:00,156.824,157.879,156.727,157.597,59690.0,10,0.0
2024-09-17 20:00:00,157.597,158.325,157.584,158.227,37891.0,10,0.0
2024-09-18 00:00:00,158.218,158.247,157.55,157.612,19211.0,10,0.0
2024-09-18 04:00:00,157.61,157.735,157.039,157.145,32090.0,10,0.0
2024-09-18 08:00:00,157.148,158.032,157.098,157.713,39561.0,10,0.0
2024-09-18 12:00:00,157.713,158.034,157.53,157.849,40362.0,10,0.0
2024-09-18 16:00:00,157.849,158.023,157.607,157.831,47487.0,10,0.0
2024-09-18 20:00:00,157.831,158.37,157.019,158.151,87642.0,10,0.0
2024-09-19 00:00:00,158.118,159.187,157.766,159.012,31158.0,10,0.0
2024-09-19 04:00:00,159.015,159.419,158.879,159.227,47472.0,10,0.0
2024-09-19 08:00:00,159.228,159.47,158.315,159.397,56283.0,10,0.0
2024-09-19 12:00:00,159.396,159.966,159.131,159.945,58626.0,10,0.0
2024-09-19 16:00:00,159.944,159.952,158.829,159.57,66253.0,10,0.0
2024-09-19 20:00:00,159.57,159.62,159.11,159.179,35504.0,10,0.0
2024-09-20 00:00:00,159.142,159.492,158.938,158.938,18236.0,10,0.0
2024-09-20 04:00:00,158.938,159.332,158.511,158.754,29845.0,10,0.0
2024-09-20 08:00:00,158.757,160.687,158.421,160.558,53874.0,10,0.0
2024-09-20 12:00:00,160.556,161.158,160.35,160.547,51458.0,10,0.0
2024-09-20 16:00:00,160.545,160.999,160.199,160.633,71684.0,10,0.0
2024-09-20 20:00:00,160.632,160.976,160.484,160.547,43959.0,10,0.0
2024-09-23 00:00:00,160.337,160.954,160.337,160.826,19749.0,10,0.0
2024-09-23 04:00:00,160.828,161.188,160.828,161.038,24741.0,10,0.0
2024-09-23 08:00:00,161.037,161.105,159.041,159.27,51074.0,10,0.0
2024-09-23 12:00:00,159.268,159.991,159.178,159.91,48574.0,10,0.0
2024-09-23 16:00:00,159.91,160.526,159.416,159.471,62515.0,10,0.0
2024-09-23 20:00:00,159.468,159.593,159.305,159.554,32211.0,10,0.0
2024-09-24 00:00:00,159.508,159.7,159.347,159.424,21126.0,10,0.0
2024-09-24 04:00:00,159.423,160.019,159.231,159.909,39464.0,10,0.0
2024-09-24 08:00:00,159.908,161.105,159.901,160.737,49819.0,10,0.0
2024-09-24 12:00:00,160.733,161.001,160.007,160.396,41630.0,10,0.0
2024-09-24 16:00:00,160.397,160.599,160.019,160.082,56223.0,10,0.0
2024-09-24 20:00:00,160.082,160.323,159.959,160.097,31455.0,10,0.0
2024-09-25 00:00:00,160.065,160.348,159.849,160.255,20114.0,10,0.0
2024-09-25 04:00:00,160.244,160.612,160.177,160.38,37507.0,10,0.0
2024-09-25 08:00:00,160.38,161.228,160.253,160.988,45907.0,10,0.0
2024-09-25 12:00:00,160.99,161.667,160.956,161.473,39271.0,10,0.0
2024-09-25 16:00:00,161.474,161.56,160.846,160.924,59506.0,10,0.0
2024-09-25 20:00:00,160.925,161.19,160.834,161.12,37031.0,10,0.0
2024-09-26 00:00:00,161.083,161.133,160.848,160.915,18189.0,10,0.0
2024-09-26 04:00:00,160.917,161.541,160.902,161.207,28535.0,10,0.0
2024-09-26 08:00:00,161.208,161.852,161.115,161.358,51139.0,10,0.0
2024-09-26 12:00:00,161.357,161.631,160.744,161.202,45951.0,10,0.0
2024-09-26 16:00:00,161.202,161.904,160.86,161.794,62529.0,10,0.0
2024-09-26 20:00:00,161.795,161.91,161.473,161.864,34372.0,10,0.0
2024-09-27 00:00:00,161.85,162.493,161.728,162.462,21053.0,10,0.0
2024-09-27 04:00:00,162.462,162.782,161.918,162.766,39344.0,10,0.0
2024-09-27 08:00:00,162.756,163.484,158.997,159.524,78328.0,10,0.0
2024-09-27 12:00:00,159.522,160.054,159.289,159.612,56023.0,10,0.0
2024-09-27 16:00:00,159.61,159.983,158.77,158.922,64743.0,10,0.0
2024-09-27 20:00:00,158.923,159.04,158.556,158.699,40887.0,10,0.0
2024-09-30 00:00:00,158.757,159.653,158.485,159.392,23705.0,10,0.0
2024-09-30 04:00:00,159.393,159.573,158.591,158.636,37646.0,10,0.0
2024-09-30 08:00:00,158.635,159.758,158.103,159.715,54974.0,10,0.0
2024-09-30 12:00:00,159.722,159.975,159.405,159.95,44039.0,10,0.0
2024-09-30 16:00:00,159.951,159.968,159.226,159.546,61649.0,10,0.0
2024-09-30 20:00:00,159.543,160.123,159.458,159.908,52368.0,10,0.0
2024-10-01 00:00:00,159.878,160.424,159.74,160.262,19795.0,10,0.0
2024-10-01 04:00:00,160.263,160.831,160.034,160.73,34073.0,10,0.0
2024-10-01 08:00:00,160.728,160.904,159.516,159.671,54740.0,10,0.0
2024-10-01 12:00:00,159.694,159.806,159.082,159.464,46960.0,10,0.0
2024-10-01 16:00:00,159.463,159.628,158.417,158.772,76481.0,10,0.0
2024-10-01 20:00:00,158.771,159.244,158.364,158.864,50503.0,10,0.0
2024-10-02 00:00:00,158.838,159.224,158.741,159.136,17751.0,10,0.0
2024-10-02 04:00:00,159.137,159.622,158.826,159.007,33226.0,10,0.0
2024-10-02 08:00:00,159.005,159.858,158.699,159.798,53058.0,10,0.0
2024-10-02 12:00:00,159.798,160.759,159.499,160.684,51656.0,10,0.0
2024-10-02 16:00:00,160.686,161.492,160.608,161.313,59374.0,10,0.0
2024-10-02 20:00:00,161.312,161.88,161.247,161.789,23752.0,10,0.0
2024-10-03 00:00:00,161.746,162.337,161.616,162.262,23831.0,10,0.0
2024-10-03 04:00:00,162.265,162.493,161.832,161.878,36291.0,10,0.0
2024-10-03 08:00:00,161.878,162.1,161.367,161.973,54383.0,10,0.0
2024-10-03 12:00:00,161.973,162.356,161.723,161.921,46180.0,10,0.0
2024-10-03 16:00:00,161.923,162.258,161.49,161.833,66396.0,10,0.0
2024-10-03 20:00:00,161.835,162.08,161.713,162.073,31530.0,10,0.0
2024-10-04 00:00:00,162.03,162.133,161.793,161.814,16582.0,10,0.0
2024-10-04 04:00:00,161.814,161.849,161.158,161.259,34284.0,10,0.0
2024-10-04 08:00:00,161.255,161.451,161.01,161.343,48555.0,10,0.0
2024-10-04 12:00:00,161.345,162.975,161.3,162.925,52304.0,10,0.0
2024-10-04 16:00:00,162.936,163.275,162.747,163.228,66859.0,10,0.0
2024-10-04 20:00:00,163.227,163.369,163.116,163.117,29306.0,10,0.0
2024-10-07 00:00:00,163.017,163.572,162.785,162.823,22119.0,10,0.0
2024-10-07 04:00:00,162.822,163.092,162.699,162.924,30062.0,10,0.0
2024-10-07 08:00:00,162.924,162.982,162.441,162.703,48953.0,10,0.0
2024-10-07 12:00:00,162.702,163.052,162.394,162.646,49938.0,10,0.0
2024-10-07 16:00:00,162.648,162.737,162.29,162.568,51079.0,10,0.0
2024-10-07 20:00:00,162.568,162.626,162.367,162.6,26900.0,10,0.0
2024-10-08 00:00:00,162.561,162.638,162.001,162.331,21435.0,10,0.0
2024-10-08 04:00:00,162.335,162.688,161.904,162.672,37711.0,10,0.0
2024-10-08 08:00:00,162.67,162.76,161.998,162.527,48338.0,10,0.0
2024-10-08 12:00:00,162.528,162.696,162.323,162.484,41122.0,10,0.0
2024-10-08 16:00:00,162.488,162.82,162.453,162.601,44143.0,10,0.0
2024-10-08 20:00:00,162.603,162.816,162.56,162.706,24460.0,10,0.0
2024-10-09 00:00:00,162.673,162.845,162.449,162.684,12354.0,10,0.0
2024-10-09 04:00:00,162.687,162.87,162.448,162.625,28906.0,10,0.0
2024-10-09 08:00:00,162.625,163.07,162.389,162.962,45340.0,10,0.0
2024-10-09 12:00:00,162.963,163.157,162.814,163.152,36411.0,10,0.0
2024-10-09 16:00:00,163.152,163.464,162.991,163.285,41068.0,10,0.0
2024-10-09 20:00:00,163.286,163.372,163.164,163.331,30195.0,10,0.0
2024-10-10 00:00:00,163.288,163.342,163.004,163.25,12507.0,10,0.0
2024-10-10 04:00:00,163.245,163.605,163.131,163.455,25041.0,10,0.0
2024-10-10 08:00:00,163.455,163.551,162.964,162.974,20707.0,10,0.0
2024-10-10 12:00:00,162.972,163.003,162.412,162.639,49154.0,10,0.0
2024-10-10 16:00:00,162.634,162.763,162.174,162.406,66500.0,10,0.0
2024-10-10 20:00:00,162.408,162.558,162.316,162.469,36692.0,10,0.0
2024-10-11 00:00:00,162.445,162.655,162.334,162.385,15062.0,10,0.0
2024-10-11 04:00:00,162.38,162.719,162.304,162.63,22778.0,10,0.0
2024-10-11 08:00:00,162.631,162.887,162.495,162.862,31847.0,10,0.0
2024-10-11 12:00:00,162.864,163.115,162.81,162.973,37047.0,10,0.0
2024-10-11 16:00:00,162.97,163.409,162.926,163.087,45051.0,10,0.0
2024-10-11 20:00:00,163.085,163.185,163.039,163.072,18807.0,10,0.0
2024-10-14 00:00:00,162.921,163.244,162.888,162.967,10431.0,10,0.0
2024-10-14 04:00:00,162.968,163.198,162.921,163.078,13675.0,10,0.0
2024-10-14 08:00:00,163.078,163.342,162.963,163.273,24325.0,10,0.0
2024-10-14 12:00:00,163.274,163.51,163.245,163.359,28744.0,10,0.0
2024-10-14 16:00:00,163.357,163.6,163.343,163.446,27593.0,10,0.0
2024-10-14 20:00:00,163.448,163.45,163.217,163.34,13221.0,10,0.0
2024-10-15 00:00:00,163.304,163.43,163.076,163.147,11736.0,10,0.0
2024-10-15 04:00:00,163.147,163.261,163.006,163.041,17718.0,10,0.0
2024-10-15 08:00:00,163.04,163.061,162.423,162.702,36380.0,10,0.0
2024-10-15 12:00:00,162.702,162.947,162.367,162.648,32483.0,10,0.0
2024-10-15 16:00:00,162.648,162.87,162.337,162.738,43582.0,10,0.0
2024-10-15 20:00:00,162.737,162.809,162.398,162.485,22096.0,10,0.0
2024-10-16 00:00:00,162.478,162.572,162.188,162.481,12817.0,10,0.0
2024-10-16 04:00:00,162.482,162.55,162.101,162.534,24662.0,10,0.0
2024-10-16 08:00:00,162.534,162.701,162.259,162.665,35501.0,10,0.0
2024-10-16 12:00:00,162.664,162.786,162.453,162.73,31846.0,10,0.0
2024-10-16 16:00:00,162.735,162.88,162.524,162.745,33334.0,10,0.0
2024-10-16 20:00:00,162.748,162.749,162.481,162.53,16227.0,10,0.0
2024-10-17 00:00:00,162.487,162.539,162.289,162.451,11792.0,10,0.0
2024-10-17 04:00:00,162.453,162.476,162.063,162.302,30472.0,10,0.0
2024-10-17 08:00:00,162.299,162.629,162.18,162.589,33039.0,10,0.0
2024-10-17 12:00:00,162.587,162.718,162.38,162.458,30682.0,10,0.0
2024-10-17 16:00:00,162.459,162.762,161.846,162.599,47722.0,10,0.0
2024-10-17 20:00:00,162.598,162.743,162.527,162.689,19161.0,10,0.0
2024-10-18 00:00:00,162.651,162.698,162.365,162.479,10108.0,10,0.0
2024-10-18 04:00:00,162.48,162.635,162.333,162.497,22387.0,10,0.0
2024-10-18 08:00:00,162.497,162.806,162.353,162.48,31535.0,10,0.0
2024-10-18 12:00:00,162.48,162.852,162.173,162.74,29205.0,10,0.0
2024-10-18 16:00:00,162.74,162.829,162.297,162.365,27558.0,10,0.0
2024-10-18 20:00:00,162.366,162.517,162.35,162.445,21672.0,10,0.0
2024-10-21 00:00:00,162.266,162.627,162.172,162.304,14044.0,10,0.0
2024-10-21 04:00:00,162.306,162.332,161.998,162.145,33382.0,10,0.0
2024-10-21 08:00:00,162.144,162.788,162.049,162.769,36964.0,10,0.0
2024-10-21 12:00:00,162.769,162.856,162.593,162.776,31946.0,10,0.0
2024-10-21 16:00:00,162.776,162.907,162.64,162.834,34971.0,10,0.0
2024-10-21 20:00:00,162.833,163.146,162.829,163.131,20938.0,10,0.0
2024-10-22 00:00:00,163.094,163.094,162.836,162.923,15682.0,10,0.0
2024-10-22 04:00:00,162.924,163.484,162.821,163.249,31957.0,10,0.0
2024-10-22 08:00:00,163.249,163.666,163.1,163.472,46743.0,10,0.0
2024-10-22 12:00:00,163.472,163.502,163.07,163.162,39331.0,10,0.0
2024-10-22 16:00:00,163.162,163.449,162.776,163.258,46677.0,10,0.0
2024-10-22 20:00:00,163.257,163.268,162.998,163.143,25243.0,10,0.0
2024-10-23 00:00:00,163.104,163.542,162.964,163.512,11471.0,10,0.0
2024-10-23 04:00:00,163.515,164.323,163.485,164.271,31623.0,10,0.0
2024-10-23 08:00:00,164.266,164.563,164.239,164.428,38507.0,10,0.0
2024-10-23 12:00:00,164.427,164.964,164.419,164.921,38594.0,10,0.0
2024-10-23 16:00:00,164.921,165.018,164.663,164.676,45539.0,10,0.0
2024-10-23 20:00:00,164.675,164.717,164.299,164.7,30157.0,10,0.0
2024-10-24 00:00:00,164.661,164.746,164.488,164.677,16318.0,10,0.0
2024-10-24 04:00:00,164.677,164.749,164.166,164.288,34686.0,10,0.0
2024-10-24 08:00:00,164.289,164.456,163.795,164.213,53133.0,10,0.0
2024-10-24 12:00:00,164.213,164.346,163.924,164.161,45068.0,10,0.0
2024-10-24 16:00:00,164.163,164.487,163.879,163.989,51647.0,10,0.0
2024-10-24 20:00:00,163.989,164.458,163.989,164.373,26585.0,10,0.0
2024-10-25 00:00:00,164.338,164.588,164.078,164.495,13869.0,10,0.0
2024-10-25 04:00:00,164.495,164.541,164.059,164.171,26144.0,10,0.0
2024-10-25 08:00:00,164.172,164.758,163.94,164.482,37462.0,10,0.0
2024-10-25 12:00:00,164.474,164.666,164.261,164.655,26488.0,10,0.0
2024-10-25 16:00:00,164.656,164.789,164.372,164.449,33376.0,10,0.0
2024-10-25 20:00:00,164.449,164.56,164.266,164.396,22252.0,10,0.0
2024-10-27 20:00:00,165.043,165.048,165.031,165.043,208.0,95,0.0
2024-10-28 00:00:00,164.961,166.067,164.705,166.018,34726.0,10,0.0
2024-10-28 04:00:00,166.016,166.02,165.415,165.632,25555.0,10,0.0
2024-10-28 08:00:00,165.63,165.858,165.284,165.363,35422.0,10,0.0
2024-10-28 12:00:00,165.363,165.389,164.885,165.283,37560.0,10,0.0
2024-10-28 16:00:00,165.282,165.83,165.254,165.751,31735.0,10,0.0
2024-10-28 20:00:00,165.751,165.836,165.66,165.707,10839.0,10,0.0
2024-10-29 00:00:00,165.675,165.808,165.34,165.415,19418.0,10,0.0
2024-10-29 04:00:00,165.415,165.431,165.156,165.233,6053.0,10,0.0
2024-10-29 08:00:00,165.232,166.077,165.226,165.957,40904.0,10,0.0
2024-10-29 12:00:00,165.957,166.033,165.576,165.735,44545.0,10,0.0
2024-10-29 16:00:00,165.737,165.893,165.272,165.772,55009.0,10,0.0
2024-10-29 20:00:00,165.772,166.005,165.737,165.847,18919.0,10,0.0
2024-10-30 00:00:00,165.884,165.918,165.694,165.803,19170.0,10,0.0
2024-10-30 04:00:00,165.818,165.995,165.669,165.725,25321.0,10,0.0
2024-10-30 08:00:00,165.726,166.21,165.57,165.905,42034.0,10,0.0
2024-10-30 12:00:00,165.902,165.981,165.501,165.838,49349.0,10,0.0
2024-10-30 16:00:00,165.847,166.596,165.847,166.496,46138.0,10,0.0
2024-10-30 20:00:00,166.498,166.588,166.352,166.436,20419.0,12,0.0
2024-10-31 00:00:00,166.441,166.689,166.286,166.463,19323.0,10,0.0
2024-10-31 04:00:00,166.464,166.64,165.762,165.859,23931.0,10,0.0
2024-10-31 08:00:00,165.858,165.958,164.936,165.782,52517.0,10,0.0
2024-10-31 12:00:00,165.758,166.358,165.564,166.118,50268.0,10,0.0
2024-10-31 16:00:00,166.119,166.201,165.013,165.289,58324.0,10,0.0
2024-10-31 20:00:00,165.29,165.518,165.07,165.463,34997.0,11,0.0
2024-11-01 00:00:00,165.472,165.704,165.227,165.514,30788.0,10,0.0
2024-11-01 04:00:00,165.512,165.959,165.493,165.841,32040.0,10,0.0
2024-11-01 08:00:00,165.84,165.983,165.525,165.894,39867.0,10,0.0
2024-11-01 12:00:00,165.892,166.113,165.356,165.663,49670.0,10,0.0
2024-11-01 16:00:00,165.672,166.109,165.543,165.701,47048.0,10,0.0
2024-11-01 20:00:00,165.7,165.87,165.673,165.677,17057.0,10,0.0
2024-11-04 00:00:00,165.729,165.922,165.21,165.269,24996.0,10,0.0
2024-11-04 04:00:00,165.269,165.568,165.23,165.498,33465.0,10,0.0
2024-11-04 08:00:00,165.499,165.859,165.439,165.493,42489.0,10,0.0
2024-11-04 12:00:00,165.494,165.701,165.332,165.574,32509.0,10,0.0
2024-11-04 16:00:00,165.574,165.769,165.397,165.518,42700.0,10,0.0
2024-11-04 20:00:00,165.516,165.628,165.449,165.473,22801.0,10,0.0
2024-11-05 00:00:00,165.445,165.778,165.361,165.631,15444.0,10,0.0
2024-11-05 04:00:00,165.629,165.918,165.536,165.814,25091.0,10,0.0
2024-11-05 08:00:00,165.815,165.93,165.629,165.757,30300.0,10,0.0
2024-11-05 12:00:00,165.758,165.98,165.575,165.623,27258.0,10,0.0
2024-11-05 16:00:00,165.624,166.035,165.52,165.789,43785.0,10,0.0
2024-11-05 20:00:00,165.79,165.817,165.43,165.709,28642.0,10,0.0
2024-11-06 00:00:00,165.658,165.893,165.22,165.712,52266.0,10,0.0
2024-11-06 04:00:00,165.71,165.986,165.183,165.426,109609.0,10,0.0
2024-11-06 08:00:00,165.428,165.898,165.02,165.626,83493.0,10,0.0
2024-11-06 12:00:00,165.624,165.729,164.917,165.254,70024.0,10,0.0
2024-11-06 16:00:00,165.252,166.03,165.171,165.91,61822.0,10,0.0
2024-11-06 20:00:00,165.912,166.099,165.67,165.884,28924.0,10,0.0
2024-11-07 00:00:00,165.842,165.959,165.484,165.598,25873.0,10,0.0
2024-11-07 04:00:00,165.597,165.904,165.396,165.498,33382.0,10,0.0
2024-11-07 08:00:00,165.498,165.898,165.386,165.433,47624.0,10,0.0
2024-11-07 12:00:00,165.431,165.872,165.418,165.659,40380.0,10,0.0
2024-11-07 16:00:00,165.661,165.795,165.159,165.328,46407.0,10,0.0
2024-11-07 20:00:00,165.333,165.338,165.008,165.188,42785.0,10,0.0
2024-11-08 00:00:00,165.168,165.42,165.071,165.137,21952.0,10,0.0
2024-11-08 04:00:00,165.138,165.169,164.499,164.747,29896.0,10,0.0
2024-11-08 08:00:00,164.748,164.84,164.065,164.139,48939.0,10,0.0
2024-11-08 12:00:00,164.142,164.487,163.885,164.242,48135.0,10,0.0
2024-11-08 16:00:00,164.243,164.396,163.201,163.476,48471.0,10,0.0
2024-11-08 20:00:00,163.476,163.64,163.421,163.531,23185.0,10,0.0
2024-11-11 00:00:00,163.453,164.273,163.416,164.257,20904.0,10,0.0
2024-11-11 04:00:00,164.257,164.655,164.18,164.542,22132.0,10,0.0
2024-11-11 08:00:00,164.542,164.577,163.901,164.088,38374.0,10,0.0
2024-11-11 12:00:00,164.083,164.275,163.729,163.734,35464.0,10,0.0
2024-11-11 16:00:00,163.729,163.935,163.577,163.863,35577.0,10,0.0
2024-11-11 20:00:00,163.86,163.86,163.696,163.788,16977.0,10,0.0
2024-11-12 00:00:00,163.669,164.026,163.613,163.939,19141.0,11,0.0
2024-11-12 04:00:00,163.932,163.977,163.239,163.436,30105.0,10,0.0
2024-11-12 08:00:00,163.432,163.779,163.344,163.749,40006.0,10,0.0
2024-11-12 12:00:00,163.758,164.003,163.439,163.995,35417.0,10,0.0
2024-11-12 16:00:00,163.995,164.227,163.693,164.178,46346.0,10,0.0
2024-11-12 20:00:00,164.176,164.338,164.147,164.284,23846.0,10,0.0
2024-11-13 00:00:00,164.109,164.511,164.045,164.31,22572.0,10,0.0
2024-11-13 04:00:00,164.31,164.477,164.22,164.406,26897.0,10,0.0
2024-11-13 08:00:00,164.407,164.649,164.305,164.605,43164.0,10,0.0
2024-11-13 12:00:00,164.605,164.798,164.279,164.344,48643.0,10,0.0
2024-11-13 16:00:00,164.344,164.357,163.629,164.249,71016.0,10,0.0
2024-11-13 20:00:00,164.25,164.419,164.14,164.223,34417.0,10,0.0
2024-11-14 00:00:00,164.097,164.622,163.958,164.534,19137.0,10,0.0
2024-11-14 04:00:00,164.537,164.671,164.38,164.557,26827.0,10,0.0
2024-11-14 08:00:00,164.557,164.579,164.128,164.226,41796.0,10,0.0
2024-11-14 12:00:00,164.226,164.436,163.803,164.293,50143.0,10,0.0
2024-11-14 16:00:00,164.288,164.977,164.216,164.452,55705.0,10,0.0
2024-11-14 20:00:00,164.45,164.592,164.345,164.53,40967.0,10,0.0
2024-11-15 00:00:00,164.424,165.029,164.412,164.871,22589.0,10,0.0
2024-11-15 04:00:00,164.869,164.998,164.753,164.904,27716.0,10,0.0
2024-11-15 08:00:00,164.902,164.963,164.041,164.098,49160.0,10,0.0
2024-11-15 12:00:00,164.097,164.496,163.998,164.003,52339.0,10,0.0
2024-11-15 16:00:00,164.0,164.073,162.688,162.743,71248.0,10,0.0
2024-11-15 20:00:00,162.746,162.755,162.314,162.611,33933.0,10,0.0
2024-11-18 00:00:00,162.591,163.492,162.261,162.976,34691.0,10,0.0
2024-11-18 04:00:00,162.978,163.29,162.716,162.914,37154.0,10,0.0
2024-11-18 08:00:00,162.908,163.552,162.714,163.536,55012.0,10,0.0
2024-11-18 12:00:00,163.535,163.879,163.303,163.695,47790.0,10,0.0
2024-11-18 16:00:00,163.693,163.935,163.413,163.838,48243.0,10,0.0
2024-11-18 20:00:00,163.838,163.977,163.706,163.901,20533.0,11,0.0
2024-11-19 00:00:00,163.792,163.89,163.157,163.254,22452.0,10,0.0
2024-11-19 04:00:00,163.253,163.573,163.112,163.441,29142.0,10,0.0
2024-11-19 08:00:00,163.441,163.705,161.486,162.211,64431.0,10,0.0
2024-11-19 12:00:00,162.211,162.994,161.967,162.332,59937.0,10,0.0
2024-11-19 16:00:00,162.331,163.747,162.288,163.697,57947.0,10,0.0
2024-11-19 20:00:00,163.698,163.923,163.591,163.821,15487.0,11,0.0
2024-11-20 00:00:00,163.724,164.293,163.707,164.062,18320.0,10,0.0
2024-11-20 04:00:00,164.064,164.302,164.01,164.301,23883.0,10,0.0
2024-11-20 08:00:00,164.301,164.757,164.267,164.407,40949.0,10,0.0
2024-11-20 12:00:00,164.407,164.58,164.244,164.397,37569.0,10,0.0
2024-11-20 16:00:00,164.396,164.403,163.151,163.474,51409.0,10,0.0
2024-11-20 20:00:00,163.474,163.929,163.453,163.856,29627.0,10,0.0
2024-11-21 00:00:00,163.729,163.821,163.347,163.501,21583.0,10,0.0
2024-11-21 04:00:00,163.502,163.772,163.342,163.648,28317.0,10,0.0
2024-11-21 08:00:00,163.651,163.663,162.063,162.375,60172.0,10,0.0
2024-11-21 12:00:00,162.376,162.794,162.166,162.473,50911.0,10,0.0
2024-11-21 16:00:00,162.477,162.664,161.736,161.965,63886.0,10,0.0
2024-11-21 20:00:00,161.964,162.194,161.796,161.832,23358.0,10,0.0
2024-11-22 00:00:00,161.724,161.851,161.19,161.695,23605.0,10,0.0
2024-11-22 04:00:00,161.695,161.917,161.511,161.892,27520.0,10,0.0
2024-11-22 08:00:00,161.891,162.488,159.888,160.706,60129.0,10,0.0
2024-11-22 12:00:00,160.706,161.085,160.396,160.901,58687.0,10,0.0
2024-11-22 16:00:00,160.902,161.372,160.868,161.234,61399.0,10,0.0
2024-11-22 20:00:00,161.234,161.332,161.095,161.2,22123.0,10,0.0
2024-11-25 00:00:00,161.508,161.91,161.053,161.115,34495.0,10,0.0
2024-11-25 04:00:00,161.115,161.76,160.986,161.655,32861.0,10,0.0
2024-11-25 08:00:00,161.654,162.113,161.313,161.98,56668.0,10,0.0
2024-11-25 12:00:00,161.98,162.112,161.563,162.06,49012.0,10,0.0
2024-11-25 16:00:00,162.061,162.093,161.356,161.824,60000.0,10,0.0
2024-11-25 20:00:00,161.828,161.983,161.705,161.792,23881.0,10,0.0
2024-11-26 00:00:00,161.768,161.819,160.578,161.045,39790.0,10,0.0
2024-11-26 04:00:00,161.043,161.338,160.862,161.022,36651.0,10,0.0
2024-11-26 08:00:00,161.023,162.009,160.944,161.729,54891.0,10,0.0
2024-11-26 12:00:00,161.729,161.843,160.986,161.152,52999.0,10,0.0
2024-11-26 16:00:00,161.154,161.4,160.381,160.536,55924.0,10,0.0
2024-11-26 20:00:00,160.536,160.653,160.3,160.585,32592.0,10,0.0
2024-11-27 00:00:00,160.387,160.69,159.941,159.973,30366.0,10,0.0
2024-11-27 04:00:00,159.973,160.154,159.519,159.705,31975.0,10,0.0
2024-11-27 08:00:00,159.706,159.78,159.112,159.295,59745.0,10,0.0
2024-11-27 12:00:00,159.296,160.015,159.087,159.995,53820.0,10,0.0
2024-11-27 16:00:00,159.995,160.062,159.255,159.451,67666.0,10,0.0
2024-11-27 20:00:00,159.447,159.739,159.35,159.662,23806.0,10,0.0
2024-11-28 00:00:00,159.463,160.127,159.454,159.868,20671.0,10,0.0
2024-11-28 04:00:00,159.869,160.109,159.801,159.879,28892.0,10,0.0
2024-11-28 08:00:00,159.879,160.341,159.584,159.968,48567.0,10,0.0
2024-11-28 12:00:00,159.967,160.337,159.632,159.659,34985.0,10,0.0
2024-11-28 16:00:00,159.658,159.97,159.565,159.864,32470.0,10,0.0
2024-11-28 20:00:00,159.864,159.977,159.85,159.915,3547.0,10,0.0
2024-11-29 00:00:00,159.76,159.932,158.228,158.334,30792.0,10,0.0
2024-11-29 04:00:00,158.334,158.971,158.333,158.626,44533.0,10,0.0
2024-11-29 08:00:00,158.62,158.814,158.312,158.524,49537.0,10,0.0
2024-11-29 12:00:00,158.5,158.836,158.213,158.402,47684.0,10,0.0
2024-11-29 16:00:00,158.403,158.893,158.035,158.084,49094.0,10,0.0
2024-11-29 20:00:00,158.083,158.393,158.054,158.256,52048.0,10,0.0
2024-12-02 00:00:00,158.043,158.549,157.954,158.513,29084.0,10,0.0
2024-12-02 04:00:00,158.514,158.637,158.362,158.585,33615.0,10,0.0
2024-12-02 08:00:00,158.587,158.588,157.585,158.062,53214.0,10,0.0
2024-12-02 12:00:00,158.059,158.186,157.504,157.667,51525.0,10,0.0
2024-12-02 16:00:00,157.666,157.747,156.375,156.888,62558.0,10,0.0
2024-12-02 20:00:00,156.89,157.131,156.835,157.027,25223.0,4,0.0
2024-12-03 00:00:00,156.949,157.312,156.898,157.18,22431.0,10,0.0
2024-12-03 04:00:00,157.18,157.526,157.138,157.398,25737.0,10,0.0
2024-12-03 08:00:00,157.398,157.854,157.258,157.609,43113.0,10,0.0
2024-12-03 12:00:00,157.61,157.983,156.633,156.655,40038.0,10,0.0
2024-12-03 16:00:00,156.659,157.218,156.178,157.095,52896.0,10,0.0
2024-12-03 20:00:00,157.095,157.223,156.755,157.199,19732.0,10,0.0
2024-12-04 00:00:00,157.113,157.576,157.1,157.509,20342.0,10,0.0
2024-12-04 04:00:00,157.509,157.856,156.983,157.83,35946.0,10,0.0
2024-12-04 08:00:00,157.831,158.275,157.617,158.199,48482.0,10,0.0
2024-12-04 12:00:00,158.2,158.657,158.171,158.374,45290.0,10,0.0
2024-12-04 16:00:00,158.372,158.597,158.006,158.235,50709.0,10,0.0
2024-12-04 20:00:00,158.235,158.401,157.981,158.29,26572.0,10,0.0
2024-12-05 00:00:00,158.184,158.464,157.9,158.25,18373.0,10,0.0
2024-12-05 04:00:00,158.246,158.252,157.682,157.825,27956.0,10,0.0
2024-12-05 08:00:00,157.825,158.254,157.558,158.251,42495.0,10,0.0
2024-12-05 12:00:00,158.242,159.17,157.987,159.15,45598.0,10,0.0
2024-12-05 16:00:00,159.143,159.387,158.481,158.653,47083.0,10,0.0
2024-12-05 20:00:00,158.653,158.921,158.59,158.897,22896.0,10,0.0
2024-12-06 00:00:00,158.814,159.023,158.555,158.575,20406.0,10,0.0
2024-12-06 04:00:00,158.575,158.66,158.374,158.513,22280.0,10,0.0
2024-12-06 08:00:00,158.512,159.357,158.365,159.27,35822.0,10,0.0
2024-12-06 12:00:00,159.27,159.576,158.695,158.705,47805.0,10,0.0
2024-12-06 16:00:00,158.703,158.772,158.09,158.225,53582.0,10,0.0
2024-12-06 20:00:00,158.225,158.577,158.173,158.495,16794.0,10,0.0
2024-12-09 00:00:00,158.241,158.549,158.017,158.186,17712.0,10,0.0
2024-12-09 04:00:00,158.187,158.317,157.861,158.024,26056.0,10,0.0
2024-12-09 08:00:00,158.025,159.084,158.007,158.933,41256.0,10,0.0
2024-12-09 12:00:00,158.924,159.584,158.916,159.566,39427.0,10,0.0
2024-12-09 16:00:00,159.563,159.993,159.389,159.903,38556.0,10,0.0
2024-12-09 20:00:00,159.906,159.906,159.448,159.553,16294.0,10,0.0
2024-12-10 00:00:00,159.457,159.884,159.407,159.678,19357.0,10,0.0
2024-12-10 04:00:00,159.678,159.696,159.372,159.418,29462.0,10,0.0
2024-12-10 08:00:00,159.419,160.068,159.388,159.646,38488.0,10,0.0
2024-12-10 12:00:00,159.647,159.887,159.453,159.61,39623.0,10,0.0
2024-12-10 16:00:00,159.611,159.906,159.532,159.862,43167.0,10,0.0
2024-12-10 20:00:00,159.864,159.99,159.812,159.958,19495.0,10,0.0
2024-12-11 00:00:00,159.876,159.973,159.731,159.818,14310.0,10,0.0
2024-12-11 04:00:00,159.823,159.834,159.44,159.7,25538.0,10,0.0
2024-12-11 08:00:00,159.701,160.389,158.64,160.321,48450.0,10,0.0
2024-12-11 12:00:00,160.321,160.687,160.027,160.273,42311.0,10,0.0
2024-12-11 16:00:00,160.266,160.317,159.565,159.931,52745.0,10,0.0
2024-12-11 20:00:00,159.931,160.156,159.879,160.0,20818.0,10,0.0
2024-12-12 00:00:00,159.857,160.023,159.646,159.667,18528.0,10,0.0
2024-12-12 04:00:00,159.666,160.317,159.642,160.214,24685.0,10,0.0
2024-12-12 08:00:00,160.213,160.544,160.127,160.306,45047.0,10,0.0
2024-12-12 12:00:00,160.305,160.341,159.284,159.402,48931.0,10,0.0
2024-12-12 16:00:00,159.407,160.234,159.104,159.884,58545.0,10,0.0
2024-12-12 20:00:00,159.887,160.004,159.722,159.751,24146.0,10,0.0
2024-12-13 00:00:00,159.729,160.253,159.628,159.875,19715.0,10,0.0
2024-12-13 04:00:00,159.875,160.114,159.718,160.005,24006.0,10,0.0
2024-12-13 08:00:00,160.005,160.998,159.743,160.884,37779.0,10,0.0
2024-12-13 12:00:00,160.885,161.553,160.829,161.124,42689.0,10,0.0
2024-12-13 16:00:00,161.125,161.502,160.958,161.317,39439.0,10,0.0
2024-12-13 20:00:00,161.317,161.43,161.231,161.332,15322.0,10,0.0
2024-12-16 00:00:00,161.026,161.909,160.987,161.891,17680.0,10,0.0
2024-12-16 04:00:00,161.891,161.985,161.597,161.643,16643.0,10,0.0
2024-12-16 08:00:00,161.643,161.726,161.162,161.573,34292.0,10,0.0
2024-12-16 12:00:00,161.573,161.863,161.208,161.843,32110.0,10,0.0
2024-12-16 16:00:00,161.845,162.205,161.614,162.033,37347.0,10,0.0
2024-12-16 20:00:00,162.033,162.098,161.922,162.027,14473.0,10,0.0
2024-12-17 00:00:00,161.893,162.47,161.891,162.127,14095.0,10,0.0
2024-12-17 04:00:00,162.127,162.141,161.8,161.908,18962.0,10,0.0
2024-12-17 08:00:00,161.909,161.974,161.11,161.27,37801.0,10,0.0
2024-12-17 12:00:00,161.27,161.647,161.143,161.534,39806.0,10,0.0
2024-12-17 16:00:00,161.533,161.564,160.884,160.929,46649.0,10,0.0
2024-12-17 20:00:00,160.927,161.081,160.767,161.037,19660.0,10,0.0
2024-12-18 00:00:00,160.869,161.482,160.869,161.3,14945.0,10,0.0
2024-12-18 04:00:00,161.3,161.452,161.025,161.062,17358.0,10,0.0
2024-12-18 08:00:00,161.06,161.388,161.047,161.229,32421.0,10,0.0
2024-12-18 12:00:00,161.225,161.559,161.144,161.415,33284.0,10,0.0
2024-12-18 16:00:00,161.414,161.502,161.106,161.132,39158.0,10,0.0
2024-12-18 20:00:00,161.133,161.428,159.805,160.251,57538.0,10,0.0
2024-12-19 00:00:00,160.141,160.759,159.852,160.492,25256.0,10,0.0
2024-12-19 04:00:00,160.483,161.401,160.276,161.153,25068.0,10,0.0
2024-12-19 08:00:00,161.148,163.67,160.908,163.518,56821.0,10,0.0
2024-12-19 12:00:00,163.517,163.551,162.842,163.171,50527.0,10,0.0
2024-12-19 16:00:00,163.168,163.799,163.168,163.394,61106.0,10,0.0
2024-12-19 20:00:00,163.394,163.51,163.027,163.106,25104.0,10,0.0
2024-12-20 00:00:00,162.965,163.658,162.852,162.991,26166.0,10,0.0
2024-12-20 04:00:00,162.99,163.068,162.523,162.782,34437.0,10,0.0
2024-12-20 08:00:00,162.792,163.185,162.341,162.717,53764.0,10,0.0
2024-12-20 12:00:00,162.717,163.038,162.647,162.892,47126.0,10,0.0
2024-12-20 16:00:00,162.89,162.988,162.509,162.76,64049.0,10,0.0
2024-12-20 20:00:00,162.76,163.163,162.736,163.01,28181.0,10,0.0
2024-12-23 00:00:00,162.983,163.412,162.949,163.253,18454.0,10,0.0
2024-12-23 04:00:00,163.24,163.561,163.17,163.519,16832.0,10,0.0
2024-12-23 08:00:00,163.517,163.597,162.902,163.062,30086.0,10,0.0
2024-12-23 12:00:00,163.062,163.525,162.844,163.469,31564.0,10,0.0
2024-12-23 16:00:00,163.481,163.564,163.183,163.389,40011.0,10,0.0
2024-12-23 20:00:00,163.39,163.618,163.386,163.496,15873.0,10,0.0
2024-12-24 00:00:00,163.401,163.595,163.217,163.378,13504.0,12,0.0
2024-12-24 04:00:00,163.377,163.466,163.019,163.151,14112.0,10,0.0
2024-12-24 08:00:00,163.152,163.298,163.062,163.167,19261.0,10,0.0
2024-12-24 12:00:00,163.165,163.45,163.088,163.438,22664.0,10,0.0
2024-12-24 16:00:00,163.439,163.629,163.274,163.338,28092.0,10,0.0
2024-12-24 20:00:00,163.337,163.494,163.139,163.293,10219.0,10,0.0
2024-12-26 00:00:00,163.418,163.749,163.309,163.669,12849.0,11,0.0
2024-12-26 04:00:00,163.667,163.775,163.574,163.604,12019.0,10,0.0
2024-12-26 08:00:00,163.603,163.725,163.478,163.71,19395.0,10,0.0
2024-12-26 12:00:00,163.71,164.199,163.693,164.191,15685.0,10,0.0
2024-12-26 16:00:00,164.19,164.699,164.114,164.55,28685.0,10,0.0
2024-12-26 20:00:00,164.551,164.754,164.508,164.677,18583.0,10,0.0
2024-12-27 00:00:00,164.466,164.656,164.308,164.32,15735.0,10,0.0
2024-12-27 04:00:00,164.33,164.341,164.025,164.272,18500.0,10,0.0
2024-12-27 08:00:00,164.27,164.606,164.162,164.522,24050.0,10,0.0
2024-12-27 12:00:00,164.524,164.772,164.319,164.772,32319.0,10,0.0
2024-12-27 16:00:00,164.776,164.838,164.177,164.536,41770.0,10,0.0
2024-12-27 20:00:00,164.536,164.767,164.492,164.507,14492.0,10,0.0
2024-12-30 00:00:00,164.473,164.765,164.427,164.538,8950.0,10,0.0
2024-12-30 04:00:00,164.54,164.703,164.459,164.607,11376.0,10,0.0
2024-12-30 08:00:00,164.607,164.902,164.408,164.757,28675.0,10,0.0
2024-12-30 12:00:00,164.758,164.865,163.564,163.61,35083.0,10,0.0
2024-12-30 16:00:00,163.611,163.995,162.804,163.38,51534.0,10,0.0
2024-12-30 20:00:00,163.383,163.449,163.068,163.228,19160.0,10,0.0
2024-12-31 00:00:00,163.206,163.433,162.795,162.905,12764.0,10,0.0
2024-12-31 04:00:00,162.906,162.932,162.493,162.573,14767.0,10,0.0
2024-12-31 08:00:00,162.573,163.303,162.448,163.223,28695.0,10,0.0
2024-12-31 12:00:00,163.223,163.401,162.925,163.208,32931.0,10,0.0
2024-12-31 16:00:00,163.205,163.207,162.612,162.877,54802.0,10,0.0
2024-12-31 20:00:00,162.873,163.104,162.72,162.779,21261.0,10,0.0
2025-01-02 00:00:00,162.652,163.312,162.613,163.15,20396.0,10,0.0
2025-01-02 04:00:00,163.152,163.196,162.779,162.932,16041.0,10,0.0
2025-01-02 08:00:00,162.932,162.932,161.959,162.308,40844.0,10,0.0
2025-01-02 12:00:00,162.305,162.554,161.697,161.747,47165.0,10,0.0
2025-01-02 16:00:00,161.737,161.986,160.893,161.741,66698.0,10,0.0
2025-01-02 20:00:00,161.742,161.81,161.493,161.702,28183.0,10,0.0
2025-01-03 00:00:00,161.472,161.753,161.443,161.483,12108.0,10,0.0
2025-01-03 04:00:00,161.482,161.719,161.435,161.571,15227.0,10,0.0
2025-01-03 08:00:00,161.571,161.913,161.385,161.814,31720.0,10,0.0
2025-01-03 12:00:00,161.817,161.991,161.614,161.788,30417.0,10,0.0
2025-01-03 16:00:00,161.789,162.072,161.626,161.849,47244.0,10,0.0
2025-01-03 20:00:00,161.849,162.21,161.784,162.083,16235.0,10,0.0
2025-01-06 00:00:00,161.917,162.555,161.906,162.54,17651.0,10,0.0
2025-01-06 04:00:00,162.54,162.813,162.514,162.65,18797.0,10,0.0
2025-01-06 08:00:00,162.644,163.512,162.49,163.348,34599.0,10,0.0
2025-01-06 12:00:00,163.351,164.022,162.928,163.137,64535.0,10,0.0
2025-01-06 16:00:00,163.138,163.838,162.594,163.611,57422.0,10,0.0
2025-01-06 20:00:00,163.611,163.81,163.488,163.75,20256.0,10,0.0
2025-01-07 00:00:00,163.566,164.4,163.505,164.341,18962.0,10,0.0
2025-01-07 04:00:00,164.346,164.385,164.106,164.122,19458.0,10,0.0
2025-01-07 08:00:00,164.122,164.439,163.795,164.33,41048.0,10,0.0
2025-01-07 12:00:00,164.332,164.55,163.816,163.92,36573.0,10,0.0
2025-01-07 16:00:00,163.917,164.23,163.388,163.484,58330.0,10,0.0
2025-01-07 20:00:00,163.484,163.496,163.209,163.457,22087.0,10,0.0
2025-01-08 00:00:00,163.355,163.687,163.327,163.541,17207.0,10,0.0
2025-01-08 04:00:00,163.54,163.809,163.513,163.786,15014.0,10,0.0
2025-01-08 08:00:00,163.785,163.799,163.121,163.213,38652.0,10,0.0
2025-01-08 12:00:00,163.208,163.392,162.838,163.02,55227.0,10,0.0
2025-01-08 16:00:00,163.019,163.306,162.933,163.225,52194.0,10,0.0
2025-01-08 20:00:00,163.223,163.508,163.184,163.402,25437.0,10,0.0
2025-01-09 00:00:00,163.291,163.41,163.033,163.087,15129.0,10,0.0
2025-01-09 04:00:00,163.075,163.136,162.628,162.91,20145.0,10,0.0
2025-01-09 08:00:00,162.91,163.118,162.672,162.922,40613.0,10,0.0
2025-01-09 12:00:00,162.922,162.96,162.371,162.516,34795.0,10,0.0
2025-01-09 16:00:00,162.516,162.842,162.515,162.813,28220.0,10,0.0
2025-01-09 20:00:00,162.812,162.918,162.793,162.857,7035.0,10,0.0
2025-01-10 00:00:00,162.841,162.977,162.613,162.908,16649.0,10,0.0
2025-01-10 04:00:00,162.909,163.118,162.903,162.947,18075.0,10,0.0
2025-01-10 08:00:00,162.948,163.188,162.366,162.672,36203.0,10,0.0
2025-01-10 12:00:00,162.673,162.95,162.251,162.622,43774.0,10,0.0
2025-01-10 16:00:00,162.619,162.771,161.206,161.53,68361.0,10,0.0
2025-01-10 20:00:00,161.528,161.783,161.492,161.53,22300.0,10,0.0
2025-01-13 00:00:00,161.429,161.779,161.076,161.252,17503.0,10,0.0
2025-01-13 04:00:00,161.252,161.471,160.662,160.857,24767.0,10,0.0
2025-01-13 08:00:00,160.857,161.196,160.031,160.147,45705.0,10,0.0
2025-01-13 12:00:00,160.146,160.678,160.081,160.469,42636.0,10,0.0
2025-01-13 16:00:00,160.471,160.977,160.317,160.757,47320.0,10,0.0
2025-01-13 20:00:00,160.758,161.317,160.71,161.304,18472.0,10,0.0
2025-01-14 00:00:00,161.297,161.868,160.946,161.356,26707.0,10,0.0
2025-01-14 04:00:00,161.357,161.752,161.263,161.438,24015.0,10,0.0
2025-01-14 08:00:00,161.438,162.137,161.359,162.033,41813.0,10,0.0
2025-01-14 12:00:00,162.033,162.128,161.576,161.769,42207.0,10,0.0
2025-01-14 16:00:00,161.771,162.726,161.715,162.684,55641.0,10,0.0
2025-01-14 20:00:00,162.683,162.836,162.578,162.836,18263.0,10,0.0
2025-01-15 00:00:00,162.8,162.891,162.558,162.637,16811.0,10,0.0
2025-01-15 04:00:00,162.638,162.695,161.898,161.932,24550.0,10,0.0
2025-01-15 08:00:00,161.931,162.119,161.53,161.722,41242.0,10,0.0
2025-01-15 12:00:00,161.726,161.963,161.539,161.783,42970.0,10,0.0
2025-01-15 16:00:00,161.784,161.814,160.776,161.025,61213.0,10,0.0
2025-01-15 20:00:00,161.031,161.12,160.969,160.993,17135.0,10,0.0
2025-01-16 00:00:00,160.931,161.085,159.995,160.053,21487.0,10,0.0
2025-01-16 04:00:00,160.05,160.532,159.737,160.52,29063.0,10,0.0
2025-01-16 08:00:00,160.52,160.884,160.055,160.137,37948.0,10,0.0
2025-01-16 12:00:00,160.137,160.517,160.035,160.295,37791.0,10,0.0
2025-01-16 16:00:00,160.298,160.556,159.82,159.873,58646.0,10,0.0
2025-01-16 20:00:00,159.872,160.053,159.757,159.813,18716.0,10,0.0
2025-01-17 00:00:00,159.724,160.149,159.697,159.944,19054.0,10,0.0
2025-01-17 04:00:00,159.944,160.207,159.918,160.121,23211.0,10,0.0
2025-01-17 08:00:00,160.122,160.501,159.891,160.348,36944.0,10,0.0
2025-01-17 12:00:00,160.345,160.531,160.025,160.197,34917.0,10,0.0
2025-01-17 16:00:00,160.197,161.007,159.947,160.645,51831.0,10,0.0
2025-01-17 20:00:00,160.645,160.693,160.417,160.479,18799.0,10,0.0
2025-01-20 00:00:00,160.528,160.794,160.311,160.456,15211.0,10,0.0
2025-01-20 04:00:00,160.456,160.783,160.396,160.778,18968.0,10,0.0
2025-01-20 08:00:00,160.778,161.176,160.715,161.065,32799.0,10,0.0
2025-01-20 12:00:00,161.067,162.118,161.067,161.919,39788.0,10,0.0
2025-01-20 16:00:00,161.915,162.313,161.529,161.832,56438.0,10,0.0
2025-01-20 20:00:00,161.827,162.257,161.796,162.098,29785.0,10,0.0
2025-01-21 00:00:00,161.896,162.121,161.21,161.296,38141.0,10,0.0
2025-01-21 04:00:00,161.295,161.349,160.957,161.2,36107.0,10,0.0
2025-01-21 08:00:00,161.202,161.6,161.181,161.411,44759.0,10,0.0
2025-01-21 12:00:00,161.411,161.514,161.237,161.365,40872.0,10,0.0
2025-01-21 16:00:00,161.376,162.178,161.303,162.125,46991.0,10,0.0
2025-01-21 20:00:00,162.124,162.223,162.011,162.163,17966.0,10,0.0
2025-01-22 00:00:00,162.075,162.21,161.848,162.061,24645.0,10,0.0
2025-01-22 04:00:00,162.061,162.382,162.029,162.307,18985.0,10,0.0
2025-01-22 08:00:00,162.307,162.632,162.053,162.622,38209.0,10,0.0
2025-01-22 12:00:00,162.623,162.895,162.528,162.615,32591.0,10,0.0
2025-01-22 16:00:00,162.616,163.216,162.42,163.146,38801.0,10,0.0
2025-01-22 20:00:00,163.149,163.155,162.914,162.93,15053.0,10,0.0
2025-01-23 00:00:00,162.887,162.892,162.718,162.865,18534.0,10,0.0
2025-01-23 04:00:00,162.865,163.126,162.741,163.053,18579.0,10,0.0
2025-01-23 08:00:00,163.053,163.093,162.626,162.813,34189.0,10,0.0
2025-01-23 12:00:00,162.815,162.942,162.503,162.613,33257.0,10,0.0
2025-01-23 16:00:00,162.616,162.834,162.195,162.703,45988.0,10,0.0
2025-01-23 20:00:00,162.703,162.709,162.36,162.515,16051.0,10,0.0
2025-01-24 00:00:00,162.49,162.821,162.426,162.807,15938.0,10,0.0
2025-01-24 04:00:00,162.817,163.255,161.914,162.363,37904.0,10,0.0
2025-01-24 08:00:00,162.363,163.333,162.079,163.273,50598.0,10,0.0
2025-01-24 12:00:00,163.272,163.993,163.247,163.649,34596.0,10,0.0
2025-01-24 16:00:00,163.646,164.08,163.563,163.7,46844.0,10,0.0
2025-01-24 20:00:00,163.698,163.771,163.493,163.606,15564.0,10,0.0
2025-01-27 00:00:00,163.109,163.347,162.602,162.677,21718.0,10,0.0
2025-01-27 04:00:00,162.677,163.295,162.616,163.286,20917.0,10,0.0
2025-01-27 08:00:00,163.286,163.457,162.068,162.153,49271.0,10,0.0
2025-01-27 12:00:00,162.152,162.403,161.537,162.221,56750.0,10,0.0
2025-01-27 16:00:00,162.226,162.381,161.729,161.837,49475.0,10,0.0
2025-01-27 20:00:00,161.833,162.321,161.78,162.079,27407.0,10,0.0
2025-01-28 00:00:00,162.06,162.518,161.559,162.295,32558.0,10,0.0
2025-01-28 04:00:00,162.285,162.674,162.173,162.495,27482.0,10,0.0
2025-01-28 08:00:00,162.496,162.7,162.126,162.209,41291.0,10,0.0
2025-01-28 12:00:00,162.21,162.269,161.781,162.09,33837.0,10,0.0
2025-01-28 16:00:00,162.092,162.444,161.753,162.262,42229.0,10,0.0
2025-01-28 20:00:00,162.265,162.373,162.181,162.218,18479.0,10,0.0
2025-01-29 00:00:00,162.146,162.482,162.127,162.362,16225.0,10,0.0
2025-01-29 04:00:00,162.36,162.449,161.825,161.847,18704.0,10,0.0
2025-01-29 08:00:00,161.854,162.193,161.596,161.614,38607.0,10,0.0
2025-01-29 12:00:00,161.612,161.758,161.304,161.451,35839.0,10,0.0
2025-01-29 16:00:00,161.45,161.818,161.373,161.59,39357.0,10,0.0
2025-01-29 20:00:00,161.591,161.844,161.539,161.758,38837.0,10,0.0
2025-01-30 00:00:00,161.579,161.78,160.978,161.135,21769.0,10,0.0
2025-01-30 04:00:00,161.135,161.204,160.838,161.004,25483.0,10,0.0
2025-01-30 08:00:00,161.0,161.182,160.604,160.74,34807.0,10,0.0
2025-01-30 12:00:00,160.734,160.969,160.228,160.92,40333.0,10,0.0
2025-01-30 16:00:00,160.911,161.088,160.484,160.734,45334.0,10,0.0
2025-01-30 20:00:00,160.735,161.033,160.203,160.299,26987.0,10,0.0
2025-01-31 00:00:00,160.206,160.468,159.898,160.08,21499.0,10,0.0
2025-01-31 04:00:00,160.08,160.863,159.965,160.727,24148.0,10,0.0
2025-01-31 08:00:00,160.728,161.046,160.176,160.648,40086.0,10,0.0
2025-01-31 12:00:00,160.648,161.005,160.385,160.713,36943.0,10,0.0
2025-01-31 16:00:00,160.713,161.499,160.204,161.26,55078.0,10,0.0
2025-01-31 20:00:00,161.26,161.347,160.48,160.736,43640.0,10,0.0
2025-02-03 00:00:00,158.476,159.716,158.38,159.404,46642.0,10,0.0
2025-02-03 04:00:00,159.405,159.461,158.934,159.314,36939.0,10,0.0
2025-02-03 08:00:00,159.315,159.378,158.517,158.565,47097.0,10,0.0
2025-02-03 12:00:00,158.566,158.944,158.361,158.733,45191.0,10,0.0
2025-02-03 16:00:00,158.735,159.819,157.968,158.974,69016.0,10,0.0
2025-02-03 20:00:00,158.97,160.136,158.807,160.052,26305.0,10,0.0
2025-02-04 00:00:00,159.835,160.465,159.826,160.105,24704.0,10,0.0
2025-02-04 04:00:00,160.109,160.213,159.183,159.794,30865.0,10,0.0
2025-02-04 08:00:00,159.796,160.654,159.74,160.6,41648.0,10,0.0
2025-02-04 12:00:00,160.598,160.64,160.181,160.547,30344.0,10,0.0
2025-02-04 16:00:00,160.547,160.7,160.002,160.077,49073.0,10,0.0
2025-02-04 20:00:00,160.075,160.233,160.045,160.178,19885.0,10,0.0
2025-02-05 00:00:00,160.128,160.291,159.268,159.336,25363.0,10,0.0
2025-02-05 04:00:00,159.331,159.375,158.932,159.223,25735.0,10,0.0
2025-02-05 08:00:00,159.221,159.54,158.88,159.01,39292.0,10,0.0
2025-02-05 12:00:00,159.011,159.443,158.847,159.284,35861.0,10,0.0
2025-02-05 16:00:00,159.284,159.6,158.494,158.685,44087.0,10,0.0
2025-02-05 20:00:00,158.684,158.926,158.632,158.719,18996.0,10,0.0
2025-02-06 00:00:00,158.679,158.841,157.916,158.135,22269.0,10,0.0
2025-02-06 04:00:00,158.135,158.414,158.043,158.306,22471.0,10,0.0
2025-02-06 08:00:00,158.303,158.608,158.08,158.146,34302.0,10,0.0
2025-02-06 12:00:00,158.149,158.166,157.5,157.562,40405.0,10,0.0
2025-02-06 16:00:00,157.56,157.761,157.229,157.632,41267.0,10,0.0
2025-02-06 20:00:00,157.632,157.692,157.034,157.246,21391.0,10,0.0
2025-02-07 00:00:00,157.192,157.406,156.756,157.396,21248.0,10,0.0
2025-02-07 04:00:00,157.397,157.59,157.271,157.417,22858.0,10,0.0
2025-02-07 08:00:00,157.416,157.895,157.252,157.768,29113.0,10,0.0
2025-02-07 12:00:00,157.769,158.015,157.301,157.483,34708.0,10,0.0
2025-02-07 16:00:00,157.483,157.645,155.866,156.549,67721.0,10,0.0
2025-02-07 20:00:00,156.549,156.678,156.208,156.374,22915.0,10,0.0
2025-02-10 00:00:00,155.671,156.822,155.555,156.62,28255.0,10,0.0
2025-02-10 04:00:00,156.619,156.923,156.563,156.762,21070.0,10,0.0
2025-02-10 08:00:00,156.762,157.416,156.549,157.176,37333.0,10,0.0
2025-02-10 12:00:00,157.172,157.295,156.727,156.75,29895.0,10,0.0
2025-02-10 16:00:00,156.75,156.761,156.288,156.615,32678.0,10,0.0
2025-02-10 20:00:00,156.615,156.769,156.581,156.65,13490.0,10,0.0
2025-02-11 00:00:00,156.584,156.677,156.251,156.606,15607.0,10,0.0
2025-02-11 04:00:00,156.608,156.629,156.374,156.58,14200.0,10,0.0
2025-02-11 08:00:00,156.586,156.821,156.323,156.778,30704.0,10,0.0
2025-02-11 12:00:00,156.775,157.359,156.769,157.217,30255.0,10,0.0
2025-02-11 16:00:00,157.213,157.801,157.161,157.629,38864.0,10,0.0
2025-02-11 20:00:00,157.629,158.195,157.573,157.979,23156.0,10,0.0
2025-02-12 00:00:00,157.87,159.004,157.866,159.004,20324.0,10,0.0
2025-02-12 04:00:00,159.004,159.311,158.94,159.043,21808.0,10,0.0
2025-02-12 08:00:00,159.04,159.665,158.967,159.25,32881.0,10,0.0
2025-02-12 12:00:00,159.255,159.567,158.959,159.555,39500.0,10,0.0
2025-02-12 16:00:00,159.557,160.944,159.398,160.928,55867.0,10,0.0
2025-02-12 20:00:00,160.925,160.963,160.265,160.299,25301.0,10,0.0
2025-02-13 00:00:00,160.265,160.667,160.188,160.42,20771.0,10,0.0
2025-02-13 04:00:00,160.421,161.19,160.376,160.872,25204.0,10,0.0
2025-02-13 08:00:00,160.881,160.955,160.281,160.493,43394.0,10,0.0
2025-02-13 12:00:00,160.494,160.575,159.43,159.541,44862.0,10,0.0
2025-02-13 16:00:00,159.542,160.352,159.316,159.683,51176.0,10,0.0
2025-02-13 20:00:00,159.678,159.924,159.01,159.878,32407.0,10,0.0
2025-02-14 00:00:00,159.896,160.155,159.472,159.575,23078.0,10,0.0
2025-02-14 04:00:00,159.58,159.977,159.427,159.523,18475.0,10,0.0
2025-02-14 08:00:00,159.516,160.19,159.445,159.843,36768.0,10,0.0
2025-02-14 12:00:00,159.842,160.262,159.539,159.606,37535.0,10,0.0
2025-02-14 16:00:00,159.604,160.036,159.587,160.015,41206.0,10,0.0
2025-02-14 20:00:00,160.016,160.065,159.678,159.772,17745.0,10,0.0
2025-02-17 00:00:00,159.578,159.826,159.206,159.575,20791.0,10,0.0
2025-02-17 04:00:00,159.575,159.599,158.91,158.946,23033.0,10,0.0
2025-02-17 08:00:00,158.947,159.278,158.901,159.003,35017.0,10,0.0
2025-02-17 12:00:00,159.004,159.115,158.537,158.658,23627.0,10,0.0
2025-02-17 16:00:00,158.656,158.783,158.529,158.687,14461.0,10,0.0
2025-02-17 20:00:00,158.685,158.852,158.646,158.819,7128.0,10,0.0
2025-02-18 00:00:00,158.655,158.991,158.526,158.804,19588.0,10,0.0
2025-02-18 04:00:00,158.806,159.183,158.77,158.924,23560.0,10,0.0
2025-02-18 08:00:00,158.921,159.197,158.804,158.873,28928.0,10,0.0
2025-02-18 12:00:00,158.883,158.911,158.39,158.44,25864.0,10,0.0
2025-02-18 16:00:00,158.441,158.836,158.368,158.705,31066.0,10,0.0
2025-02-18 20:00:00,158.705,158.919,158.541,158.837,16526.0,10,0.0
2025-02-19 00:00:00,158.73,158.945,158.493,158.927,19684.0,10,0.0
2025-02-19 04:00:00,158.928,159.134,158.58,158.68,21936.0,10,0.0
2025-02-19 08:00:00,158.679,158.72,158.113,158.165,30228.0,10,0.0
2025-02-19 12:00:00,158.166,158.486,158.08,158.277,31128.0,10,0.0
2025-02-19 16:00:00,158.279,158.292,157.708,157.927,34555.0,10,0.0
2025-02-19 20:00:00,157.926,158.069,157.856,157.882,17375.0,10,0.0
2025-02-20 00:00:00,157.712,157.836,156.947,156.989,25765.0,10,0.0
2025-02-20 04:00:00,156.989,157.338,156.668,156.84,28388.0,10,0.0
2025-02-20 08:00:00,156.841,156.988,156.318,156.883,33525.0,10,0.0
2025-02-20 12:00:00,156.884,156.884,156.492,156.814,31039.0,10,0.0
2025-02-20 16:00:00,156.813,156.962,156.317,156.79,44163.0,10,0.0
2025-02-20 20:00:00,156.787,157.325,156.77,157.118,18251.0,10,0.0
2025-02-21 00:00:00,156.925,157.772,156.826,157.666,28719.0,10,0.0
2025-02-21 04:00:00,157.668,158.224,157.582,157.777,26627.0,10,0.0
2025-02-21 08:00:00,157.776,158.163,157.405,157.536,41351.0,10,0.0
2025-02-21 12:00:00,157.533,157.686,157.264,157.586,29393.0,10,0.0
2025-02-21 16:00:00,157.585,157.638,156.089,156.129,47099.0,10,0.0
2025-02-21 20:00:00,156.129,156.202,155.812,156.115,37303.0,10,0.0
2025-02-24 00:00:00,156.194,156.996,156.099,156.964,30280.0,10,0.0
2025-02-24 04:00:00,156.971,157.256,156.845,157.117,25378.0,10,0.0
2025-02-24 08:00:00,157.115,157.168,156.352,156.617,42496.0,10,0.0
2025-02-24 12:00:00,156.616,156.896,156.563,156.756,30580.0,10,0.0
2025-02-24 16:00:00,156.756,156.859,156.083,156.644,53353.0,10,0.0
2025-02-24 20:00:00,156.643,156.989,156.579,156.695,27567.0,10,0.0
2025-02-25 00:00:00,156.587,157.241,156.585,157.027,22094.0,10,0.0
2025-02-25 04:00:00,157.026,157.094,156.545,156.852,22143.0,10,0.0
2025-02-25 08:00:00,156.85,156.974,156.084,156.674,44635.0,10,0.0
2025-02-25 12:00:00,156.674,157.309,156.654,156.911,37773.0,10,0.0
2025-02-25 16:00:00,156.911,156.971,156.167,156.559,56689.0,10,0.0
2025-02-25 20:00:00,156.558,156.93,156.555,156.686,33123.0,10,0.0
2025-02-26 00:00:00,156.568,156.919,156.411,156.912,23082.0,10,0.0
2025-02-26 04:00:00,156.918,157.095,156.742,156.781,25142.0,10,0.0
2025-02-26 08:00:00,156.778,157.048,156.665,156.785,37062.0,10,0.0
2025-02-26 12:00:00,156.787,157.021,156.613,156.775,33876.0,10,0.0
2025-02-26 16:00:00,156.776,157.125,156.331,156.489,57420.0,10,0.0
2025-02-26 20:00:00,156.488,156.54,156.026,156.305,33734.0,10,0.0
2025-02-27 00:00:00,156.25,156.544,155.991,156.503,22107.0,10,0.0
2025-02-27 04:00:00,156.512,156.536,155.947,156.288,25007.0,10,0.0
2025-02-27 08:00:00,156.288,157.216,156.19,157.094,35678.0,10,0.0
2025-02-27 12:00:00,157.094,157.171,155.96,156.059,41673.0,10,0.0
2025-02-27 16:00:00,156.049,156.578,155.749,156.077,70162.0,10,0.0
2025-02-27 20:00:00,156.076,156.397,155.657,155.739,36190.0,10,0.0
2025-02-28 00:00:00,155.695,156.061,155.035,155.044,27776.0,10,0.0
2025-02-28 04:00:00,155.041,155.71,154.792,155.653,31217.0,10,0.0
2025-02-28 08:00:00,155.653,156.782,155.599,156.19,43219.0,10,0.0
2025-02-28 12:00:00,156.19,157.16,156.179,156.778,39311.0,10,0.0
2025-02-28 16:00:00,156.78,157.115,156.264,156.318,71827.0,10,0.0
2025-02-28 20:00:00,156.315,156.413,155.766,156.23,43136.0,10,0.0
2025-03-03 00:00:00,156.739,157.29,156.567,156.719,34376.0,10,0.0
2025-03-03 04:00:00,156.723,156.817,156.437,156.645,31718.0,10,0.0
2025-03-03 08:00:00,156.644,156.805,155.917,156.76,47318.0,10,0.0
2025-03-03 12:00:00,156.759,158.467,156.759,158.095,53368.0,10,0.0
2025-03-03 16:00:00,158.094,158.199,157.444,157.544,66236.0,10,0.0
2025-03-03 20:00:00,157.544,157.694,156.083,156.778,56867.0,10,0.0
2025-03-04 00:00:00,156.807,156.915,155.928,156.202,37695.0,10,0.0
2025-03-04 04:00:00,156.203,156.641,156.05,156.608,42241.0,10,0.0
2025-03-04 08:00:00,156.608,157.208,156.243,156.679,65733.0,9,0.0
2025-03-04 12:00:00,156.673,156.679,156.08,156.195,64055.0,9,0.0
2025-03-04 16:00:00,156.194,156.921,155.585,156.802,93235.0,9,0.0
2025-03-04 20:00:00,156.802,159.209,156.752,159.139,65174.0,9,0.0
2025-03-05 00:00:00,158.991,159.545,158.727,159.162,36885.0,9,0.0
2025-03-05 04:00:00,159.156,159.328,158.74,159.169,41725.0,9,0.0
2025-03-05 08:00:00,159.168,160.113,158.948,160.003,65845.0,9,0.0
2025-03-05 12:00:00,160.012,160.183,159.463,159.688,66837.0,9,0.0
2025-03-05 16:00:00,159.696,160.601,159.516,160.548,97407.0,9,0.0
2025-03-05 20:00:00,160.552,160.725,160.219,160.626,49314.0,9,0.0
2025-03-06 00:00:00,160.594,161.275,160.455,161.139,23557.0,9,0.0
2025-03-06 04:00:00,161.137,161.234,160.898,161.003,32842.0,9,0.0
2025-03-06 08:00:00,161.002,161.053,159.398,159.712,72047.0,9,0.0
2025-03-06 12:00:00,159.712,159.963,159.159,159.596,66717.0,9,0.0
2025-03-06 16:00:00,159.598,160.714,159.418,159.705,98267.0,9,0.0
2025-03-06 20:00:00,159.704,159.827,159.121,159.593,54494.0,9,0.0
2025-03-07 00:00:00,159.572,159.821,159.321,159.586,28497.0,9,0.0
2025-03-07 04:00:00,159.588,159.766,159.271,159.448,32851.0,9,0.0
2025-03-07 08:00:00,159.448,160.327,159.367,160.14,59711.0,9,0.0
2025-03-07 12:00:00,160.138,160.565,159.639,159.661,60159.0,9,0.0
2025-03-07 16:00:00,159.668,160.764,159.426,159.92,96211.0,9,0.0
2025-03-07 20:00:00,159.927,160.661,159.91,160.36,49364.0,9,0.0
2025-03-10 00:00:00,160.054,160.373,159.778,159.986,36738.0,9,0.0
2025-03-10 04:00:00,159.985,160.103,159.834,159.84,30047.0,9,0.0
2025-03-10 08:00:00,159.84,160.229,159.038,159.763,60381.0,9,0.0
2025-03-10 12:00:00,159.764,159.912,158.888,159.349,72063.0,9,0.0
2025-03-10 16:00:00,159.347,159.695,158.931,159.4,78935.0,9,0.0
2025-03-10 20:00:00,159.398,159.632,159.151,159.426,38231.0,9,0.0
2025-03-11 00:00:00,159.431,159.457,158.972,159.403,40261.0,9,0.0
2025-03-11 04:00:00,159.403,159.831,159.344,159.568,42093.0,9,0.0
2025-03-11 08:00:00,159.568,160.925,159.536,160.756,62362.0,9,0.0
2025-03-11 12:00:00,160.755,161.733,160.507,161.384,62615.0,9,0.0
2025-03-11 16:00:00,161.386,161.598,160.626,160.939,90633.0,9,0.0
2025-03-11 20:00:00,160.937,161.785,160.905,161.199,47069.0,9,0.0
2025-03-12 00:00:00,161.197,161.683,161.19,161.45,28485.0,9,0.0
2025-03-12 04:00:00,161.451,161.61,161.204,161.429,32917.0,9,0.0
2025-03-12 08:00:00,161.429,162.329,161.323,162.193,54141.0,9,0.0
2025-03-12 12:00:00,162.194,162.357,161.665,161.821,62478.0,9,0.0
2025-03-12 16:00:00,161.82,162.153,161.551,161.56,65979.0,9,0.0
2025-03-12 20:00:00,161.56,161.676,161.34,161.349,26493.0,9,0.0
2025-03-13 00:00:00,161.363,161.495,161.221,161.287,21904.0,9,0.0
2025-03-13 04:00:00,161.284,161.512,160.735,160.799,28743.0,9,0.0
2025-03-13 08:00:00,160.799,161.206,160.414,161.175,52133.0,9,0.0
2025-03-13 12:00:00,161.177,161.265,160.355,160.658,59996.0,9,0.0
2025-03-13 16:00:00,160.657,160.988,160.055,160.242,67881.0,9,0.0
2025-03-13 20:00:00,160.242,160.457,160.16,160.342,27331.0,9,0.0
2025-03-14 00:00:00,160.374,160.986,160.371,160.633,24558.0,9,0.0
2025-03-14 04:00:00,160.631,161.202,160.596,161.098,25195.0,9,0.0
2025-03-14 08:00:00,161.098,161.734,161.02,161.664,47094.0,9,0.0
2025-03-14 12:00:00,161.667,162.33,161.544,161.674,56421.0,9,0.0
2025-03-14 16:00:00,161.64,162.034,161.278,161.532,57483.0,9,0.0
2025-03-14 20:00:00,161.533,161.801,161.492,161.665,15986.0,9,0.0
2025-03-17 00:00:00,161.777,161.945,161.542,161.736,26034.0,9,0.0
2025-03-17 04:00:00,161.738,162.26,161.636,162.05,24524.0,9,0.0
2025-03-17 08:00:00,162.05,162.201,161.718,162.039,40680.0,9,0.0
2025-03-17 12:00:00,162.039,162.563,161.731,162.297,45389.0,9,0.0
2025-03-17 16:00:00,162.296,162.629,162.11,162.605,46339.0,9,0.0
2025-03-17 20:00:00,162.605,163.048,162.565,162.894,20880.0,9,0.0
2025-03-18 00:00:00,162.876,163.225,162.874,163.084,20124.0,9,0.0
2025-03-18 04:00:00,163.083,163.362,163.079,163.34,17955.0,9,0.0
2025-03-18 08:00:00,163.34,164.185,163.331,164.021,34360.0,9,0.0
2025-03-18 12:00:00,164.026,164.06,163.197,163.256,45799.0,9,0.0
2025-03-18 16:00:00,163.255,163.586,163.01,163.434,54254.0,9,0.0
2025-03-18 20:00:00,163.439,163.51,163.173,163.361,21350.0,9,0.0
2025-03-19 00:00:00,163.347,163.674,163.286,163.495,18899.0,9,0.0
2025-03-19 04:00:00,163.496,163.746,163.265,163.745,18366.0,9,0.0
2025-03-19 08:00:00,163.747,163.883,162.187,163.307,46129.0,9,0.0
2025-03-19 12:00:00,163.306,163.617,163.098,163.527,35439.0,9,0.0
2025-03-19 16:00:00,163.526,163.658,162.843,162.988,37464.0,9,0.0
2025-03-19 20:00:00,163.012,163.1,162.069,162.266,44641.0,9,0.0
2025-03-20 00:00:00,162.263,162.322,161.666,161.739,20954.0,9,0.0
2025-03-20 04:00:00,161.738,161.973,161.634,161.658,19163.0,9,0.0
2025-03-20 08:00:00,161.65,161.754,161.147,161.417,39361.0,9,0.0
2025-03-20 12:00:00,161.419,161.423,160.735,161.065,46996.0,9,0.0
2025-03-20 16:00:00,161.061,161.595,160.984,161.331,47971.0,9,0.0
2025-03-20 20:00:00,161.331,161.563,161.296,161.486,18910.0,9,0.0
2025-03-21 00:00:00,161.503,161.913,161.298,161.799,21712.0,9,0.0
2025-03-21 04:00:00,161.797,161.968,161.547,161.945,22945.0,9,0.0
2025-03-21 08:00:00,161.946,162.131,161.601,161.718,36417.0,9,0.0
2025-03-21 12:00:00,161.72,161.944,160.903,161.258,46625.0,9,0.0
2025-03-21 16:00:00,161.259,161.603,160.736,161.504,49537.0,9,0.0
2025-03-21 20:00:00,161.5,161.568,161.374,161.437,17080.0,9,0.0
2025-03-24 00:00:00,161.607,162.311,161.586,162.192,23732.0,9,0.0
2025-03-24 04:00:00,162.193,162.32,161.992,162.102,19410.0,9,0.0
2025-03-24 08:00:00,162.1,162.576,161.939,162.118,40860.0,9,0.0
2025-03-24 12:00:00,162.121,162.398,162.0,162.156,39181.0,9,0.0
2025-03-24 16:00:00,162.151,162.816,162.125,162.468,43781.0,9,0.0
2025-03-24 20:00:00,162.468,162.828,162.364,162.722,17543.0,9,0.0
2025-03-25 00:00:00,162.752,163.026,162.693,162.752,20539.0,9,0.0
2025-03-25 04:00:00,162.753,162.842,162.507,162.509,18782.0,9,0.0
2025-03-25 08:00:00,162.509,162.667,162.321,162.538,35222.0,9,0.0
2025-03-25 12:00:00,162.537,162.68,162.008,162.018,39258.0,9,0.0
2025-03-25 16:00:00,162.018,162.067,161.621,161.87,40417.0,9,0.0
2025-03-25 20:00:00,161.866,161.903,161.728,161.746,15459.0,9,0.0
2025-03-26 00:00:00,161.743,162.116,161.676,161.984,18742.0,9,0.0
2025-03-26 04:00:00,161.984,162.392,161.957,162.289,17638.0,9,0.0
2025-03-26 08:00:00,162.29,162.436,161.964,162.059,35194.0,9,0.0
2025-03-26 12:00:00,162.058,162.271,161.974,162.053,36627.0,9,0.0
2025-03-26 16:00:00,162.053,162.61,161.633,161.805,51275.0,9,0.0
2025-03-26 20:00:00,161.804,162.006,161.575,161.586,21514.0,9,0.0
2025-03-27 00:00:00,161.602,161.873,161.357,161.607,25973.0,9,0.0
2025-03-27 04:00:00,161.607,161.984,161.604,161.795,20654.0,9,0.0
2025-03-27 08:00:00,161.794,162.563,161.668,162.56,46526.0,9,0.0
2025-03-27 12:00:00,162.56,162.989,162.399,162.644,46075.0,9,0.0
2025-03-27 16:00:00,162.637,163.365,162.602,163.008,51097.0,9,0.0
2025-03-27 20:00:00,163.01,163.19,163.001,163.081,16231.0,9,0.0
2025-03-28 00:00:00,163.057,163.17,162.669,162.716,20758.0,9,0.0
2025-03-28 04:00:00,162.717,162.861,162.655,162.691,19101.0,9,0.0
2025-03-28 08:00:00,162.701,162.733,162.066,162.231,33943.0,9,0.0
2025-03-28 12:00:00,162.231,162.846,162.169,162.632,44909.0,9,0.0
2025-03-28 16:00:00,162.626,162.928,162.155,162.274,53615.0,9,0.0
2025-03-28 20:00:00,162.274,162.396,162.066,162.216,18291.0,9,0.0
2025-03-31 00:00:00,162.124,162.171,161.481,161.866,26668.0,9,0.0
2025-03-31 04:00:00,161.872,161.964,161.169,161.514,33162.0,9,0.0
2025-03-31 08:00:00,161.515,161.749,161.038,161.382,52505.0,9,0.0
2025-03-31 12:00:00,161.379,161.722,161.255,161.622,42993.0,9,0.0
2025-03-31 16:00:00,161.619,162.184,161.415,162.062,63054.0,9,0.0
2025-03-31 20:00:00,162.062,162.482,162.048,162.197,31254.0,9,0.0
2025-04-01 00:00:00,162.192,162.381,162.028,162.093,19271.0,9,0.0
2025-04-01 04:00:00,162.09,162.24,161.896,161.901,23703.0,9,0.0
2025-04-01 08:00:00,161.901,162.135,161.525,161.896,40841.0,9,0.0
2025-04-01 12:00:00,161.897,162.028,160.774,161.145,45596.0,9,0.0
2025-04-01 16:00:00,161.145,161.653,161.004,161.471,64093.0,9,0.0
2025-04-01 20:00:00,161.472,161.572,161.063,161.468,33946.0,9,0.0
2025-04-02 00:00:00,161.337,161.928,161.316,161.633,19693.0,9,0.0
2025-04-02 04:00:00,161.633,161.868,161.621,161.781,20903.0,9,0.0
2025-04-02 08:00:00,161.781,161.898,161.364,161.591,33748.0,9,0.0
2025-04-02 12:00:00,161.589,161.69,161.111,161.394,42863.0,9,0.0
2025-04-02 16:00:00,161.394,163.036,161.336,162.99,62315.0,9,0.0
2025-04-02 20:00:00,162.99,164.179,161.379,161.994,57974.0,9,0.0
2025-04-03 00:00:00,161.795,161.874,160.098,161.055,58041.0,9,0.0
2025-04-03 04:00:00,161.056,161.392,160.629,160.93,53039.0,9,0.0
2025-04-03 08:00:00,160.931,161.961,160.838,161.63,73605.0,9,0.0
2025-04-03 12:00:00,161.624,163.058,161.433,161.672,80670.0,9,0.0
2025-04-03 16:00:00,161.671,162.111,161.102,161.334,102982.0,9,0.0
2025-04-03 20:00:00,161.337,161.678,160.981,161.443,58473.0,9,0.0
2025-04-04 00:00:00,161.384,161.69,160.938,161.442,34949.0,9,0.0
2025-04-04 04:00:00,161.442,162.0,161.159,161.236,52112.0,9,0.0
2025-04-04 08:00:00,161.235,161.724,160.654,160.998,81098.0,9,0.0
2025-04-04 12:00:00,161.0,161.036,159.576,160.446,120947.0,9,0.0
2025-04-04 16:00:00,160.448,161.002,159.015,160.967,127892.0,9,0.0
2025-04-04 20:00:00,160.97,161.405,160.43,161.036,87540.0,9,0.0
2025-04-07 00:00:00,158.425,159.92,158.212,159.912,73973.0,9,0.0
2025-04-07 04:00:00,159.912,160.557,159.812,160.244,81164.0,9,0.0
2025-04-07 08:00:00,160.245,160.945,159.747,160.721,107522.0,9,0.0
2025-04-07 12:00:00,160.716,161.55,159.962,161.293,88337.0,9,0.0
2025-04-07 16:00:00,161.292,162.378,160.537,161.732,133304.0,9,0.0
2025-04-07 20:00:00,161.733,162.064,161.169,161.174,86994.0,9,0.0
2025-04-08 00:00:00,161.138,161.75,161.056,161.475,39855.0,9,0.0
2025-04-08 04:00:00,161.469,162.185,161.371,162.182,59478.0,9,0.0
2025-04-08 08:00:00,162.182,162.202,160.859,161.229,75097.0,9,0.0
2025-04-08 12:00:00,161.23,161.281,160.441,160.747,77193.0,9,0.0
2025-04-08 16:00:00,160.744,161.189,160.059,160.168,103124.0,9,0.0
2025-04-08 20:00:00,160.167,160.813,160.018,160.253,84787.0,9,0.0
2025-04-09 00:00:00,160.11,160.376,159.636,160.159,51046.0,9,0.0
2025-04-09 04:00:00,160.161,160.801,159.886,160.428,87342.0,9,0.0
2025-04-09 08:00:00,160.428,160.893,160.039,160.226,111489.0,9,0.0
2025-04-09 12:00:00,160.224,160.609,159.473,159.844,100313.0,9,0.0
2025-04-09 16:00:00,159.84,160.362,159.524,159.706,92984.0,9,0.0
2025-04-09 20:00:00,159.707,162.204,159.461,161.805,97520.0,9,0.0
2025-04-10 00:00:00,161.764,161.764,161.067,161.197,50539.0,9,0.0
2025-04-10 04:00:00,161.197,161.421,160.867,161.029,64053.0,9,0.0
2025-04-10 08:00:00,161.027,161.731,160.941,161.482,76899.0,9,0.0
2025-04-10 12:00:00,161.478,161.625,160.951,161.415,77217.0,9,0.0
2025-04-10 16:00:00,161.42,161.942,161.105,161.827,107864.0,9,0.0
2025-04-10 20:00:00,161.828,162.581,161.607,161.867,78645.0,9,0.0
2025-04-11 00:00:00,161.664,162.653,161.303,162.13,55996.0,9,0.0
2025-04-11 04:00:00,162.134,162.597,161.783,161.828,68336.0,9,0.0
2025-04-11 08:00:00,161.824,163.139,161.704,162.727,96052.0,9,0.0
2025-04-11 12:00:00,162.729,162.739,161.512,162.415,97124.0,9,0.0
2025-04-11 16:00:00,162.405,162.94,162.169,162.547,103287.0,9,0.0
2025-04-11 20:00:00,162.549,163.011,162.535,162.911,57309.0,9,0.0
2025-04-14 00:00:00,162.866,163.259,162.35,162.419,45184.0,9,0.0
2025-04-14 04:00:00,162.416,162.784,162.094,162.6,55458.0,9,0.0
2025-04-14 08:00:00,162.601,163.096,162.387,162.741,66297.0,9,0.0
2025-04-14 12:00:00,162.741,163.172,162.719,162.902,58189.0,9,0.0
2025-04-14 16:00:00,162.9,162.957,162.268,162.278,82735.0,9,0.0
2025-04-14 20:00:00,162.278,162.581,162.079,162.319,42813.0,9,0.0
2025-04-15 00:00:00,162.202,162.629,162.154,162.574,24198.0,9,0.0
2025-04-15 04:00:00,162.574,162.588,162.201,162.447,33604.0,9,0.0
2025-04-15 08:00:00,162.449,162.802,162.073,162.147,53542.0,9,0.0
2025-04-15 12:00:00,162.148,162.163,161.568,161.638,51002.0,9,0.0
2025-04-15 16:00:00,161.634,162.003,161.302,161.325,70538.0,9,0.0
2025-04-15 20:00:00,161.323,161.633,161.292,161.604,29864.0,9,0.0
2025-04-16 00:00:00,161.414,161.674,161.316,161.634,28088.0,9,0.0
2025-04-16 04:00:00,161.635,161.82,161.446,161.755,33324.0,9,0.0
2025-04-16 08:00:00,161.757,162.262,161.382,162.078,60637.0,9,0.0
2025-04-16 12:00:00,162.087,162.258,161.62,161.851,57450.0,9,0.0
2025-04-16 16:00:00,161.849,162.281,161.765,162.08,62967.0,9,0.0
2025-04-16 20:00:00,162.074,162.14,161.543,161.604,52994.0,9,0.0
2025-04-17 00:00:00,161.54,162.208,161.485,162.051,29689.0,9,0.0
2025-04-17 04:00:00,162.051,162.266,161.895,162.071,34874.0,9,0.0
2025-04-17 08:00:00,162.071,162.637,161.901,162.309,46429.0,9,0.0
2025-04-17 12:00:00,162.31,162.439,161.454,161.59,49428.0,9,0.0
2025-04-17 16:00:00,161.589,161.874,161.243,161.674,68736.0,9,0.0
2025-04-17 20:00:00,161.671,162.028,161.534,161.811,33742.0,9,0.0
2025-04-18 00:00:00,161.853,162.104,161.698,161.932,30808.0,9,0.0
2025-04-18 04:00:00,161.934,161.987,161.771,161.805,102196.0,9,0.0
2025-04-18 08:00:00,161.807,161.954,161.7,161.886,63292.0,9,0.0
2025-04-18 12:00:00,161.886,162.061,161.81,161.974,61527.0,9,0.0
2025-04-18 16:00:00,161.976,162.158,161.878,162.011,39964.0,9,0.0
2025-04-18 20:00:00,162.011,162.107,161.864,161.899,30708.0,9,0.0
2025-04-21 00:00:00,161.845,162.236,161.521,161.886,37202.0,9,0.0
2025-04-21 04:00:00,161.888,162.26,161.641,162.128,38355.0,9,0.0
2025-04-21 08:00:00,162.128,162.574,161.948,162.478,40595.0,9,0.0
2025-04-21 12:00:00,162.472,162.67,162.307,162.496,43508.0,9,0.0
2025-04-21 16:00:00,162.495,162.509,161.776,162.092,52030.0,9,0.0
2025-04-21 20:00:00,162.092,162.248,161.895,162.156,30378.0,9,0.0
2025-04-22 00:00:00,162.036,162.316,161.812,161.845,24633.0,9,0.0
2025-04-22 04:00:00,161.845,161.981,161.568,161.648,34366.0,9,0.0
2025-04-22 08:00:00,161.648,161.715,161.254,161.59,54418.0,9,0.0
2025-04-22 12:00:00,161.59,161.657,160.981,161.189,45664.0,9,0.0
2025-04-22 16:00:00,161.191,161.684,161.126,161.566,57270.0,9,0.0
2025-04-22 20:00:00,161.567,161.815,161.428,161.703,36669.0,9,0.0
2025-04-23 00:00:00,161.616,162.414,161.523,161.943,49715.0,9,0.0
2025-04-23 04:00:00,161.943,162.002,161.605,161.688,43420.0,9,0.0
2025-04-23 08:00:00,161.689,161.784,161.157,161.765,53848.0,9,0.0
2025-04-23 12:00:00,161.763,162.121,161.576,161.778,43063.0,9,0.0
2025-04-23 16:00:00,161.779,162.356,161.675,162.181,82913.0,9,0.0
2025-04-23 20:00:00,162.18,162.463,162.041,162.294,38048.0,9,0.0
2025-04-24 00:00:00,162.237,162.386,161.873,162.151,26424.0,9,0.0
2025-04-24 04:00:00,162.159,162.291,161.852,161.873,30947.0,9,0.0
2025-04-24 08:00:00,161.874,162.387,161.84,162.325,43475.0,9,0.0
2025-04-24 12:00:00,162.324,162.376,161.862,162.002,39918.0,9,0.0
2025-04-24 16:00:00,162.0,162.378,161.928,162.331,54720.0,9,0.0
2025-04-24 20:00:00,162.331,162.495,162.264,162.435,26513.0,9,0.0
2025-04-25 00:00:00,162.311,162.611,162.27,162.348,20635.0,9,0.0
2025-04-25 04:00:00,162.349,162.881,162.125,162.8,35643.0,9,0.0
2025-04-25 08:00:00,162.8,163.15,162.658,162.792,44008.0,9,0.0
2025-04-25 12:00:00,162.796,163.068,162.67,162.819,40943.0,9,0.0
2025-04-25 16:00:00,162.82,163.758,162.785,163.506,49517.0,9,0.0
2025-04-25 20:00:00,163.503,163.567,163.15,163.204,26151.0,9,0.0
2025-04-28 00:00:00,163.227,163.346,162.955,163.062,22009.0,9,0.0
2025-04-28 04:00:00,163.064,163.254,162.886,162.995,25481.0,9,0.0
2025-04-28 08:00:00,162.995,163.33,162.826,162.837,36790.0,9,0.0
2025-04-28 12:00:00,162.832,162.942,162.69,162.718,34925.0,9,0.0
2025-04-28 16:00:00,162.722,162.79,162.328,162.431,52578.0,9,0.0
2025-04-28 20:00:00,162.433,162.445,162.187,162.205,25448.0,9,0.0
2025-04-29 00:00:00,162.168,162.336,162.023,162.135,18162.0,9,0.0
2025-04-29 04:00:00,162.136,162.316,162.116,162.151,30697.0,9,0.0
2025-04-29 08:00:00,162.151,162.474,162.083,162.325,41993.0,9,0.0
2025-04-29 12:00:00,162.326,162.541,162.202,162.363,40483.0,9,0.0
2025-04-29 16:00:00,162.362,162.367,161.924,161.961,58168.0,9,0.0
2025-04-29 20:00:00,161.962,162.183,161.886,162.078,25022.0,9,0.0
2025-04-30 00:00:00,161.847,162.077,161.779,162.047,17596.0,9,0.0
2025-04-30 04:00:00,162.045,162.066,161.715,162.015,23310.0,9,0.0
2025-04-30 08:00:00,162.016,162.482,162.007,162.433,31694.0,9,0.0
2025-04-30 12:00:00,162.432,162.652,162.257,162.361,39817.0,9,0.0
2025-04-30 16:00:00,162.363,162.426,161.704,161.946,60107.0,9,0.0
2025-04-30 20:00:00,161.947,162.22,161.8,161.96,31835.0,9,0.0
2025-05-01 00:00:00,161.99,162.091,161.821,161.926,17518.0,9,0.0
2025-05-01 04:00:00,161.926,162.74,161.806,162.642,23521.0,9,0.0
2025-05-01 08:00:00,162.642,163.487,162.618,163.269,38332.0,9,0.0
2025-05-01 12:00:00,163.271,163.864,163.192,163.761,36108.0,9,0.0
2025-05-01 16:00:00,163.76,164.203,163.626,164.177,55341.0,9,0.0
2025-05-01 20:00:00,164.177,164.456,164.084,164.194,28536.0,9,0.0
2025-05-02 00:00:00,164.116,164.638,163.983,164.599,18993.0,9,0.0
2025-05-02 04:00:00,164.599,164.603,164.23,164.368,31397.0,9,0.0
2025-05-02 08:00:00,164.367,164.523,164.138,164.146,40852.0,9,0.0
2025-05-02 12:00:00,164.137,164.2,163.598,163.738,49006.0,9,0.0
2025-05-02 16:00:00,163.737,163.969,163.454,163.792,64413.0,9,0.0
2025-05-02 20:00:00,163.793,164.02,163.585,163.721,29868.0,9,0.0
2025-05-05 00:00:00,163.551,163.882,163.488,163.775,18670.0,9,0.0
2025-05-05 04:00:00,163.776,163.78,163.385,163.437,28312.0,9,0.0
2025-05-05 08:00:00,163.436,163.518,163.07,163.162,36598.0,9,0.0
2025-05-05 12:00:00,163.163,163.364,163.099,163.178,36040.0,9,0.0
2025-05-05 16:00:00,163.178,163.302,162.773,162.955,43594.0,9,0.0
2025-05-05 20:00:00,162.954,162.977,162.564,162.57,20123.0,9,0.0
2025-05-06 00:00:00,162.585,162.686,162.378,162.519,16083.0,9,0.0
2025-05-06 04:00:00,162.518,162.78,162.498,162.746,27908.0,9,0.0
2025-05-06 08:00:00,162.746,162.95,162.057,162.128,39485.0,9,0.0
2025-05-06 12:00:00,162.128,162.154,161.6,161.616,38069.0,9,0.0
2025-05-06 16:00:00,161.618,162.136,161.593,161.978,44342.0,9,0.0
2025-05-06 20:00:00,161.978,162.089,161.896,161.941,26247.0,9,0.0
2025-05-07 00:00:00,161.909,162.485,161.823,162.116,32940.0,9,0.0
2025-05-07 04:00:00,162.116,162.579,162.003,162.53,33389.0,9,0.0
2025-05-07 08:00:00,162.53,163.017,162.446,162.781,35459.0,9,0.0
2025-05-07 12:00:00,162.78,162.982,162.642,162.837,30437.0,9,0.0
2025-05-07 16:00:00,162.838,162.901,162.619,162.758,41728.0,9,0.0
2025-05-07 20:00:00,162.759,162.865,162.382,162.562,47962.0,9,0.0
2025-05-08 00:00:00,162.525,162.774,162.469,162.697,17479.0,9,0.0
2025-05-08 04:00:00,162.697,162.76,162.53,162.724,31366.0,9,0.0
2025-05-08 08:00:00,162.724,163.506,162.581,163.458,41480.0,9,0.0
2025-05-08 12:00:00,163.457,163.663,163.25,163.488,39788.0,9,0.0
2025-05-08 16:00:00,163.487,163.73,163.295,163.589,57877.0,9,0.0
2025-05-08 20:00:00,163.586,163.902,163.51,163.815,29120.0,9,0.0
2025-05-09 00:00:00,163.656,163.938,163.536,163.573,20455.0,9,0.0
2025-05-09 04:00:00,163.573,163.616,163.318,163.365,30797.0,9,0.0
2025-05-09 08:00:00,163.364,163.534,163.231,163.424,32420.0,9,0.0
2025-05-09 12:00:00,163.427,163.502,163.152,163.46,31519.0,9,0.0
2025-05-09 16:00:00,163.459,163.638,163.337,163.56,42388.0,9,0.0
2025-05-09 20:00:00,163.558,163.625,163.448,163.453,19478.0,9,0.0
2025-05-12 00:00:00,163.674,164.084,163.591,163.981,23873.0,9,0.0
2025-05-12 04:00:00,163.981,164.206,163.687,163.834,29803.0,9,0.0
2025-05-12 08:00:00,163.834,164.599,163.793,164.562,61082.0,9,0.0
2025-05-12 12:00:00,164.566,164.685,164.279,164.534,54176.0,9,0.0
2025-05-12 16:00:00,164.533,164.922,164.429,164.618,55130.0,9,0.0
2025-05-12 20:00:00,164.618,164.692,164.413,164.613,27266.0,9,0.0
2025-05-13 00:00:00,164.628,164.665,164.13,164.14,19939.0,9,0.0
2025-05-13 04:00:00,164.14,164.335,164.137,164.197,27007.0,9,0.0
2025-05-13 08:00:00,164.198,164.486,164.137,164.366,37506.0,9,0.0
2025-05-13 12:00:00,164.365,164.751,164.293,164.723,32851.0,9,0.0
2025-05-13 16:00:00,164.722,165.212,164.605,164.967,48080.0,9,0.0
2025-05-13 20:00:00,164.967,165.056,164.912,164.928,20451.0,9,0.0
2025-05-14 00:00:00,164.966,165.162,164.834,164.933,16672.0,9,0.0
2025-05-14 04:00:00,164.928,164.948,164.393,164.413,27591.0,9,0.0
2025-05-14 08:00:00,164.414,164.837,164.303,164.366,42230.0,9,0.0
2025-05-14 12:00:00,164.365,164.394,163.829,164.106,43404.0,9,0.0
2025-05-14 16:00:00,164.106,164.428,163.733,164.134,49766.0,9,0.0
2025-05-14 20:00:00,164.135,164.139,163.92,163.998,24325.0,9,0.0
2025-05-15 00:00:00,163.992,164.065,163.607,163.636,17848.0,9,0.0
2025-05-15 04:00:00,163.636,163.832,163.453,163.518,26779.0,9,0.0
2025-05-15 08:00:00,163.518,163.543,163.256,163.381,37164.0,9,0.0
2025-05-15 12:00:00,163.383,163.581,163.206,163.44,35099.0,9,0.0
2025-05-15 16:00:00,163.436,163.466,162.744,162.815,46736.0,9,0.0
2025-05-15 20:00:00,162.815,162.94,162.753,162.932,20639.0,9,0.0
2025-05-16 00:00:00,162.901,163.02,162.47,162.572,19667.0,9,0.0
2025-05-16 04:00:00,162.572,162.923,162.454,162.791,24055.0,9,0.0
2025-05-16 08:00:00,162.791,162.971,162.526,162.722,29555.0,9,0.0
2025-05-16 12:00:00,162.72,163.107,162.688,162.93,28550.0,9,0.0
2025-05-16 16:00:00,162.931,163.102,162.541,162.648,36634.0,9,0.0
2025-05-16 20:00:00,162.648,162.763,162.488,162.57,16423.0,9,0.0
2025-05-19 00:00:00,162.353,162.654,162.198,162.257,23949.0,9,0.0
2025-05-19 04:00:00,162.257,162.536,162.144,162.516,28785.0,9,0.0
2025-05-19 08:00:00,162.517,163.098,162.336,163.093,38892.0,9,0.0
2025-05-19 12:00:00,163.094,163.388,163.048,163.247,37647.0,9,0.0
2025-05-19 16:00:00,163.246,163.303,162.885,162.893,40479.0,9,0.0
2025-05-19 20:00:00,162.892,162.91,162.761,162.842,19363.0,9,0.0
2025-05-20 00:00:00,162.773,163.283,162.74,163.107,14827.0,9,0.0
2025-05-20 04:00:00,163.102,163.134,162.734,162.748,30024.0,9,0.0
2025-05-20 08:00:00,162.748,162.789,162.415,162.666,42054.0,9,0.0
2025-05-20 12:00:00,162.666,162.766,162.459,162.685,29897.0,9,0.0
2025-05-20 16:00:00,162.684,163.012,162.663,163.005,41382.0,9,0.0
2025-05-20 20:00:00,163.006,163.155,162.899,163.047,20730.0,9,0.0
2025-05-21 00:00:00,163.003,163.073,162.685,162.846,17705.0,9,0.0
2025-05-21 04:00:00,162.847,163.089,162.768,162.85,28608.0,9,0.0
2025-05-21 08:00:00,162.85,163.214,162.662,163.173,39369.0,9,0.0
2025-05-21 12:00:00,163.17,163.303,162.697,162.865,39205.0,9,0.0
2025-05-21 16:00:00,162.864,163.105,162.779,162.903,42331.0,9,0.0
2025-05-21 20:00:00,162.904,163.009,162.619,162.766,35326.0,9,0.0
2025-05-22 00:00:00,162.676,163.404,162.372,162.51,24906.0,9,0.0
2025-05-22 04:00:00,162.513,162.572,162.314,162.398,29897.0,9,0.0
2025-05-22 08:00:00,162.399,162.513,161.791,161.931,41861.0,9,0.0
2025-05-22 12:00:00,161.931,162.436,161.897,162.145,42042.0,9,0.0
2025-05-22 16:00:00,162.145,162.539,162.059,162.303,51107.0,9,0.0
2025-05-22 20:00:00,162.299,162.605,162.293,162.42,22696.0,9,0.0
2025-05-23 00:00:00,162.377,162.576,162.225,162.524,17259.0,9,0.0
2025-05-23 04:00:00,162.518,162.633,162.201,162.373,22368.0,9,0.0
2025-05-23 08:00:00,162.374,162.606,162.236,162.542,31182.0,9,0.0
2025-05-23 12:00:00,162.544,162.748,161.081,161.619,54298.0,9,0.0
2025-05-23 16:00:00,161.619,162.058,161.543,162.014,50999.0,9,0.0
2025-05-23 20:00:00,162.014,162.048,161.851,161.896,22991.0,9,0.0
2025-05-26 00:00:00,161.928,162.62,161.862,162.478,24135.0,9,0.0
2025-05-26 04:00:00,162.478,162.73,162.371,162.659,27680.0,9,0.0
2025-05-26 08:00:00,162.66,162.979,162.614,162.677,30788.0,9,0.0
2025-05-26 12:00:00,162.675,162.749,162.535,162.635,20164.0,9,0.0
2025-05-26 16:00:00,162.636,162.639,162.443,162.469,17044.0,9,0.0
2025-05-26 20:00:00,162.47,162.645,162.439,162.641,5412.0,9,0.0
2025-05-27 00:00:00,162.577,162.752,162.177,162.197,14884.0,9,0.0
2025-05-27 04:00:00,162.197,162.555,162.087,162.547,23181.0,9,0.0
2025-05-27 08:00:00,162.552,163.291,162.552,163.27,42916.0,9,0.0
2025-05-27 12:00:00,163.271,163.808,163.234,163.706,35853.0,9,0.0
2025-05-27 16:00:00,163.707,163.945,163.497,163.601,43046.0,9,0.0
2025-05-27 20:00:00,163.6,163.6,163.481,163.495,15908.0,9,0.0
2025-05-28 00:00:00,163.48,163.559,163.189,163.359,14595.0,9,0.0
2025-05-28 04:00:00,163.359,163.846,163.177,163.287,35059.0,9,0.0
2025-05-28 08:00:00,163.288,163.529,163.07,163.228,32952.0,9,0.0
2025-05-28 12:00:00,163.228,163.546,163.196,163.461,29846.0,9,0.0
2025-05-28 16:00:00,163.461,163.909,163.451,163.664,41851.0,9,0.0
2025-05-28 20:00:00,163.662,163.711,163.488,163.574,19238.0,9,0.0
2025-05-29 00:00:00,163.442,164.163,163.414,164.131,30170.0,9,0.0
2025-05-29 04:00:00,164.131,164.217,163.848,163.931,27226.0,9,0.0
2025-05-29 08:00:00,163.931,164.259,163.612,163.744,32990.0,9,0.0
2025-05-29 12:00:00,163.745,163.936,163.336,163.92,38890.0,9,0.0
2025-05-29 16:00:00,163.923,164.024,163.753,163.909,46917.0,9,0.0
2025-05-29 20:00:00,163.908,163.959,163.779,163.859,23283.0,9,0.0
2025-05-30 00:00:00,163.913,163.929,163.379,163.504,19689.0,9,0.0
2025-05-30 04:00:00,163.503,163.536,163.108,163.129,30318.0,9,0.0
2025-05-30 08:00:00,163.13,163.4,163.105,163.124,36225.0,9,0.0
2025-05-30 12:00:00,163.123,163.313,162.809,163.07,36104.0,9,0.0
2025-05-30 16:00:00,163.074,163.838,162.932,163.331,49700.0,9,0.0
2025-05-30 20:00:00,163.33,163.53,163.319,163.412,26685.0,9,0.0
2025-06-02 00:00:00,163.146,163.421,163.076,163.181,20695.0,9,0.0
2025-06-02 04:00:00,163.18,163.279,163.055,163.137,25741.0,9,0.0
2025-06-02 08:00:00,163.138,163.384,163.072,163.228,36233.0,9,0.0
2025-06-02 12:00:00,163.227,163.338,162.836,163.088,33809.0,9,0.0
2025-06-02 16:00:00,163.089,163.298,163.022,163.207,46140.0,9,0.0
2025-06-02 20:00:00,163.207,163.412,163.205,163.26,22458.0,9,0.0
2025-06-03 00:00:00,163.224,163.358,163.066,163.305,16676.0,9,0.0
2025-06-03 04:00:00,163.304,163.711,163.266,163.318,27331.0,9,0.0
2025-06-03 08:00:00,163.318,163.395,162.797,162.953,32249.0,9,0.0
2025-06-03 12:00:00,162.953,163.258,162.889,163.244,30210.0,9,0.0
2025-06-03 16:00:00,163.244,163.872,163.184,163.756,38648.0,9,0.0
2025-06-03 20:00:00,163.749,163.838,163.628,163.73,17675.0,9,0.0
2025-06-04 00:00:00,163.647,163.937,163.573,163.903,17289.0,9,0.0
2025-06-04 04:00:00,163.903,164.126,163.637,163.969,26573.0,9,0.0
2025-06-04 08:00:00,163.969,164.173,163.675,164.027,30441.0,9,0.0
2025-06-04 12:00:00,164.029,164.242,163.709,163.787,31808.0,9,0.0
2025-06-04 16:00:00,163.785,163.93,163.04,163.079,41844.0,9,0.0
2025-06-04 20:00:00,163.08,163.142,162.971,162.979,18106.0,9,0.0
2025-06-05 00:00:00,162.93,163.166,162.899,163.052,16775.0,9,0.0
2025-06-05 04:00:00,163.051,163.24,162.994,163.204,27040.0,9,0.0
2025-06-05 08:00:00,163.204,163.671,163.19,163.524,28694.0,9,0.0
2025-06-05 12:00:00,163.524,164.096,163.381,163.861,36329.0,9,0.0
2025-06-05 16:00:00,163.862,164.675,163.855,164.31,60097.0,9,0.0
2025-06-05 20:00:00,164.309,164.522,164.2,164.3,28242.0,9,0.0
2025-06-06 00:00:00,164.319,164.595,164.167,164.565,14060.0,9,0.0
2025-06-06 04:00:00,164.568,164.6,164.381,164.546,23018.0,9,0.0
2025-06-06 08:00:00,164.549,164.782,164.343,164.434,28678.0,9,0.0
2025-06-06 12:00:00,164.433,164.894,164.4,164.823,36231.0,9,0.0
2025-06-06 16:00:00,164.825,165.287,164.75,165.076,52282.0,9,0.0
2025-06-06 20:00:00,165.072,165.123,164.989,165.018,17927.0,9,0.0
2025-06-09 00:00:00,165.038,165.146,164.899,165.137,13244.0,9,0.0
2025-06-09 04:00:00,165.137,165.17,164.82,164.859,19971.0,9,0.0
2025-06-09 08:00:00,164.86,164.982,164.556,164.746,25565.0,9,0.0
2025-06-09 12:00:00,164.746,164.991,164.551,164.889,25625.0,9,0.0
2025-06-09 16:00:00,164.889,165.0,164.816,164.968,27938.0,9,0.0
2025-06-09 20:00:00,164.969,165.21,164.955,165.117,13234.0,9,0.0
2025-06-10 00:00:00,165.053,165.243,164.965,165.109,13563.0,9,0.0
2025-06-10 04:00:00,165.103,165.455,165.052,165.222,24669.0,9,0.0
2025-06-10 08:00:00,165.222,165.225,164.62,165.017,35522.0,9,0.0
2025-06-10 12:00:00,165.015,165.381,164.991,165.354,26995.0,9,0.0
2025-06-10 16:00:00,165.356,165.613,165.281,165.606,30830.0,9,0.0
2025-06-10 20:00:00,165.606,165.634,165.482,165.526,16186.0,9,0.0
2025-06-11 00:00:00,165.469,165.814,165.4,165.515,22489.0,9,0.0
2025-06-11 04:00:00,165.517,165.587,165.382,165.568,23553.0,9,0.0
2025-06-11 08:00:00,165.571,165.893,165.547,165.823,26151.0,9,0.0
2025-06-11 12:00:00,165.822,166.292,165.703,165.866,35237.0,9,0.0
2025-06-11 16:00:00,165.864,166.426,165.789,166.161,38930.0,9,0.0
2025-06-11 20:00:00,166.16,166.216,165.851,166.098,24894.0,9,0.0
2025-06-12 00:00:00,165.938,166.053,165.848,165.955,20106.0,9,0.0
2025-06-12 04:00:00,165.957,165.975,165.672,165.758,27814.0,9,0.0
2025-06-12 08:00:00,165.761,166.042,165.495,166.001,36602.0,9,0.0
2025-06-12 12:00:00,166.001,166.738,165.993,166.355,45917.0,9,0.0
2025-06-12 16:00:00,166.354,166.544,166.118,166.245,45693.0,9,0.0
2025-06-12 20:00:00,166.243,166.341,166.119,166.251,17392.0,9,0.0
2025-06-13 00:00:00,166.126,166.301,164.937,165.334,29735.0,9,0.0
2025-06-13 04:00:00,165.337,165.739,165.041,165.564,44148.0,9,0.0
2025-06-13 08:00:00,165.563,166.08,165.461,165.773,43028.0,9,0.0
2025-06-13 12:00:00,165.771,166.182,165.753,166.173,42487.0,9,0.0
2025-06-13 16:00:00,166.17,166.593,165.981,166.422,44331.0,9,0.0
2025-06-13 20:00:00,166.42,166.474,165.986,166.376,29339.0,9,0.0
2025-06-16 00:00:00,166.046,166.872,165.903,166.523,33500.0,9,0.0
2025-06-16 04:00:00,166.524,166.579,166.339,166.464,28814.0,9,0.0
2025-06-16 08:00:00,166.464,167.213,166.359,167.032,35753.0,9,0.0
2025-06-16 12:00:00,167.034,167.107,166.673,166.925,30194.0,9,0.0
2025-06-16 16:00:00,166.924,167.054,166.748,167.006,41423.0,9,0.0
2025-06-16 20:00:00,167.005,167.46,166.978,167.35,18955.0,9,0.0
2025-06-17 00:00:00,167.322,167.591,167.094,167.543,22388.0,9,0.0
2025-06-17 04:00:00,167.543,167.589,167.013,167.16,26792.0,9,0.0
2025-06-17 08:00:00,167.161,167.614,166.973,167.389,37151.0,9,0.0
2025-06-17 12:00:00,167.388,167.511,167.11,167.318,35461.0,9,0.0
2025-06-17 16:00:00,167.313,167.588,166.96,167.047,43454.0,9,0.0
2025-06-17 20:00:00,167.043,167.072,166.701,166.783,30114.0,9,0.0
2025-06-18 00:00:00,166.769,167.032,166.676,167.001,21245.0,9,0.0
2025-06-18 04:00:00,167.001,167.045,166.722,166.853,25067.0,9,0.0
2025-06-18 08:00:00,166.854,167.055,166.708,166.743,31174.0,9,0.0
2025-06-18 12:00:00,166.741,166.86,166.425,166.711,27864.0,9,0.0
2025-06-18 16:00:00,166.713,166.831,166.322,166.426,39900.0,9,0.0
2025-06-18 20:00:00,166.425,166.661,166.363,166.619,41655.0,9,0.0
2025-06-19 00:00:00,166.48,166.65,166.216,166.341,19063.0,9,0.0
2025-06-19 04:00:00,166.34,166.375,166.059,166.349,26367.0,9,0.0
2025-06-19 08:00:00,166.35,166.763,166.229,166.735,35276.0,9,0.0
2025-06-19 12:00:00,166.737,167.313,166.715,167.046,31287.0,9,0.0
2025-06-19 16:00:00,167.043,167.169,166.817,166.937,25582.0,9,0.0
2025-06-19 20:00:00,166.939,167.245,166.904,167.217,12560.0,9,0.0
2025-06-20 00:00:00,167.069,167.382,167.023,167.369,22010.0,9,0.0
2025-06-20 04:00:00,167.369,167.596,167.242,167.545,27096.0,9,0.0
2025-06-20 08:00:00,167.545,167.683,167.32,167.453,28124.0,9,0.0
2025-06-20 12:00:00,167.452,167.772,167.35,167.619,29025.0,9,0.0
2025-06-20 16:00:00,167.617,168.25,167.579,168.241,38370.0,9,0.0
2025-06-20 20:00:00,168.242,168.402,168.237,168.294,18778.0,9,0.0
2025-06-23 00:00:00,168.053,168.398,167.965,168.265,28412.0,9,0.0
2025-06-23 04:00:00,168.264,168.938,168.215,168.895,31736.0,9,0.0
2025-06-23 08:00:00,168.899,169.662,168.899,169.482,39436.0,9,0.0
2025-06-23 12:00:00,169.485,169.715,168.92,169.051,40620.0,9,0.0
2025-06-23 16:00:00,169.052,169.311,168.732,168.973,55097.0,9,0.0
2025-06-23 20:00:00,168.975,169.261,168.93,169.192,33527.0,9,0.0
2025-06-24 00:00:00,169.075,169.278,168.869,168.89,29175.0,9,0.0
2025-06-24 04:00:00,168.89,168.939,168.618,168.776,28149.0,9,0.0
2025-06-24 08:00:00,168.777,168.851,168.058,168.198,42254.0,9,0.0
2025-06-24 12:00:00,168.197,168.538,168.129,168.2,34873.0,9,0.0
2025-06-24 16:00:00,168.2,168.35,167.911,168.203,46097.0,9,0.0
2025-06-24 20:00:00,168.202,168.284,168.091,168.195,21111.0,9,0.0
2025-06-25 00:00:00,168.241,168.57,168.027,168.43,18195.0,9,0.0
2025-06-25 04:00:00,168.43,168.43,168.159,168.33,24494.0,9,0.0
2025-06-25 08:00:00,168.331,168.924,168.331,168.897,32587.0,9,0.0
2025-06-25 12:00:00,168.897,169.205,168.835,169.093,29464.0,9,0.0
2025-06-25 16:00:00,169.092,169.377,169.067,169.172,37448.0,9,0.0
2025-06-25 20:00:00,169.172,169.365,169.136,169.354,20971.0,9,0.0
2025-06-26 00:00:00,169.197,169.392,169.022,169.032,16337.0,9,0.0
2025-06-26 04:00:00,169.032,169.399,168.982,169.105,25030.0,9,0.0
2025-06-26 08:00:00,169.103,169.217,168.557,168.792,37654.0,9,0.0
2025-06-26 12:00:00,168.791,169.03,168.683,168.935,36090.0,9,0.0
2025-06-26 16:00:00,168.943,169.201,168.899,169.194,44579.0,9,0.0
2025-06-26 20:00:00,169.194,169.211,168.898,168.958,23489.0,9,0.0
2025-06-27 00:00:00,168.842,169.288,168.717,169.124,20256.0,9,0.0
2025-06-27 04:00:00,169.125,169.227,168.627,168.901,27060.0,9,0.0
2025-06-27 08:00:00,168.901,169.305,168.757,169.112,30700.0,9,0.0
2025-06-27 12:00:00,169.109,169.693,168.984,169.679,31908.0,9,0.0
2025-06-27 16:00:00,169.68,169.807,169.446,169.556,42709.0,9,0.0
2025-06-27 20:00:00,169.557,169.564,169.182,169.473,28544.0,9,0.0
2025-06-30 00:00:00,169.317,169.631,169.248,169.465,20335.0,9,0.0
2025-06-30 04:00:00,169.461,169.511,168.799,168.852,24666.0,9,0.0
2025-06-30 08:00:00,168.854,169.067,168.704,169.034,35637.0,9,0.0
2025-06-30 12:00:00,169.032,169.256,168.946,169.209,29344.0,9,0.0
2025-06-30 16:00:00,169.21,169.736,169.083,169.645,43424.0,9,0.0
2025-06-30 20:00:00,169.646,169.863,169.583,169.722,24101.0,9,0.0
2025-07-01 00:00:00,169.668,169.735,169.322,169.376,17932.0,9,0.0
2025-07-01 04:00:00,169.375,169.66,169.256,169.428,22248.0,9,0.0
2025-07-01 08:00:00,169.427,169.429,168.457,168.847,34221.0,9,0.0
2025-07-01 12:00:00,168.846,168.967,168.594,168.874,37338.0,9,0.0
2025-07-01 16:00:00,168.876,169.171,168.802,169.062,49951.0,9,0.0
2025-07-01 20:00:00,169.064,169.521,169.061,169.295,21826.0,9,0.0
2025-07-02 00:00:00,169.227,169.546,169.181,169.409,15828.0,9,0.0
2025-07-02 04:00:00,169.406,169.523,169.295,169.338,22655.0,9,0.0
2025-07-02 08:00:00,169.337,169.633,169.325,169.534,32410.0,9,0.0
2025-07-02 12:00:00,169.534,169.789,169.037,169.144,39107.0,9,0.0
2025-07-02 16:00:00,169.143,169.54,169.084,169.44,47708.0,9,0.0
2025-07-02 20:00:00,169.442,169.535,169.399,169.501,19758.0,9,0.0
2025-07-03 00:00:00,169.438,169.534,169.291,169.526,13540.0,9,0.0
2025-07-03 04:00:00,169.526,169.632,169.416,169.577,18341.0,9,0.0
2025-07-03 08:00:00,169.577,169.871,169.557,169.743,28099.0,9,0.0
2025-07-03 12:00:00,169.744,170.321,169.513,170.215,34741.0,9,0.0
2025-07-03 16:00:00,170.211,170.613,170.172,170.468,46887.0,9,0.0
2025-07-03 20:00:00,170.467,170.561,170.359,170.372,10564.0,9,0.0
2025-07-04 00:00:00,170.391,170.434,170.091,170.153,14517.0,9,0.0
2025-07-04 04:00:00,170.153,170.284,169.994,170.077,18062.0,9,0.0
2025-07-04 08:00:00,170.077,170.138,169.853,169.955,25538.0,9,0.0
2025-07-04 12:00:00,169.954,170.064,169.872,169.933,22213.0,9,0.0
2025-07-04 16:00:00,169.934,170.335,169.934,170.139,18825.0,9,0.0
2025-07-04 20:00:00,170.138,170.283,170.05,170.065,39014.0,9,0.0
2025-07-07 00:00:00,170.158,170.303,169.981,170.043,14037.0,9,0.0
2025-07-07 04:00:00,170.044,170.618,169.884,170.588,23256.0,9,0.0
2025-07-07 08:00:00,170.587,170.744,170.31,170.395,31598.0,9,0.0
2025-07-07 12:00:00,170.395,170.763,170.368,170.667,28251.0,9,0.0
2025-07-07 16:00:00,170.666,171.268,170.649,170.876,36385.0,9,0.0
2025-07-07 20:00:00,170.876,171.314,170.756,170.997,27118.0,9,0.0
2025-07-08 00:00:00,170.99,171.677,170.933,171.639,19618.0,9,0.0
2025-07-08 04:00:00,171.641,171.808,171.328,171.423,25953.0,9,0.0
2025-07-08 08:00:00,171.423,171.842,171.332,171.76,32874.0,9,0.0
2025-07-08 12:00:00,171.76,172.006,171.557,171.885,29570.0,9,0.0
2025-07-08 16:00:00,171.886,171.995,171.645,171.82,41863.0,9,0.0
2025-07-08 20:00:00,171.819,172.021,171.802,171.844,26180.0,9,0.0
2025-07-09 00:00:00,171.752,172.212,171.719,172.105,14726.0,9,0.0
2025-07-09 04:00:00,172.106,172.278,172.034,172.219,24318.0,9,0.0
2025-07-09 08:00:00,172.219,172.26,171.744,171.806,30220.0,9,0.0
2025-07-09 12:00:00,171.806,171.831,171.551,171.611,28169.0,9,0.0
2025-07-09 16:00:00,171.61,171.646,171.308,171.379,34219.0,9,0.0
2025-07-09 20:00:00,171.376,171.639,171.271,171.501,17541.0,9,0.0
2025-07-10 00:00:00,171.407,171.533,171.178,171.242,14679.0,9,0.0
2025-07-10 04:00:00,171.243,171.747,171.178,171.586,19241.0,9,0.0
2025-07-10 08:00:00,171.58,171.781,171.412,171.638,26605.0,9,0.0
2025-07-10 12:00:00,171.638,171.682,171.214,171.427,24746.0,9,0.0
2025-07-10 16:00:00,171.426,171.497,171.055,171.149,35776.0,9,0.0
2025-07-10 20:00:00,171.149,171.156,170.934,171.076,17843.0,9,0.0
2025-07-11 00:00:00,171.044,171.239,170.808,171.097,18804.0,9,0.0
2025-07-11 04:00:00,171.098,171.771,171.079,171.735,26690.0,9,0.0
2025-07-11 08:00:00,171.735,171.771,171.413,171.71,30934.0,9,0.0
2025-07-11 12:00:00,171.71,171.964,171.6,171.785,30755.0,9,0.0
2025-07-11 16:00:00,171.785,172.424,171.767,172.293,37253.0,9,0.0
2025-07-11 20:00:00,172.291,172.379,172.167,172.338,21443.0,9,0.0
2025-07-14 00:00:00,171.621,172.145,171.619,171.835,18202.0,9,0.0
2025-07-14 04:00:00,171.834,172.179,171.764,172.055,20207.0,9,0.0
2025-07-14 08:00:00,172.055,172.234,171.724,172.102,29433.0,9,0.0
2025-07-14 12:00:00,172.108,172.366,171.978,172.233,27136.0,9,0.0
2025-07-14 16:00:00,172.232,172.47,172.084,172.27,33874.0,9,0.0
2025-07-14 20:00:00,172.271,172.444,172.207,172.329,14006.0,9,0.0
2025-07-15 00:00:00,172.288,172.477,172.214,172.263,11898.0,9,0.0
2025-07-15 04:00:00,172.265,172.495,172.259,172.415,15998.0,9,0.0
2025-07-15 08:00:00,172.415,172.733,172.393,172.583,24304.0,9,0.0
2025-07-15 12:00:00,172.584,172.87,172.473,172.709,29911.0,8,0.0
2025-07-15 16:00:00,172.708,173.08,172.646,172.661,48415.0,8,0.0
2025-07-15 20:00:00,172.661,172.773,172.625,172.704,19639.0,8,0.0
2025-07-16 00:00:00,172.591,172.996,172.591,172.932,14853.0,8,0.0
2025-07-16 04:00:00,172.932,173.245,172.754,173.049,20993.0,8,0.0
2025-07-16 08:00:00,173.056,173.073,172.784,173.028,30562.0,8,0.0
2025-07-16 12:00:00,173.029,173.088,172.355,172.475,30794.0,8,0.0
2025-07-16 16:00:00,172.474,172.505,171.824,172.309,74013.0,8,0.0
2025-07-16 20:00:00,172.311,172.329,171.841,172.148,28309.0,8,0.0
2025-07-17 00:00:00,172.039,172.496,171.914,172.489,14700.0,8,0.0
2025-07-17 04:00:00,172.491,172.674,172.333,172.539,20328.0,8,0.0
2025-07-17 08:00:00,172.539,172.614,172.129,172.391,32345.0,8,0.0
2025-07-17 12:00:00,172.391,172.52,172.139,172.332,29780.0,8,0.0
2025-07-17 16:00:00,172.333,172.352,171.938,172.209,37679.0,8,0.0
2025-07-17 20:00:00,172.208,172.372,172.161,172.335,19104.0,8,0.0
2025-07-18 00:00:00,172.185,172.74,172.145,172.728,14495.0,8,0.0
2025-07-18 04:00:00,172.73,172.867,172.572,172.752,20526.0,8,0.0
2025-07-18 08:00:00,172.755,173.109,172.713,172.9,27246.0,8,0.0
2025-07-18 12:00:00,172.901,173.091,172.826,172.943,28937.0,8,0.0
2025-07-18 16:00:00,172.942,173.082,172.863,172.914,39523.0,8,0.0
2025-07-18 20:00:00,172.913,173.016,172.836,172.991,22311.0,8,0.0
2025-07-21 00:00:00,172.006,172.826,171.995,172.41,21625.0,8,0.0
2025-07-21 04:00:00,172.425,172.661,172.42,172.628,18180.0,8,0.0
2025-07-21 08:00:00,172.628,172.629,172.006,172.182,31385.0,8,0.0
2025-07-21 12:00:00,172.185,172.29,171.917,172.053,28106.0,8,0.0
2025-07-21 16:00:00,172.053,172.553,172.023,172.178,35029.0,8,0.0
2025-07-21 20:00:00,172.176,172.342,172.104,172.32,16710.0,8,0.0
2025-07-22 00:00:00,172.302,172.595,172.121,172.387,13327.0,8,0.0
2025-07-22 04:00:00,172.387,172.623,172.33,172.564,18593.0,8,0.0
2025-07-22 08:00:00,172.564,172.933,172.514,172.686,26187.0,8,0.0
2025-07-22 12:00:00,172.683,172.693,171.475,171.618,27962.0,8,0.0
2025-07-22 16:00:00,171.618,172.195,171.359,172.123,44105.0,8,0.0
2025-07-22 20:00:00,172.124,172.39,172.061,172.378,17817.0,8,0.0
2025-07-23 00:00:00,172.286,172.476,171.674,172.02,25827.0,8,0.0
2025-07-23 04:00:00,172.025,172.745,171.9,172.436,33632.0,8,0.0
2025-07-23 08:00:00,172.437,172.69,172.089,172.228,37268.0,8,0.0
2025-07-23 12:00:00,172.227,172.238,171.371,171.668,30283.0,8,0.0
2025-07-23 16:00:00,171.669,172.361,171.62,172.245,45811.0,8,0.0
2025-07-23 20:00:00,172.245,172.547,172.129,172.477,24171.0,8,0.0
2025-07-24 00:00:00,172.357,172.489,172.163,172.308,17260.0,8,0.0
2025-07-24 04:00:00,172.307,172.316,171.751,171.925,27221.0,8,0.0
2025-07-24 08:00:00,171.923,172.318,171.858,172.307,35119.0,8,0.0
2025-07-24 12:00:00,172.307,172.369,172.139,172.279,32969.0,8,0.0
2025-07-24 16:00:00,172.281,172.922,172.236,172.791,47448.0,8,0.0
2025-07-24 20:00:00,172.792,172.894,172.649,172.718,23130.0,8,0.0
2025-07-25 00:00:00,172.573,173.165,172.551,173.038,16233.0,8,0.0
2025-07-25 04:00:00,173.04,173.176,172.711,172.743,21974.0,8,0.0
2025-07-25 08:00:00,172.744,173.61,172.482,173.511,36504.0,8,0.0
2025-07-25 12:00:00,173.51,173.584,173.057,173.259,29470.0,8,0.0
2025-07-25 16:00:00,173.26,173.389,172.982,173.303,46147.0,8,0.0
2025-07-25 20:00:00,173.302,173.411,173.257,173.318,20575.0,8,0.0
2025-07-28 00:00:00,173.663,173.867,173.554,173.654,19558.0,8,0.0
2025-07-28 04:00:00,173.654,173.9,173.536,173.559,23203.0,8,0.0
2025-07-28 08:00:00,173.558,173.775,173.091,173.17,39213.0,8,0.0
2025-07-28 12:00:00,173.169,173.247,172.487,172.595,40017.0,8,0.0
2025-07-28 16:00:00,172.595,172.605,172.221,172.232,42577.0,8,0.0
2025-07-28 20:00:00,172.231,172.256,172.072,172.118,19033.0,8,0.0
2025-07-29 00:00:00,172.085,172.285,172.034,172.25,13312.0,8,0.0
2025-07-29 04:00:00,172.252,172.323,171.765,171.915,22158.0,8,0.0
2025-07-29 08:00:00,171.915,171.92,171.268,171.863,38136.0,8,0.0
2025-07-29 12:00:00,171.864,172.081,171.38,171.38,34087.0,8,0.0
2025-07-29 16:00:00,171.38,171.564,171.05,171.463,46313.0,8,0.0
2025-07-29 20:00:00,171.463,171.542,171.374,171.405,23747.0,8,0.0
2025-07-30 00:00:00,171.399,171.549,171.238,171.262,13268.0,8,0.0
2025-07-30 04:00:00,171.264,171.326,171.03,171.139,22002.0,8,0.0
2025-07-30 08:00:00,171.14,171.166,170.865,170.997,34032.0,8,0.0
2025-07-30 12:00:00,170.995,171.12,170.727,170.776,40267.0,8,0.0
2025-07-30 16:00:00,170.773,171.046,170.698,170.884,40765.0,8,0.0
2025-07-30 20:00:00,170.884,170.927,170.441,170.482,47406.0,8,0.0
2025-07-31 00:00:00,170.482,170.795,170.43,170.718,15096.0,8,0.0
2025-07-31 04:00:00,170.716,170.72,169.722,170.261,25893.0,8,0.0
2025-07-31 08:00:00,170.257,171.361,170.103,171.329,40170.0,8,0.0
2025-07-31 12:00:00,171.329,171.728,171.218,171.645,38783.0,8,0.0
2025-07-31 16:00:00,171.644,172.317,171.495,172.123,48856.0,8,0.0
2025-07-31 20:00:00,172.123,172.336,171.927,172.097,30789.0,8,0.0
2025-08-01 00:00:00,172.063,172.305,172.024,172.202,19192.0,8,0.0
2025-08-01 04:00:00,172.205,172.385,171.905,171.98,28478.0,8,0.0
2025-08-01 08:00:00,171.98,172.224,171.748,171.79,34643.0,8,0.0
2025-08-01 12:00:00,171.79,171.985,171.393,171.603,47062.0,8,0.0
2025-08-01 16:00:00,171.6,171.612,170.567,170.583,80461.0,8,0.0
2025-08-01 20:00:00,170.584,170.902,170.279,170.738,40927.0,8,0.0
2025-08-04 00:00:00,170.679,170.776,170.461,170.655,24641.0,8,0.0
2025-08-04 04:00:00,170.656,171.146,170.619,170.939,27629.0,8,0.0
2025-08-04 08:00:00,170.939,171.163,170.746,170.935,39620.0,8,0.0
2025-08-04 12:00:00,170.934,171.05,170.322,170.376,37670.0,8,0.0
2025-08-04 16:00:00,170.376,170.547,170.071,170.152,46921.0,8,0.0
2025-08-04 20:00:00,170.151,170.247,169.904,170.224,22834.0,8,0.0
2025-08-05 00:00:00,170.104,170.194,169.897,170.024,16921.0,8,0.0
2025-08-05 04:00:00,170.024,170.183,169.926,170.005,21992.0,8,0.0
2025-08-05 08:00:00,170.005,170.278,169.817,170.262,33326.0,8,0.0
2025-08-05 12:00:00,170.262,170.515,170.132,170.365,34791.0,8,0.0
2025-08-05 16:00:00,170.364,170.912,170.253,170.897,48500.0,8,0.0
2025-08-05 20:00:00,170.897,170.948,170.757,170.798,20954.0,8,0.0
2025-08-06 00:00:00,170.706,170.932,170.706,170.812,14962.0,8,0.0
2025-08-06 04:00:00,170.811,170.911,170.614,170.668,22125.0,8,0.0
2025-08-06 08:00:00,170.666,171.109,170.654,171.087,28953.0,8,0.0
2025-08-06 12:00:00,171.088,171.463,171.079,171.38,32790.0,8,0.0
2025-08-06 16:00:00,171.379,171.66,171.208,171.432,45127.0,8,0.0
2025-08-06 20:00:00,171.432,171.997,171.428,171.815,24469.0,8,0.0
2025-08-07 00:00:00,171.762,171.995,171.618,171.981,14673.0,8,0.0
2025-08-07 04:00:00,171.982,172.17,171.895,171.932,21610.0,8,0.0
2025-08-07 08:00:00,171.933,171.999,171.4,171.9,36160.0,8,0.0
2025-08-07 12:00:00,171.905,172.034,171.415,171.615,41297.0,8,0.0
2025-08-07 16:00:00,171.617,171.656,171.326,171.512,48816.0,8,0.0
2025-08-07 20:00:00,171.511,171.668,171.274,171.662,28852.0,8,0.0
2025-08-08 00:00:00,171.534,171.802,171.367,171.771,19194.0,8,0.0
2025-08-08 04:00:00,171.771,171.812,171.555,171.576,22123.0,8,0.0
2025-08-08 08:00:00,171.58,171.879,171.457,171.829,33429.0,8,0.0
2025-08-08 12:00:00,171.828,172.246,171.758,172.126,34890.0,8,0.0
2025-08-08 16:00:00,172.127,172.343,172.066,172.218,39072.0,8,0.0
2025-08-08 20:00:00,172.218,172.31,171.96,171.972,25721.0,8,0.0
2025-08-11 00:00:00,171.813,172.081,171.808,171.988,13217.0,8,0.0
2025-08-11 04:00:00,171.988,172.202,171.951,172.139,17325.0,8,0.0
2025-08-11 08:00:00,172.138,172.19,171.602,171.914,26851.0,8,0.0
2025-08-11 12:00:00,171.911,172.145,171.757,171.757,29012.0,8,0.0
2025-08-11 16:00:00,171.757,171.935,171.549,171.779,34872.0,8,0.0
2025-08-11 20:00:00,171.778,172.118,171.732,172.088,19536.0,8,0.0
2025-08-12 00:00:00,171.923,172.414,171.9,172.376,14076.0,8,0.0
2025-08-12 04:00:00,172.374,172.521,172.267,172.498,20081.0,8,0.0
2025-08-12 08:00:00,172.498,172.513,172.08,172.391,32021.0,8,0.0
2025-08-12 12:00:00,172.384,172.536,172.164,172.346,36695.0,8,0.0
2025-08-12 16:00:00,172.347,172.857,172.163,172.523,59189.0,8,0.0
2025-08-12 20:00:00,172.523,172.623,172.319,172.584,21991.0,8,0.0
2025-08-13 00:00:00,172.475,172.645,172.411,172.628,14256.0,8,0.0
2025-08-13 04:00:00,172.627,173.017,172.58,172.845,20757.0,8,0.0
2025-08-13 08:00:00,172.844,172.909,172.441,172.511,31137.0,8,0.0
2025-08-13 12:00:00,172.512,172.809,172.398,172.451,29013.0,8,0.0
2025-08-13 16:00:00,172.453,172.582,172.23,172.493,37886.0,8,0.0
2025-08-13 20:00:00,172.496,172.6,172.449,172.501,16212.0,8,0.0
2025-08-14 00:00:00,172.489,172.511,171.731,171.794,13789.0,8,0.0
2025-08-14 04:00:00,171.793,171.805,171.284,171.326,25764.0,8,0.0
2025-08-14 08:00:00,171.327,171.464,170.966,171.005,34775.0,8,0.0
2025-08-14 12:00:00,171.004,171.492,170.979,171.402,37211.0,8,0.0
2025-08-14 16:00:00,171.399,172.201,171.374,172.012,46510.0,8,0.0
2025-08-14 20:00:00,172.012,172.177,171.995,172.089,17854.0,8,0.0
2025-08-15 00:00:00,171.954,172.213,171.832,171.849,10880.0,8,0.0
2025-08-15 04:00:00,171.84,171.89,171.547,171.606,18124.0,8,0.0
2025-08-15 08:00:00,171.605,171.899,171.503,171.561,26699.0,8,0.0
2025-08-15 12:00:00,171.562,171.946,171.517,171.773,28033.0,8,0.0
2025-08-15 16:00:00,171.771,172.305,171.718,172.278,40600.0,8,0.0
2025-08-15 20:00:00,172.279,172.376,172.149,172.221,18245.0,8,0.0
2025-08-18 00:00:00,172.366,172.576,172.243,172.512,14335.0,8,0.0
2025-08-18 04:00:00,172.513,172.65,172.411,172.558,17998.0,8,0.0
2025-08-18 08:00:00,172.555,172.581,172.063,172.121,31338.0,8,0.0
2025-08-18 12:00:00,172.12,172.503,172.051,172.49,27313.0,8,0.0
2025-08-18 16:00:00,172.491,172.676,172.266,172.292,32233.0,8,0.0
2025-08-18 20:00:00,172.291,172.57,172.181,172.423,17452.0,8,0.0
2025-08-19 00:00:00,172.229,172.627,172.223,172.284,12222.0,8,0.0
2025-08-19 04:00:00,172.28,172.44,171.996,172.298,23628.0,8,0.0
2025-08-19 08:00:00,172.297,172.623,172.022,172.396,25880.0,8,0.0
2025-08-19 12:00:00,172.396,172.7,172.364,172.543,24276.0,8,0.0
2025-08-19 16:00:00,172.543,172.654,172.052,172.076,33063.0,8,0.0
2025-08-19 20:00:00,172.075,172.101,171.696,171.958,17186.0,8,0.0
2025-08-20 00:00:00,171.929,172.013,171.689,171.752,13558.0,8,0.0
2025-08-20 04:00:00,171.752,171.83,171.466,171.698,22146.0,8,0.0
2025-08-20 08:00:00,171.698,171.946,171.113,171.758,29478.0,8,0.0
2025-08-20 12:00:00,171.758,171.931,171.623,171.886,24665.0,8,0.0
2025-08-20 16:00:00,171.886,171.947,171.34,171.533,38698.0,8,0.0
2025-08-20 20:00:00,171.532,171.792,171.525,171.608,18975.0,8,0.0
2025-08-21 00:00:00,171.548,171.751,171.543,171.659,14222.0,8,0.0
2025-08-21 04:00:00,171.658,171.767,171.522,171.636,20742.0,8,0.0
2025-08-21 08:00:00,171.636,172.074,171.529,172.009,29749.0,8,0.0
2025-08-21 12:00:00,172.009,172.362,171.952,172.081,30043.0,8,0.0
2025-08-21 16:00:00,172.081,172.275,171.74,172.174,44598.0,8,0.0
2025-08-21 20:00:00,172.176,172.265,172.089,172.199,15809.0,8,0.0
2025-08-22 00:00:00,172.048,172.479,172.024,172.45,13660.0,8,0.0
2025-08-22 04:00:00,172.451,172.533,172.236,172.313,21896.0,8,0.0
2025-08-22 08:00:00,172.314,172.413,172.053,172.411,26085.0,8,0.0
2025-08-22 12:00:00,172.413,172.635,172.337,172.625,24026.0,8,0.0
2025-08-22 16:00:00,172.628,172.674,171.823,171.97,59633.0,8,0.0
2025-08-22 20:00:00,171.971,172.281,171.961,172.225,20909.0,8,0.0
2025-08-25 00:00:00,172.102,172.58,172.051,172.412,14762.0,8,0.0
2025-08-25 04:00:00,172.414,172.548,172.285,172.348,16727.0,8,0.0
2025-08-25 08:00:00,172.349,172.516,172.321,172.384,21702.0,8,0.0
2025-08-25 12:00:00,172.383,172.47,172.232,172.431,20147.0,8,0.0
2025-08-25 16:00:00,172.43,172.662,171.923,171.95,34332.0,8,0.0
2025-08-25 20:00:00,171.951,171.954,171.574,171.664,24634.0,8,0.0
2025-08-26 00:00:00,171.584,171.735,171.325,171.353,24088.0,8,0.0
2025-08-26 04:00:00,171.352,171.883,171.348,171.879,27623.0,8,0.0
2025-08-26 08:00:00,171.879,172.001,171.327,171.448,37435.0,8,0.0
2025-08-26 12:00:00,171.448,171.95,171.441,171.828,31138.0,8,0.0
2025-08-26 16:00:00,171.83,172.118,171.516,171.594,37457.0,8,0.0
2025-08-26 20:00:00,171.59,171.681,171.513,171.631,18919.0,8,0.0
2025-08-27 00:00:00,171.529,171.782,171.507,171.738,15111.0,8,0.0
2025-08-27 04:00:00,171.739,171.907,171.683,171.823,20350.0,8,0.0
2025-08-27 08:00:00,171.824,171.866,171.25,171.415,27546.0,8,0.0
2025-08-27 12:00:00,171.415,171.704,171.395,171.557,27808.0,8,0.0
2025-08-27 16:00:00,171.557,171.784,171.353,171.501,36583.0,8,0.0
2025-08-27 20:00:00,171.501,171.603,171.415,171.546,19187.0,8,0.0
2025-08-28 00:00:00,171.427,171.752,171.371,171.535,15251.0,8,0.0
2025-08-28 04:00:00,171.535,171.721,171.244,171.293,20786.0,8,0.0
2025-08-28 08:00:00,171.293,171.616,171.117,171.36,29516.0,8,0.0
2025-08-28 12:00:00,171.36,171.744,171.267,171.661,32362.0,8,0.0
2025-08-28 16:00:00,171.66,171.792,171.457,171.653,38513.0,8,0.0
2025-08-28 20:00:00,171.654,171.703,171.509,171.649,17332.0,8,0.0
2025-08-29 00:00:00,171.517,171.695,171.373,171.413,15781.0,8,0.0
2025-08-29 04:00:00,171.413,171.568,171.237,171.359,22245.0,8,0.0
2025-08-29 08:00:00,171.357,171.758,171.352,171.578,27039.0,8,0.0
2025-08-29 12:00:00,171.579,171.796,171.536,171.753,29534.0,8,0.0
2025-08-29 16:00:00,171.756,171.987,171.6,171.911,41084.0,8,0.0
2025-08-29 20:00:00,171.908,172.014,171.773,171.806,16921.0,8,0.0
2025-09-01 00:00:00,171.846,172.256,171.771,172.219,10768.0,8,0.0
2025-09-01 04:00:00,172.218,172.277,171.961,172.163,21035.0,8,0.0
2025-09-01 08:00:00,172.164,172.504,172.055,172.497,27943.0,8,0.0
2025-09-01 12:00:00,172.497,172.542,172.318,172.336,25018.0,8,0.0
2025-09-01 16:00:00,172.333,172.501,172.25,172.333,20949.0,8,0.0
2025-09-01 20:00:00,172.334,172.401,172.279,172.34,7055.0,8,0.0
2025-09-02 00:00:00,172.259,172.501,172.242,172.411,14292.0,8,0.0
2025-09-02 04:00:00,172.412,172.892,172.319,172.739,26546.0,8,0.0
2025-09-02 08:00:00,172.741,173.414,172.66,172.851,46375.0,8,0.0
2025-09-02 12:00:00,172.852,173.208,172.73,172.89,45587.0,8,0.0
2025-09-02 16:00:00,172.891,172.962,172.638,172.678,48482.0,8,0.0
2025-09-02 20:00:00,172.678,172.814,172.62,172.674,18764.0,8,0.0
2025-09-03 00:00:00,172.641,173.073,172.566,173.047,13474.0,8,0.0
2025-09-03 04:00:00,173.048,173.172,172.782,172.833,18652.0,8,0.0
2025-09-03 08:00:00,172.833,173.275,172.752,173.196,32104.0,8,0.0
2025-09-03 12:00:00,173.196,173.301,173.023,173.24,32410.0,8,0.0
2025-09-03 16:00:00,173.24,173.28,172.605,172.721,43057.0,8,0.0
2025-09-03 20:00:00,172.718,172.779,172.537,172.704,19067.0,8,0.0
2025-09-04 00:00:00,172.582,172.729,172.47,172.581,15649.0,8,0.0
2025-09-04 04:00:00,172.575,172.797,172.454,172.722,24513.0,8,0.0
2025-09-04 08:00:00,172.723,172.931,172.645,172.786,28328.0,8,0.0
2025-09-04 12:00:00,172.781,172.881,172.585,172.852,32443.0,8,0.0
2025-09-04 16:00:00,172.852,173.212,172.789,172.987,40171.0,8,0.0
2025-09-04 20:00:00,172.987,173.053,172.952,172.97,16052.0,8,0.0
2025-09-05 00:00:00,172.917,173.039,172.718,172.762,13914.0,8,0.0
2025-09-05 04:00:00,172.763,172.987,172.754,172.925,17805.0,8,0.0
2025-09-05 08:00:00,172.924,173.113,172.89,173.103,23599.0,8,0.0
2025-09-05 12:00:00,173.102,173.267,172.768,172.841,36875.0,8,0.0
2025-09-05 16:00:00,172.843,172.885,172.487,172.724,55578.0,8,0.0
2025-09-05 20:00:00,172.723,172.837,172.652,172.703,22027.0,8,0.0
2025-09-08 00:00:00,173.509,173.913,173.317,173.748,24170.0,8,0.0
2025-09-08 04:00:00,173.751,173.813,173.361,173.54,24440.0,8,0.0
2025-09-08 08:00:00,173.538,173.603,173.066,173.252,30784.0,8,0.0
2025-09-08 12:00:00,173.252,173.4,173.121,173.36,26908.0,8,0.0
2025-09-08 16:00:00,173.362,173.655,173.319,173.393,34787.0,8,0.0
2025-09-08 20:00:00,173.393,173.527,173.313,173.489,19194.0,8,0.0
2025-09-09 00:00:00,173.341,173.502,173.228,173.444,15438.0,8,0.0
2025-09-09 04:00:00,173.445,173.476,173.194,173.211,18873.0,8,0.0
2025-09-09 08:00:00,173.21,173.213,172.258,172.421,35475.0,8,0.0
2025-09-09 12:00:00,172.415,172.45,172.133,172.448,31509.0,8,0.0
2025-09-09 16:00:00,172.448,172.678,172.307,172.588,43011.0,8,0.0
2025-09-09 20:00:00,172.588,172.676,172.511,172.601,19259.0,8,0.0
2025-09-10 00:00:00,172.446,172.635,172.402,172.443,13004.0,8,0.0
2025-09-10 04:00:00,172.444,172.673,172.38,172.591,20457.0,8,0.0
2025-09-10 08:00:00,172.591,172.747,172.384,172.593,30662.0,8,0.0
2025-09-10 12:00:00,172.593,172.725,172.444,172.614,33690.0,8,0.0
2025-09-10 16:00:00,172.617,172.908,172.459,172.512,37928.0,8,0.0
2025-09-10 20:00:00,172.512,172.53,172.371,172.429,15813.0,8,0.0
2025-09-11 00:00:00,172.308,172.503,172.304,172.449,10982.0,8,0.0
2025-09-11 04:00:00,172.449,172.534,172.355,172.497,14550.0,8,0.0
2025-09-11 08:00:00,172.498,172.911,172.422,172.875,27512.0,8,0.0
2025-09-11 12:00:00,172.875,172.97,172.51,172.838,35982.0,8,0.0
2025-09-11 16:00:00,172.84,173.056,172.509,172.603,46173.0,8,0.0
2025-09-11 20:00:00,172.604,172.838,172.583,172.801,20001.0,8,0.0
2025-09-12 00:00:00,172.684,172.868,172.619,172.756,12512.0,8,0.0
2025-09-12 04:00:00,172.756,173.015,172.703,172.965,15319.0,8,0.0
2025-09-12 08:00:00,172.968,173.388,172.784,173.304,29926.0,8,0.0
2025-09-12 12:00:00,173.303,173.44,173.16,173.175,30353.0,8,0.0
2025-09-12 16:00:00,173.175,173.267,172.974,173.199,34218.0,8,0.0
2025-09-12 20:00:00,173.199,173.273,173.09,173.244,16628.0,8,0.0
2025-09-15 00:00:00,173.127,173.358,172.984,173.025,8686.0,8,0.0
2025-09-15 04:00:00,173.024,173.103,172.895,172.962,14634.0,8,0.0
2025-09-15 08:00:00,172.964,173.112,172.904,173.015,25915.0,8,0.0
2025-09-15 12:00:00,173.017,173.445,172.986,173.327,26248.0,8,0.0
2025-09-15 16:00:00,173.326,173.391,173.182,173.242,29270.0,8,0.0
2025-09-15 20:00:00,173.241,173.449,173.24,173.361,17822.0,8,0.0
2025-09-16 00:00:00,173.258,173.436,173.241,173.423,12841.0,8,0.0
2025-09-16 04:00:00,173.423,173.495,173.1,173.134,21360.0,8,0.0
2025-09-16 08:00:00,173.135,173.461,173.019,173.379,32470.0,8,0.0
2025-09-16 12:00:00,173.384,173.691,173.373,173.643,36668.0,8,0.0
2025-09-16 16:00:00,173.642,173.79,173.465,173.642,41078.0,8,0.0
2025-09-16 20:00:00,173.642,173.819,173.592,173.778,22872.0,8,0.0
2025-09-17 00:00:00,173.59,173.849,173.573,173.763,13314.0,8,0.0
2025-09-17 04:00:00,173.765,173.771,173.594,173.608,18199.0,8,0.0
2025-09-17 08:00:00,173.61,173.754,173.449,173.517,26093.0,8,0.0
2025-09-17 12:00:00,173.521,173.528,173.086,173.362,26178.0,8,0.0
2025-09-17 16:00:00,173.365,173.452,173.273,173.396,30619.0,8,0.0
2025-09-17 20:00:00,173.396,173.775,173.181,173.645,58942.0,8,0.0
2025-09-18 00:00:00,173.537,173.758,173.476,173.728,17167.0,8,0.0
2025-09-18 04:00:00,173.726,173.8,173.611,173.629,22062.0,8,0.0
2025-09-18 08:00:00,173.63,174.471,173.603,174.383,37211.0,8,0.0
2025-09-18 12:00:00,174.382,174.438,174.168,174.326,36686.0,8,0.0
2025-09-18 16:00:00,174.326,174.425,174.134,174.288,49165.0,8,0.0
2025-09-18 20:00:00,174.288,174.425,174.25,174.399,19311.0,8,0.0
2025-09-19 00:00:00,174.238,174.501,174.232,174.462,13323.0,8,0.0
2025-09-19 04:00:00,174.462,174.464,173.478,173.704,33875.0,8,0.0
2025-09-19 08:00:00,173.703,174.166,173.58,173.904,43339.0,8,0.0
2025-09-19 12:00:00,173.902,174.062,173.768,173.889,31167.0,8,0.0
2025-09-19 16:00:00,173.888,173.998,173.651,173.781,37479.0,8,0.0
2025-09-19 20:00:00,173.78,173.873,173.746,173.774,15065.0,8,0.0
2025-09-22 00:00:00,173.667,173.92,173.62,173.871,11593.0,8,0.0
2025-09-22 04:00:00,173.871,174.078,173.848,173.959,19705.0,8,0.0
2025-09-22 08:00:00,173.959,174.069,173.837,173.923,29425.0,8,0.0
2025-09-22 12:00:00,173.923,174.275,173.885,174.214,27961.0,8,0.0
2025-09-22 16:00:00,174.215,174.272,173.978,174.168,33072.0,8,0.0
2025-09-22 20:00:00,174.168,174.38,174.139,174.358,15970.0,8,0.0
2025-09-23 00:00:00,174.179,174.389,174.137,174.339,9814.0,8,0.0
2025-09-23 04:00:00,174.338,174.493,174.302,174.368,16828.0,8,0.0
2025-09-23 08:00:00,174.367,174.424,174.051,174.166,30137.0,8,0.0
2025-09-23 12:00:00,174.166,174.392,174.11,174.328,27392.0,8,0.0
2025-09-23 16:00:00,174.327,174.474,174.216,174.444,35579.0,8,0.0
2025-09-23 20:00:00,174.444,174.46,174.229,174.436,22704.0,8,0.0
2025-09-24 00:00:00,174.295,174.537,174.22,174.433,15091.0,8,0.0
2025-09-24 04:00:00,174.432,174.648,174.302,174.567,19390.0,8,0.0
2025-09-24 08:00:00,174.567,174.632,174.337,174.535,27397.0,8,0.0
2025-09-24 12:00:00,174.535,174.592,174.361,174.576,27645.0,8,0.0
2025-09-24 16:00:00,174.577,174.699,174.454,174.538,34934.0,8,0.0
2025-09-24 20:00:00,174.538,174.784,174.528,174.769,15289.0,8,0.0
2025-09-25 00:00:00,174.718,174.788,174.495,174.534,11491.0,8,0.0
2025-09-25 04:00:00,174.534,174.784,174.523,174.639,17350.0,8,0.0
2025-09-25 08:00:00,174.638,174.869,174.506,174.664,27739.0,8,0.0
2025-09-25 12:00:00,174.665,174.836,174.492,174.585,31298.0,8,0.0
2025-09-25 16:00:00,174.585,174.94,174.526,174.844,43180.0,8,0.0
2025-09-25 20:00:00,174.845,174.861,174.55,174.729,21059.0,8,0.0
2025-09-26 00:00:00,174.608,174.852,174.535,174.699,17365.0,8,0.0
2025-09-26 04:00:00,174.699,174.86,174.658,174.782,17069.0,8,0.0
2025-09-26 08:00:00,174.782,175.017,174.75,174.919,24484.0,8,0.0
2025-09-26 12:00:00,174.919,174.974,174.712,174.804,29338.0,8,0.0
2025-09-26 16:00:00,174.804,175.052,174.766,174.867,37077.0,8,0.0
2025-09-26 20:00:00,174.866,175.01,174.817,174.86,15080.0,8,0.0
2025-09-29 00:00:00,174.879,174.999,174.798,174.857,12609.0,8,0.0
2025-09-29 04:00:00,174.855,174.889,174.59,174.672,19676.0,8,0.0
2025-09-29 08:00:00,174.674,174.751,173.985,174.129,29743.0,8,0.0
2025-09-29 12:00:00,174.128,174.621,174.053,174.609,28443.0,8,0.0
2025-09-29 16:00:00,174.609,174.65,174.183,174.275,32871.0,8,0.0
2025-09-29 20:00:00,174.274,174.382,174.147,174.25,14749.0,8,0.0
2025-09-30 00:00:00,174.196,174.416,174.17,174.398,13794.0,8,0.0
2025-09-30 04:00:00,174.4,174.402,173.965,174.056,21294.0,8,0.0
2025-09-30 08:00:00,174.057,174.129,173.696,173.811,34252.0,8,0.0
2025-09-30 12:00:00,173.811,173.925,173.569,173.659,24761.0,8,0.0
2025-09-30 16:00:00,173.661,173.705,173.388,173.694,39931.0,8,0.0
2025-09-30 20:00:00,173.694,173.721,173.533,173.579,17823.0,8,0.0
2025-10-01 00:00:00,173.403,173.914,173.396,173.818,14395.0,8,0.0
2025-10-01 04:00:00,173.818,173.839,173.479,173.496,18925.0,8,0.0
2025-10-01 08:00:00,173.495,173.579,172.807,172.891,40075.0,8,0.0
2025-10-01 12:00:00,172.891,172.919,172.298,172.472,42265.0,8,0.0
2025-10-01 16:00:00,172.472,172.668,172.346,172.517,49429.0,8,0.0
2025-10-01 20:00:00,172.517,172.667,172.494,172.5,16568.0,8,0.0
2025-10-02 00:00:00,172.421,172.744,172.389,172.653,13924.0,8,0.0
2025-10-02 04:00:00,172.654,172.768,172.507,172.699,15749.0,8,0.0
2025-10-02 08:00:00,172.7,172.945,172.464,172.54,30368.0,8,0.0
2025-10-02 12:00:00,172.54,172.811,172.277,172.733,27634.0,8,0.0
2025-10-02 16:00:00,172.732,172.744,172.262,172.401,38949.0,8,0.0
2025-10-02 20:00:00,172.402,172.573,172.377,172.522,13187.0,8,0.0
2025-10-03 00:00:00,172.459,172.771,172.432,172.759,11381.0,8,0.0
2025-10-03 04:00:00,172.758,173.22,172.627,173.102,17681.0,8,0.0
2025-10-03 08:00:00,173.103,173.191,172.91,172.967,27182.0,8,0.0
2025-10-03 12:00:00,172.966,173.01,172.794,172.881,22932.0,8,0.0
2025-10-03 16:00:00,172.88,173.242,172.805,173.163,38059.0,8,0.0
2025-10-03 20:00:00,173.168,173.175,173.012,173.15,15346.0,8,0.0
2025-10-06 00:00:00,175.181,175.499,174.715,175.395,35121.0,8,0.0
2025-10-06 04:00:00,175.395,176.239,175.297,176.17,27567.0,8,0.0
2025-10-06 08:00:00,176.17,176.252,174.898,175.443,46574.0,8,0.0
2025-10-06 12:00:00,175.44,175.592,174.968,175.08,40721.0,8,0.0
2025-10-06 16:00:00,175.08,175.874,175.055,175.869,37592.0,8,0.0
2025-10-06 20:00:00,175.869,176.138,175.778,176.103,14976.0,8,0.0
2025-10-07 00:00:00,175.94,176.345,175.833,176.204,16848.0,8,0.0
2025-10-07 04:00:00,176.205,176.26,175.871,175.958,16519.0,8,0.0
2025-10-07 08:00:00,175.958,176.103,175.784,175.913,28550.0,8,0.0
2025-10-07 12:00:00,175.911,176.061,175.793,175.973,27869.0,8,0.0
2025-10-07 16:00:00,175.971,176.723,175.892,176.6,40152.0,8,0.0
2025-10-07 20:00:00,176.601,177.147,176.597,177.075,22527.0,8,0.0
2025-10-08 00:00:00,177.035,177.457,176.924,177.394,17605.0,8,0.0
2025-10-08 04:00:00,177.398,177.435,176.961,177.035,25333.0,8,0.0
2025-10-08 08:00:00,177.035,177.455,176.898,177.405,37040.0,8,0.0
2025-10-08 12:00:00,177.406,177.853,177.358,177.402,31984.0,8,0.0
2025-10-08 16:00:00,177.401,177.598,177.183,177.277,34484.0,8,0.0
2025-10-08 20:00:00,177.277,177.625,177.269,177.565,21193.0,8,0.0
2025-10-09 00:00:00,177.44,177.701,177.328,177.701,20172.0,8,0.0
2025-10-09 04:00:00,177.701,177.788,177.412,177.558,21402.0,8,0.0
2025-10-09 08:00:00,177.559,177.935,177.39,177.441,33992.0,8,0.0
2025-10-09 12:00:00,177.439,177.508,177.235,177.413,31034.0,2,0.0
2025-10-09 16:00:00,177.414,177.479,176.773,176.843,51667.0,8,0.0
2025-10-09 20:00:00,176.838,177.036,176.795,177.02,20887.0,8,0.0
2025-10-10 00:00:00,176.783,177.156,176.779,176.944,16374.0,8,0.0
2025-10-10 04:00:00,176.944,177.018,176.65,176.801,19373.0,8,0.0
2025-10-10 08:00:00,176.801,177.084,176.328,176.757,37697.0,8,0.0
2025-10-10 12:00:00,176.755,176.926,176.443,176.547,29307.0,8,0.0
2025-10-10 16:00:00,176.547,176.695,176.167,176.288,59553.0,8,0.0
2025-10-10 20:00:00,176.288,176.325,175.659,175.699,28772.0,8,0.0
2025-10-13 00:00:00,176.278,176.511,176.121,176.378,26492.0,8,0.0
2025-10-13 04:00:00,176.379,176.619,176.377,176.523,21855.0,8,0.0
2025-10-13 08:00:00,176.525,176.911,176.339,176.493,35559.0,8,0.0
2025-10-13 12:00:00,176.491,176.567,175.901,176.09,27654.0,8,0.0
2025-10-13 16:00:00,176.089,176.295,175.995,176.27,32456.0,8,0.0
2025-10-13 20:00:00,176.271,176.331,176.145,176.212,14194.0,8,0.0
2025-10-14 00:00:00,176.03,176.376,176.024,176.266,16298.0,8,0.0
2025-10-14 04:00:00,176.267,176.452,175.84,176.031,25824.0,8,0.0
2025-10-14 08:00:00,176.032,176.037,175.348,175.668,47654.0,8,0.0
2025-10-14 12:00:00,175.669,175.872,175.504,175.698,34821.0,8,0.0
2025-10-14 16:00:00,175.697,176.284,175.687,176.158,51717.0,8,0.0
2025-10-14 20:00:00,176.156,176.233,175.973,176.195,21704.0,8,0.0
2025-10-15 00:00:00,176.049,176.29,175.881,175.972,16409.0,8,0.0
2025-10-15 04:00:00,175.972,176.011,175.511,175.723,24612.0,8,0.0
2025-10-15 08:00:00,175.726,176.171,175.437,175.906,33426.0,8,0.0
2025-10-15 12:00:00,175.907,176.259,175.898,176.165,31709.0,8,0.0
2025-10-15 16:00:00,176.165,176.302,175.843,175.986,42049.0,8,0.0
2025-10-15 20:00:00,175.986,176.154,175.813,175.937,23659.0,8,0.0
2025-10-16 00:00:00,175.865,176.004,175.5,175.772,20165.0,8,0.0
2025-10-16 04:00:00,175.773,176.136,175.67,176.052,25898.0,8,0.0
2025-10-16 08:00:00,176.057,176.36,175.868,176.33,35909.0,8,0.0
2025-10-16 12:00:00,176.33,176.457,176.05,176.188,29713.0,8,0.0
2025-10-16 16:00:00,176.191,176.326,175.451,175.618,53453.0,8,0.0
2025-10-16 20:00:00,175.618,175.857,175.541,175.826,38039.0,8,0.0
2025-10-17 00:00:00,175.663,175.872,175.528,175.869,18916.0,8,0.0
2025-10-17 04:00:00,175.869,175.968,175.553,175.604,28101.0,8,0.0
2025-10-17 08:00:00,175.604,175.671,174.813,175.198,53851.0,8,0.0
2025-10-17 12:00:00,175.199,175.751,175.027,175.593,49363.0,8,0.0
2025-10-17 16:00:00,175.594,175.678,175.242,175.539,53844.0,8,0.0
2025-10-17 20:00:00,175.539,175.645,175.474,175.479,23455.0,8,0.0
2025-10-20 00:00:00,175.426,176.074,175.261,176.057,16044.0,8,0.0
2025-10-20 04:00:00,176.059,176.367,175.634,175.769,18069.0,8,0.0
2025-10-20 08:00:00,175.77,175.92,175.598,175.635,27626.0,8,0.0
2025-10-20 12:00:00,175.632,175.838,175.239,175.581,29019.0,8,0.0
2025-10-20 16:00:00,175.584,175.708,175.432,175.532,29445.0,8,0.0
2025-10-20 20:00:00,175.54,175.636,175.41,175.491,12022.0,8,0.0
2025-10-21 00:00:00,175.361,175.65,175.351,175.561,13378.0,8,0.0
2025-10-21 04:00:00,175.558,175.929,175.39,175.789,22371.0,8,0.0
2025-10-21 08:00:00,175.789,176.244,175.57,176.188,36880.0,8,0.0
2025-10-21 12:00:00,176.186,176.614,176.166,176.522,29547.0,8,0.0
2025-10-21 16:00:00,176.521,176.571,175.841,176.287,38660.0,8,0.0
2025-10-21 20:00:00,176.288,176.379,176.163,176.226,15479.0,8,0.0
2025-10-22 00:00:00,176.17,176.269,175.953,175.958,11761.0,8,0.0
2025-10-22 04:00:00,175.958,176.278,175.849,176.179,16351.0,8,0.0
2025-10-22 08:00:00,176.178,176.376,175.867,175.921,27709.0,8,0.0
2025-10-22 12:00:00,175.922,176.04,175.767,175.978,24953.0,8,0.0
2025-10-22 16:00:00,175.979,176.387,175.972,176.339,35003.0,8,0.0
2025-10-22 20:00:00,176.339,176.431,176.09,176.396,18946.0,8,0.0
2025-10-23 00:00:00,176.327,176.635,176.292,176.557,11986.0,8,0.0
2025-10-23 04:00:00,176.558,176.846,176.53,176.78,13676.0,8,0.0
2025-10-23 08:00:00,176.78,177.014,176.673,176.967,21965.0,8,0.0
2025-10-23 12:00:00,176.966,177.046,176.868,176.951,21198.0,8,0.0
2025-10-23 16:00:00,176.95,177.445,176.889,177.258,29127.0,8,0.0
2025-10-23 20:00:00,177.257,177.317,177.17,177.261,12664.0,8,0.0
2025-10-24 00:00:00,177.155,177.36,177.154,177.344,9075.0,8,0.0
2025-10-24 04:00:00,177.346,177.529,177.305,177.467,14448.0,8,0.0
2025-10-24 08:00:00,177.468,177.706,177.3,177.578,23879.0,8,0.0
2025-10-24 12:00:00,177.573,177.671,177.31,177.621,24973.0,8,0.0
2025-10-24 16:00:00,177.623,177.828,177.56,177.685,31450.0,8,0.0
2025-10-24 20:00:00,177.684,177.77,177.625,177.724,12416.0,8,0.0
2025-10-27 00:00:00,177.877,178.132,177.795,177.883,18417.0,8,0.0
2025-10-27 04:00:00,177.883,178.111,177.875,178.03,13287.0,8,0.0
2025-10-27 08:00:00,178.026,178.076,177.626,177.771,24374.0,8,0.0
2025-10-27 12:00:00,177.772,178.232,177.678,178.155,23871.0,8,0.0
2025-10-27 16:00:00,178.154,178.227,178.039,178.132,22207.0,8,0.0
2025-10-27 20:00:00,178.129,178.136,177.967,178.018,10109.0,8,0.0
2025-10-28 00:00:00,177.929,177.993,177.568,177.659,16554.0,8,0.0
2025-10-28 04:00:00,177.656,177.745,177.039,177.186,19683.0,8,0.0
2025-10-28 08:00:00,177.185,177.531,176.991,177.085,27255.0,8,0.0
2025-10-28 12:00:00,177.085,177.322,177.04,177.149,26040.0,8,0.0
2025-10-28 16:00:00,177.149,177.56,177.075,177.48,28778.0,8,0.0
2025-10-28 20:00:00,177.48,177.502,177.148,177.164,11732.0,8,0.0
2025-10-29 00:00:00,177.191,177.306,176.636,176.914,20082.0,8,0.0
2025-10-29 04:00:00,176.915,177.41,176.816,177.22,15805.0,8,0.0
2025-10-29 08:00:00,177.22,177.306,176.842,177.217,24357.0,8,0.0
2025-10-29 12:00:00,177.216,177.358,176.769,176.877,24545.0,8,0.0
2025-10-29 16:00:00,176.879,177.409,176.81,177.343,26668.0,8,0.0
2025-10-29 20:00:00,177.342,177.592,177.048,177.136,35473.0,8,0.0
2025-10-30 00:00:00,177.11,177.389,177.05,177.168,18020.0,8,0.0
2025-10-30 04:00:00,177.168,177.906,176.815,177.899,30740.0,8,0.0
2025-10-30 08:00:00,177.9,178.787,177.779,178.647,33921.0,8,0.0
2025-10-30 12:00:00,178.647,178.822,178.224,178.561,34122.0,8,0.0
2025-10-30 16:00:00,178.562,178.612,178.15,178.245,30384.0,8,0.0
2025-10-30 20:00:00,178.247,178.344,178.145,178.241,11485.0,8,0.0
2025-10-31 00:00:00,178.236,178.304,177.836,177.955,15690.0,8,0.0
2025-10-31 04:00:00,177.957,178.228,177.94,178.055,13211.0,8,0.0
2025-10-31 08:00:00,178.059,178.56,178.041,178.437,24355.0,8,0.0
2025-10-31 12:00:00,178.437,178.439,177.753,177.795,26130.0,8,0.0
2025-10-31 16:00:00,177.795,177.848,177.447,177.589,32008.0,8,0.0
2025-10-31 20:00:00,177.591,177.765,177.533,177.694,10930.0,8,0.0
2025-11-03 00:00:00,177.592,177.855,177.486,177.648,14104.0,8,0.0
2025-11-03 04:00:00,177.648,177.794,177.608,177.782,10587.0,8,0.0
2025-11-03 08:00:00,177.783,177.978,177.374,177.511,19276.0,8,0.0
2025-11-03 12:00:00,177.512,177.62,177.415,177.556,19535.0,8,0.0
2025-11-03 16:00:00,177.556,177.778,177.234,177.693,30778.0,8,0.0
2025-11-03 20:00:00,177.693,177.743,177.576,177.628,13346.0,8,0.0
2025-11-04 00:00:00,177.594,177.677,177.485,177.631,14744.0,8,0.0
2025-11-04 04:00:00,177.632,177.648,176.948,176.985,17310.0,8,0.0
2025-11-04 08:00:00,176.984,177.112,176.469,176.523,30552.0,8,0.0
2025-11-04 12:00:00,176.521,176.71,176.246,176.276,25122.0,8,0.0
2025-11-04 16:00:00,176.273,176.456,176.09,176.381,28865.0,8,0.0
2025-11-04 20:00:00,176.381,176.462,176.298,176.431,15123.0,8,0.0
2025-11-05 00:00:00,176.394,176.536,175.698,175.973,21149.0,8,0.0
2025-11-05 04:00:00,175.973,176.48,175.875,176.42,21624.0,8,0.0
2025-11-05 08:00:00,176.42,176.616,176.31,176.501,24988.0,8,0.0
2025-11-05 12:00:00,176.505,176.798,176.395,176.67,23305.0,8,0.0
2025-11-05 16:00:00,176.67,177.138,176.639,176.885,32369.0,8,0.0
2025-11-05 20:00:00,176.885,177.125,176.833,177.095,11607.0,8,0.0
2025-11-06 00:00:00,177.039,177.159,176.893,177.064,13352.0,8,0.0
2025-11-06 04:00:00,177.063,177.204,176.992,177.121,11918.0,8,0.0
2025-11-06 08:00:00,177.12,177.214,176.867,176.986,20746.0,8,0.0
2025-11-06 12:00:00,176.985,177.184,176.887,177.076,22448.0,8,0.0
2025-11-06 16:00:00,177.076,177.126,176.28,176.588,37231.0,8,0.0
2025-11-06 20:00:00,176.592,176.867,176.528,176.748,18482.0,8,0.0
2025-11-07 00:00:00,176.633,176.891,176.492,176.68,19242.0,8,0.0
2025-11-07 04:00:00,176.679,176.892,176.523,176.873,15720.0,8,0.0
2025-11-07 08:00:00,176.873,177.144,176.873,177.102,20657.0,8,0.0
2025-11-07 12:00:00,177.102,177.418,176.866,177.396,26183.0,8,0.0
2025-11-07 16:00:00,177.397,177.606,177.168,177.292,38385.0,8,0.0
2025-11-07 20:00:00,177.293,177.531,177.167,177.42,21557.0,8,0.0
2025-11-10 00:00:00,177.585,177.825,177.341,177.8,22253.0,8,0.0
2025-11-10 04:00:00,177.801,178.076,177.742,177.985,16334.0,8,0.0
2025-11-10 08:00:00,177.984,178.45,177.939,178.341,22326.0,8,0.0
2025-11-10 12:00:00,178.342,178.389,178.171,178.213,18301.0,8,0.0
2025-11-10 16:00:00,178.214,178.23,177.735,177.984,26556.0,8,0.0
2025-11-10 20:00:00,177.986,178.168,177.947,178.134,11437.0,8,0.0
2025-11-11 00:00:00,177.994,178.395,177.954,178.316,13994.0,8,0.0
2025-11-11 04:00:00,178.316,178.394,178.179,178.194,14347.0,8,0.0
2025-11-11 08:00:00,178.192,178.516,178.111,178.477,20324.0,8,0.0
2025-11-11 12:00:00,178.478,178.567,178.257,178.388,22334.0,8,0.0
2025-11-11 16:00:00,178.39,178.741,178.349,178.649,23282.0,8,0.0
2025-11-11 20:00:00,178.648,178.698,178.509,178.523,10415.0,8,0.0
2025-11-12 00:00:00,178.534,178.739,178.448,178.633,14243.0,8,0.0
2025-11-12 04:00:00,178.634,179.141,178.62,179.016,16029.0,8,0.0
2025-11-12 08:00:00,179.014,179.289,179.009,179.155,21332.0,8,0.0
2025-11-12 12:00:00,179.156,179.309,179.099,179.298,20116.0,8,0.0
2025-11-12 16:00:00,179.298,179.449,179.147,179.222,27852.0,8,0.0
2025-11-12 20:00:00,179.221,179.463,179.143,179.446,14404.0,8,0.0
2025-11-13 00:00:00,179.37,179.496,179.243,179.325,15969.0,8,0.0
2025-11-13 04:00:00,179.328,179.499,179.222,179.463,14871.0,8,0.0
2025-11-13 08:00:00,179.465,179.814,179.347,179.506,25893.0,8,0.0
2025-11-13 12:00:00,179.507,179.749,179.454,179.706,23733.0,8,0.0
2025-11-13 16:00:00,179.706,179.931,179.401,179.797,36796.0,8,0.0
2025-11-13 20:00:00,179.796,179.831,179.658,179.775,20866.0,8,0.0
2025-11-14 00:00:00,179.747,179.947,179.697,179.738,16675.0,8,0.0
2025-11-14 04:00:00,179.737,179.937,179.676,179.935,16892.0,8,0.0
2025-11-14 08:00:00,179.935,179.973,179.638,179.778,27894.0,8,0.0
2025-11-14 12:00:00,179.777,179.79,178.974,179.32,32971.0,8,0.0
2025-11-14 16:00:00,179.321,179.7,179.171,179.601,39398.0,8,0.0
2025-11-14 20:00:00,179.601,179.642,179.474,179.541,16099.0,8,0.0
2025-11-17 00:00:00,179.52,179.653,179.264,179.406,15212.0,8,0.0
2025-11-17 04:00:00,179.405,179.556,179.348,179.442,11290.0,8,0.0
2025-11-17 08:00:00,179.442,179.718,179.432,179.535,21422.0,8,0.0
2025-11-17 12:00:00,179.534,179.637,179.46,179.536,19945.0,8,0.0
2025-11-17 16:00:00,179.536,180.018,179.488,179.885,27545.0,8,0.0
2025-11-17 20:00:00,179.884,179.961,179.747,179.96,16513.0,8,0.0
2025-11-18 00:00:00,179.833,180.022,179.811,179.891,14720.0,8,0.0
2025-11-18 04:00:00,179.891,179.968,179.603,179.862,21474.0,8,0.0
2025-11-18 08:00:00,179.863,179.957,179.629,179.905,33024.0,8,0.0
2025-11-18 12:00:00,179.904,180.096,179.804,179.949,26650.0,8,0.0
2025-11-18 16:00:00,179.945,180.225,179.783,180.218,39949.0,8,0.0
2025-11-18 20:00:00,180.22,180.29,180.059,180.088,16698.0,8,0.0
2025-11-19 00:00:00,179.976,180.172,179.938,180.014,18535.0,8,0.0
2025-11-19 04:00:00,180.013,180.059,179.775,180.057,21892.0,8,0.0
2025-11-19 08:00:00,180.057,180.5,180.02,180.486,23244.0,8,0.0
2025-11-19 12:00:00,180.486,180.977,180.424,180.86,24977.0,8,0.0
2025-11-19 16:00:00,180.862,180.998,180.602,180.787,35126.0,8,0.0
2025-11-19 20:00:00,180.783,181.354,180.732,181.319,21171.0,8,0.0
2025-11-20 00:00:00,181.224,181.429,180.962,181.404,18941.0,8,0.0
2025-11-20 04:00:00,181.405,181.461,181.118,181.448,19243.0,8,0.0
2025-11-20 08:00:00,181.448,181.727,181.016,181.197,27331.0,8,0.0
2025-11-20 12:00:00,181.196,181.799,181.151,181.652,27649.0,8,0.0
2025-11-20 16:00:00,181.654,182.007,181.422,181.608,50631.0,8,0.0
2025-11-20 20:00:00,181.607,181.838,181.495,181.531,26330.0,8,0.0
2025-11-21 00:00:00,181.504,181.647,181.276,181.63,19871.0,8,0.0
2025-11-21 04:00:00,181.626,181.657,181.266,181.371,21054.0,8,0.0
2025-11-21 08:00:00,181.371,181.45,180.665,180.68,32046.0,8,0.0
2025-11-21 12:00:00,180.68,180.727,180.3,180.667,37639.0,8,0.0
2025-11-21 16:00:00,180.669,180.683,179.767,180.145,50624.0,8,0.0
2025-11-21 20:00:00,180.146,180.255,179.982,180.077,21047.0,8,0.0
2025-11-24 00:00:00,180.02,180.407,179.997,180.392,13241.0,8,0.0
2025-11-24 04:00:00,180.392,180.455,180.324,180.419,12875.0,8,0.0
2025-11-24 08:00:00,180.422,180.925,180.415,180.728,22073.0,8,0.0
2025-11-24 12:00:00,180.726,181.266,180.699,181.056,20983.0,8,0.0
2025-11-24 16:00:00,181.056,181.21,180.654,180.701,28139.0,8,0.0
2025-11-24 20:00:00,180.7,180.786,180.649,180.772,12984.0,8,0.0
2025-11-25 00:00:00,180.664,180.857,180.477,180.552,15435.0,8,0.0
2025-11-25 04:00:00,180.551,180.642,180.425,180.509,13995.0,8,0.0
2025-11-25 08:00:00,180.509,180.589,180.094,180.276,24094.0,8,0.0
2025-11-25 12:00:00,180.276,180.849,180.217,180.479,27979.0,8,0.0
2025-11-25 16:00:00,180.479,180.706,180.371,180.569,38197.0,8,0.0
2025-11-25 20:00:00,180.568,180.609,180.489,180.559,16732.0,8,0.0
2025-11-26 00:00:00,180.37,180.954,180.37,180.54,18402.0,8,0.0
2025-11-26 04:00:00,180.539,180.975,180.348,180.949,20613.0,8,0.0
2025-11-26 08:00:00,180.951,181.263,180.912,181.046,25611.0,8,0.0
2025-11-26 12:00:00,181.046,181.247,180.931,180.981,32659.0,8,0.0
2025-11-26 16:00:00,180.981,181.461,180.91,181.318,29268.0,8,0.0
2025-11-26 20:00:00,181.318,181.442,181.275,181.414,12516.0,8,0.0
2025-11-27 00:00:00,181.322,181.393,180.754,181.164,15327.0,8,0.0
2025-11-27 04:00:00,181.164,181.336,180.801,180.976,16611.0,8,0.0
2025-11-27 08:00:00,180.981,181.268,180.93,181.023,20323.0,8,0.0
2025-11-27 12:00:00,181.023,181.236,180.965,181.186,16349.0,8,0.0
2025-11-27 16:00:00,181.186,181.306,181.142,181.264,12544.0,8,0.0
2025-11-27 20:00:00,181.262,181.3,181.207,181.231,4539.0,8,0.0
2025-11-28 00:00:00,181.163,181.519,181.13,181.133,13600.0,8,0.0
2025-11-28 04:00:00,181.134,181.262,180.846,181.176,46271.0,8,0.0
2025-11-28 08:00:00,181.179,181.256,180.801,180.818,63103.0,8,0.0
2025-11-28 12:00:00,180.823,180.905,180.524,180.585,51974.0,8,0.0
2025-11-28 16:00:00,180.583,181.248,180.581,181.244,33100.0,8,0.0
2025-11-28 20:00:00,181.245,181.268,181.024,181.062,17181.0,8,0.0
2025-12-01 00:00:00,180.884,181.147,180.542,180.621,21980.0,8,0.0
2025-12-01 04:00:00,180.623,180.635,180.191,180.457,18297.0,8,0.0
2025-12-01 08:00:00,180.457,180.642,180.282,180.478,29581.0,8,0.0
2025-12-01 12:00:00,180.476,180.636,180.134,180.311,31098.0,8,0.0
2025-12-01 16:00:00,180.312,180.597,180.196,180.527,35318.0,8,0.0
2025-12-01 20:00:00,180.526,180.598,180.449,180.483,14098.0,8,0.0
2025-12-02 00:00:00,180.414,180.781,180.391,180.675,12401.0,8,0.0
2025-12-02 04:00:00,180.677,180.777,180.633,180.71,12904.0,8,0.0
2025-12-02 08:00:00,180.71,181.185,180.706,181.076,23116.0,8,0.0
2025-12-02 12:00:00,181.077,181.295,180.976,181.206,22651.0,8,0.0
2025-12-02 16:00:00,181.204,181.359,180.755,181.007,35295.0,8,0.0
2025-12-02 20:00:00,181.007,181.202,180.98,181.194,16663.0,8,0.0
2025-12-03 00:00:00,181.016,181.223,181.016,181.134,12350.0,8,0.0
2025-12-03 04:00:00,181.134,181.289,181.118,181.265,12289.0,8,0.0
2025-12-03 08:00:00,181.267,181.321,181.107,181.23,22855.0,8,0.0
2025-12-03 12:00:00,181.23,181.458,181.202,181.399,24955.0,8,0.0
2025-12-03 16:00:00,181.398,181.421,180.798,181.009,37524.0,8,0.0
2025-12-03 20:00:00,181.011,181.176,181.007,181.171,12620.0,8,0.0
2025-12-04 00:00:00,181.12,181.201,180.823,181.083,11795.0,8,0.0
2025-12-04 04:00:00,181.083,181.288,180.96,180.989,14562.0,8,0.0
2025-12-04 08:00:00,180.984,181.155,180.704,180.79,24652.0,8,0.0
2025-12-04 12:00:00,180.788,180.83,180.4,180.574,24790.0,8,0.0
2025-12-04 16:00:00,180.574,180.674,180.398,180.597,31746.0,8,0.0
2025-12-04 20:00:00,180.596,180.662,180.535,180.61,15970.0,8,0.0
2025-12-05 00:00:00,180.492,180.771,180.464,180.647,13897.0,8,0.0
2025-12-05 04:00:00,180.647,180.728,180.168,180.25,15757.0,8,0.0
2025-12-05 08:00:00,180.248,180.556,180.092,180.547,25200.0,8,0.0
2025-12-05 12:00:00,180.546,180.845,180.54,180.829,23920.0,8,0.0
2025-12-05 16:00:00,180.83,180.924,180.657,180.816,30984.0,8,0.0
2025-12-05 20:00:00,180.816,180.877,180.759,180.85,13572.0,8,0.0
2025-12-08 00:00:00,180.565,180.87,180.503,180.505,16418.0,8,0.0
2025-12-08 04:00:00,180.504,180.971,180.493,180.903,16245.0,8,0.0
2025-12-08 08:00:00,180.903,181.21,180.891,181.108,23853.0,8,0.0
2025-12-08 12:00:00,181.108,181.334,181.071,181.28,23489.0,8,0.0
2025-12-08 16:00:00,181.279,181.434,181.074,181.279,30908.0,8,0.0
2025-12-08 20:00:00,181.278,181.494,181.234,181.449,14155.0,8,0.0
2025-12-09 00:00:00,181.285,181.592,181.274,181.456,11793.0,8,0.0
2025-12-09 04:00:00,181.458,181.779,181.409,181.731,13155.0,8,0.0
2025-12-09 08:00:00,181.732,182.146,181.617,181.875,24133.0,8,0.0
2025-12-09 12:00:00,181.875,182.018,181.669,181.897,23292.0,8,0.0
2025-12-09 16:00:00,181.896,182.643,181.882,182.401,30415.0,8,0.0
2025-12-09 20:00:00,182.4,182.488,182.285,182.384,10876.0,8,0.0
2025-12-10 00:00:00,182.256,182.446,182.117,182.152,12998.0,8,0.0
2025-12-10 04:00:00,182.152,182.253,182.004,182.246,11471.0,8,0.0
2025-12-10 08:00:00,182.246,182.617,182.241,182.48,18862.0,8,0.0
2025-12-10 12:00:00,182.48,182.499,182.185,182.227,19969.0,8,0.0
2025-12-10 16:00:00,182.227,182.292,182.051,182.23,24282.0,8,0.0
2025-12-10 20:00:00,182.231,182.551,182.213,182.492,34388.0,8,0.0
2025-12-11 00:00:00,182.208,182.482,182.059,182.215,16160.0,8,0.0
2025-12-11 04:00:00,182.215,182.393,181.932,182.367,17597.0,8,0.0
2025-12-11 08:00:00,182.37,182.553,182.276,182.395,23568.0,8,0.0
2025-12-11 12:00:00,182.396,182.543,182.139,182.161,25886.0,8,0.0
2025-12-11 16:00:00,182.163,182.574,181.876,182.487,33692.0,8,0.0
2025-12-11 20:00:00,182.487,182.747,182.477,182.615,16287.0,8,0.0
2025-12-12 00:00:00,182.579,182.852,182.506,182.673,15934.0,8,0.0
2025-12-12 04:00:00,182.672,182.821,182.637,182.82,12205.0,8,0.0
2025-12-12 08:00:00,182.821,182.943,182.6,182.899,22760.0,8,0.0
2025-12-12 12:00:00,182.9,183.007,182.681,182.999,19937.0,8,0.0
2025-12-12 16:00:00,182.998,183.156,182.679,183.007,33625.0,8,0.0
2025-12-12 20:00:00,183.007,183.057,182.898,182.905,15055.0,8,0.0
2025-12-15 00:00:00,182.808,183.004,182.701,182.708,12411.0,8,0.0
2025-12-15 04:00:00,182.717,182.753,181.922,181.923,15775.0,8,0.0
2025-12-15 08:00:00,181.923,182.187,181.836,181.979,21742.0,8,0.0
2025-12-15 12:00:00,181.979,182.336,181.946,182.272,17999.0,8,0.0
2025-12-15 16:00:00,182.277,182.614,182.083,182.422,29906.0,8,0.0
2025-12-15 20:00:00,182.422,182.459,182.346,182.404,9616.0,8,0.0
2025-12-16 00:00:00,182.314,182.422,181.928,181.991,18893.0,8,0.0
2025-12-16 04:00:00,181.991,182.094,181.781,181.946,18102.0,8,0.0
2025-12-16 08:00:00,181.946,182.164,181.914,182.038,23304.0,8,0.0
2025-12-16 12:00:00,182.034,182.304,181.978,182.187,29045.0,8,0.0
2025-12-16 16:00:00,182.187,182.475,181.958,181.967,40144.0,8,0.0
2025-12-16 20:00:00,181.965,181.987,181.712,181.763,17969.0,8,0.0
2025-12-17 00:00:00,181.72,181.908,181.568,181.7,15431.0,8,0.0
2025-12-17 04:00:00,181.701,182.004,181.701,181.978,18177.0,8,0.0
2025-12-17 08:00:00,181.978,182.256,181.89,182.22,27034.0,8,0.0
2025-12-17 12:00:00,182.222,182.425,182.107,182.352,24624.0,8,0.0
2025-12-17 16:00:00,182.353,182.842,182.304,182.739,33658.0,8,0.0
2025-12-17 20:00:00,182.739,182.875,182.704,182.789,13679.0,8,0.0
2025-12-18 00:00:00,182.711,182.852,182.51,182.85,14120.0,8,0.0
2025-12-18 04:00:00,182.851,183.094,182.761,183.011,14330.0,8,0.0
2025-12-18 08:00:00,183.01,183.17,182.645,182.785,21401.0,8,0.0
2025-12-18 12:00:00,182.777,182.843,182.441,182.772,27835.0,8,0.0
2025-12-18 16:00:00,182.772,182.772,182.289,182.39,36116.0,8,0.0
2025-12-18 20:00:00,182.392,182.491,182.309,182.362,12191.0,8,0.0
2025-12-19 00:00:00,182.194,182.687,182.18,182.595,11845.0,8,0.0
2025-12-19 04:00:00,182.594,182.997,182.44,182.824,19710.0,8,0.0
2025-12-19 08:00:00,182.822,184.128,182.666,184.116,32906.0,8,0.0
2025-12-19 12:00:00,184.12,184.376,184.056,184.372,25945.0,8,0.0
2025-12-19 16:00:00,184.373,184.686,184.108,184.506,31824.0,8,0.0
2025-12-19 20:00:00,184.507,184.748,184.504,184.667,14125.0,8,0.0
2025-12-22 00:00:00,184.51,184.677,184.258,184.304,20467.0,8,0.0
2025-12-22 04:00:00,184.304,184.488,184.237,184.384,12971.0,8,0.0
2025-12-22 08:00:00,184.386,184.92,184.292,184.697,18554.0,8,0.0
2025-12-22 12:00:00,184.698,184.824,184.301,184.702,21438.0,8,0.0
2025-12-22 16:00:00,184.702,184.78,184.321,184.422,25312.0,8,0.0
2025-12-22 20:00:00,184.422,184.709,184.397,184.68,10681.0,8,0.0
2025-12-23 00:00:00,184.462,184.627,184.134,184.153,13039.0,8,0.0
2025-12-23 04:00:00,184.154,184.228,183.592,183.656,17150.0,8,0.0
2025-12-23 08:00:00,183.656,183.905,183.436,183.878,23483.0,8,0.0
2025-12-23 12:00:00,183.877,184.095,183.836,184.038,20794.0,8,0.0
2025-12-23 16:00:00,184.038,184.229,183.844,183.925,25499.0,8,0.0
2025-12-23 20:00:00,183.925,184.262,183.924,184.221,10675.0,8,0.0
2025-12-24 00:00:00,184.114,184.259,183.624,183.691,16739.0,8,0.0
2025-12-24 04:00:00,183.684,183.882,183.598,183.761,15535.0,8,0.0
2025-12-24 08:00:00,183.759,183.821,183.561,183.81,18832.0,8,0.0
2025-12-24 12:00:00,183.812,183.911,183.723,183.794,15167.0,8,0.0
2025-12-24 16:00:00,183.794,183.818,183.286,183.606,17315.0,8,0.0
2025-12-24 20:00:00,183.606,183.664,183.466,183.53,10364.0,8,0.0
2025-12-26 00:00:00,183.612,184.43,183.479,184.213,20948.0,8,0.0
2025-12-26 04:00:00,184.214,184.28,183.825,184.102,16591.0,8,0.0
2025-12-26 08:00:00,184.101,184.198,183.924,184.157,17170.0,8,0.0
2025-12-26 12:00:00,184.152,184.39,184.122,184.329,17114.0,8,0.0
2025-12-26 16:00:00,184.33,184.408,184.176,184.284,24035.0,8,0.0
2025-12-26 20:00:00,184.285,184.379,184.174,184.237,16498.0,9,0.0
2025-12-29 00:00:00,184.148,184.338,183.809,184.253,19755.0,8,0.0
2025-12-29 04:00:00,184.255,184.414,183.774,183.808,13969.0,8,0.0
2025-12-29 08:00:00,183.817,184.256,183.739,184.152,20945.0,8,0.0
2025-12-29 12:00:00,184.151,184.187,183.861,183.935,21460.0,8,0.0
2025-12-29 16:00:00,183.935,184.158,183.469,183.605,26797.0,8,0.0
2025-12-29 20:00:00,183.605,183.799,183.6,183.761,9823.0,8,0.0
2025-12-30 00:00:00,183.625,184.091,183.566,183.986,12930.0,8,0.0
2025-12-30 04:00:00,183.982,184.088,183.743,183.776,13600.0,8,0.0
2025-12-30 08:00:00,183.775,183.877,183.461,183.541,18383.0,8,0.0
2025-12-30 12:00:00,183.539,183.829,183.417,183.773,18368.0,8,0.0
2025-12-30 16:00:00,183.774,183.978,183.634,183.826,20849.0,8,0.0
2025-12-30 20:00:00,183.826,183.896,183.748,183.781,9962.0,8,0.0
2025-12-31 00:00:00,183.588,183.793,183.577,183.696,9447.0,8,0.0
2025-12-31 04:00:00,183.703,183.831,183.671,183.824,11046.0,8,0.0
2025-12-31 08:00:00,183.823,183.886,183.535,183.812,17286.0,8,0.0
2025-12-31 12:00:00,183.808,184.179,183.754,184.134,21319.0,8,0.0
2025-12-31 16:00:00,184.135,184.244,183.932,184.057,30119.0,8,0.0
2025-12-31 20:00:00,184.056,184.173,183.991,184.029,12294.0,8,0.0
2026-01-02 00:00:00,184.029,184.267,184.021,184.216,11328.0,8,0.0
2026-01-02 04:00:00,184.217,184.426,184.144,184.395,8901.0,8,0.0
2026-01-02 08:00:00,184.393,184.42,183.891,183.925,20501.0,8,0.0
2026-01-02 12:00:00,183.931,184.103,183.712,183.919,18632.0,8,0.0
2026-01-02 16:00:00,183.92,184.046,183.817,183.901,28290.0,8,0.0
2026-01-02 20:00:00,183.902,183.951,183.787,183.819,15239.0,8,0.0
2026-01-05 00:00:00,183.658,184.063,183.491,183.711,18423.0,8,0.0
2026-01-05 04:00:00,183.709,183.777,183.466,183.672,16465.0,8,0.0
2026-01-05 08:00:00,183.672,183.712,183.142,183.327,22947.0,8,0.0
2026-01-05 12:00:00,183.328,183.343,182.811,183.084,25478.0,8,0.0
2026-01-05 16:00:00,183.082,183.324,182.982,183.132,31215.0,8,0.0
2026-01-05 20:00:00,183.133,183.366,183.039,183.303,13974.0,8,0.0
2026-01-06 00:00:00,183.16,183.647,183.138,183.444,14943.0,8,0.0
2026-01-06 04:00:00,183.443,183.561,183.337,183.472,15099.0,8,0.0
2026-01-06 08:00:00,183.472,183.612,183.053,183.167,24292.0,8,0.0
2026-01-06 12:00:00,183.166,183.259,183.011,183.124,23215.0,8,0.0
2026-01-06 16:00:00,183.124,183.349,183.011,183.337,29931.0,8,0.0
2026-01-06 20:00:00,183.337,183.383,183.036,183.106,11511.0,8,0.0
2026-01-07 00:00:00,182.966,183.355,182.966,183.292,12979.0,8,0.0
2026-01-07 04:00:00,183.291,183.372,182.85,182.861,14003.0,8,0.0
2026-01-07 08:00:00,182.86,182.959,182.708,182.814,20030.0,8,0.0
2026-01-07 12:00:00,182.814,183.037,182.755,182.874,19784.0,8,0.0
2026-01-07 16:00:00,182.879,183.231,182.85,183.054,29891.0,8,0.0
2026-01-07 20:00:00,183.054,183.151,183.02,183.032,11721.0,8,0.0
2026-01-08 00:00:00,183.023,183.22,182.912,183.199,10385.0,8,0.0
2026-01-08 04:00:00,183.198,183.248,182.962,183.035,12544.0,8,0.0
2026-01-08 08:00:00,183.035,183.038,182.713,183.035,21306.0,8,0.0
2026-01-08 12:00:00,183.033,183.109,182.906,183.068,18683.0,8,0.0
2026-01-08 16:00:00,183.07,183.247,182.635,182.7,26148.0,8,0.0
2026-01-08 20:00:00,182.697,182.934,182.678,182.894,11956.0,8,0.0
2026-01-09 00:00:00,182.663,183.122,182.663,183.087,10489.0,8,0.0
2026-01-09 04:00:00,183.087,183.382,183.073,183.362,12268.0,8,0.0
2026-01-09 08:00:00,183.363,183.672,183.327,183.622,19757.0,8,0.0
2026-01-09 12:00:00,183.622,183.653,183.348,183.405,23335.0,8,0.0
2026-01-09 16:00:00,183.407,183.955,183.368,183.85,38274.0,8,0.0
2026-01-09 20:00:00,183.851,183.872,183.654,183.711,11947.0,8,0.0
2026-01-12 00:00:00,183.789,183.947,183.741,183.87,17195.0,8,0.0
2026-01-12 04:00:00,183.869,184.453,183.862,184.377,12764.0,8,0.0
2026-01-12 08:00:00,184.375,184.551,184.209,184.448,21091.0,8,0.0
2026-01-12 12:00:00,184.446,184.562,184.334,184.561,19828.0,8,0.0
2026-01-12 16:00:00,184.56,184.665,184.342,184.463,24576.0,8,0.0
2026-01-12 20:00:00,184.463,184.595,184.411,184.506,7798.0,8,0.0
2026-01-13 00:00:00,184.37,184.785,184.258,184.768,14284.0,8,0.0
2026-01-13 04:00:00,184.78,185.287,184.608,185.187,16424.0,8,0.0
2026-01-13 08:00:00,185.187,185.539,185.068,185.452,21232.0,8,0.0
2026-01-13 12:00:00,185.452,185.528,185.081,185.389,22824.0,8,0.0
2026-01-13 16:00:00,185.389,185.453,185.121,185.2,30106.0,8,0.0
2026-01-13 20:00:00,185.2,185.379,185.159,185.308,11136.0,8,0.0
2026-01-14 00:00:00,185.175,185.567,185.175,185.439,11713.0,8,0.0
2026-01-14 04:00:00,185.439,185.505,185.268,185.496,12368.0,8,0.0
2026-01-14 08:00:00,185.494,185.57,184.826,184.985,22680.0,8,0.0
2026-01-14 12:00:00,184.983,185.021,184.291,184.762,26096.0,8,0.0
2026-01-14 16:00:00,184.762,184.843,184.288,184.368,33194.0,8,0.0
2026-01-14 20:00:00,184.368,184.677,184.3,184.518,13676.0,8,0.0
2026-01-15 00:00:00,184.411,184.613,184.178,184.3,13110.0,8,0.0
2026-01-15 04:00:00,184.3,184.616,184.268,184.339,14656.0,8,0.0
2026-01-15 08:00:00,184.338,184.632,184.199,184.308,22577.0,8,0.0
2026-01-15 12:00:00,184.304,184.482,184.189,184.26,19851.0,8,0.0
2026-01-15 16:00:00,184.261,184.304,183.862,184.01,25913.0,8,0.0
2026-01-15 20:00:00,184.009,184.188,184.009,184.15,11603.0,8,0.0
2026-01-16 00:00:00,184.054,184.176,183.913,184.081,10362.0,8,0.0
2026-01-16 04:00:00,184.083,184.115,183.457,183.824,16205.0,8,0.0
2026-01-16 08:00:00,183.822,183.931,183.494,183.637,20712.0,8,0.0
2026-01-16 12:00:00,183.639,183.806,183.504,183.595,20030.0,8,0.0
2026-01-16 16:00:00,183.594,183.661,183.204,183.371,29745.0,8,0.0
2026-01-16 20:00:00,183.371,183.445,183.312,183.345,10865.0,8,0.0
2026-01-19 00:00:00,182.799,183.365,182.725,183.269,24604.0,8,0.0
2026-01-19 04:00:00,183.269,183.717,183.268,183.597,15695.0,8,0.0
2026-01-19 08:00:00,183.599,183.843,183.501,183.575,25309.0,8,0.0
2026-01-19 12:00:00,183.576,183.806,183.485,183.689,17649.0,8,0.0
2026-01-19 16:00:00,183.689,184.141,183.638,184.043,15343.0,8,0.0
2026-01-19 20:00:00,184.042,184.152,184.041,184.126,4336.0,8,0.0
2026-01-20 00:00:00,183.974,184.18,183.769,183.913,13849.0,8,0.0
2026-01-20 04:00:00,183.913,184.434,183.87,184.398,16227.0,8,0.0
2026-01-20 08:00:00,184.394,185.205,184.392,184.959,36967.0,8,0.0
2026-01-20 12:00:00,184.957,185.396,184.943,185.2,33290.0,8,0.0
2026-01-20 16:00:00,185.199,185.426,184.953,185.304,36842.0,8,0.0
2026-01-20 20:00:00,185.305,185.467,185.29,185.437,16408.0,8,0.0
2026-01-21 00:00:00,185.33,185.537,185.215,185.269,16099.0,8,0.0
2026-01-21 04:00:00,185.269,185.41,185.09,185.374,15999.0,8,0.0
2026-01-21 08:00:00,185.371,185.441,184.819,184.912,23437.0,8,0.0
2026-01-21 12:00:00,184.912,185.38,184.893,185.349,26731.0,8,0.0
2026-01-21 16:00:00,185.349,185.435,185.016,185.071,42356.0,8,0.0
2026-01-21 20:00:00,185.071,185.202,184.991,185.024,21073.0,8,0.0
2026-01-22 00:00:00,184.947,185.118,184.805,185.091,14953.0,8,0.0
2026-01-22 04:00:00,185.09,185.571,185.063,185.509,14564.0,8,0.0
2026-01-22 08:00:00,185.511,185.765,185.456,185.555,23500.0,8,0.0
2026-01-22 12:00:00,185.558,185.979,185.47,185.898,25488.0,8,0.0
2026-01-22 16:00:00,185.898,186.013,185.707,185.957,30789.0,8,0.0
2026-01-22 20:00:00,185.957,186.225,185.913,186.215,14350.0,8,0.0
2026-01-23 00:00:00,186.057,186.421,186.046,186.389,12794.0,8,0.0
2026-01-23 04:00:00,186.388,186.448,186.168,186.397,14039.0,8,0.0
2026-01-23 08:00:00,186.394,186.872,184.794,185.423,37349.0,8,0.0
2026-01-23 12:00:00,185.423,185.817,185.403,185.709,22672.0,8,0.0
2026-01-23 16:00:00,185.71,185.992,184.194,184.416,40543.0,8,0.0
2026-01-23 20:00:00,184.417,184.556,183.768,184.21,28879.0,8,0.0
2026-01-26 00:00:00,183.619,184.093,183.054,183.111,32457.0,8,0.0
2026-01-26 04:00:00,183.11,183.168,182.55,182.846,29259.0,8,0.0
2026-01-26 08:00:00,182.848,183.006,181.918,182.308,44938.0,8,0.0
2026-01-26 12:00:00,182.311,182.742,181.785,182.652,36527.0,8,0.0
2026-01-26 16:00:00,182.653,183.1,182.499,182.9,39001.0,8,0.0
2026-01-26 20:00:00,182.901,183.211,182.828,183.185,24738.0,8,0.0
2026-01-27 00:00:00,182.999,183.379,182.998,183.341,17846.0,8,0.0
2026-01-27 04:00:00,183.342,183.604,183.276,183.496,20963.0,8,0.0
2026-01-27 08:00:00,183.496,183.689,182.103,182.782,30565.0,8,0.0
2026-01-27 12:00:00,182.784,183.129,182.518,182.73,47837.0,8,0.0
2026-01-27 16:00:00,182.723,183.431,182.672,183.013,46133.0,8,0.0
2026-01-27 20:00:00,183.014,183.76,182.81,183.228,35148.0,8,0.0
2026-01-28 00:00:00,183.234,183.564,183.14,183.479,25770.0,8,0.0
2026-01-28 04:00:00,183.479,183.53,182.763,183.109,24059.0,8,0.0
2026-01-28 08:00:00,183.109,183.242,182.796,183.052,39115.0,8,0.0
2026-01-28 12:00:00,183.052,183.065,182.574,182.77,33092.0,8,0.0
2026-01-28 16:00:00,182.772,183.571,182.698,183.33,50520.0,8,0.0
2026-01-28 20:00:00,183.328,183.529,183.144,183.369,33520.0,8,0.0
2026-01-29 00:00:00,183.319,183.465,183.084,183.319,26405.0,8,0.0
2026-01-29 04:00:00,183.318,183.521,183.16,183.334,25690.0,8,0.0
2026-01-29 08:00:00,183.333,183.74,183.226,183.298,34103.0,8,0.0
2026-01-29 12:00:00,183.298,183.473,183.158,183.326,34219.0,8,0.0
2026-01-29 16:00:00,183.327,183.393,182.081,182.807,62427.0,8,0.0
2026-01-29 20:00:00,182.81,183.312,182.787,183.279,25461.0,8,0.0
2026-01-30 00:00:00,183.078,183.409,182.978,183.228,27652.0,8,0.0
2026-01-30 04:00:00,183.228,183.713,183.039,183.544,34412.0,8,0.0
2026-01-30 08:00:00,183.543,183.817,183.354,183.72,45765.0,8,0.0
2026-01-30 12:00:00,183.718,183.955,183.555,183.89,44356.0,8,0.0
2026-01-30 16:00:00,183.89,184.068,183.23,183.362,56658.0,8,0.0
2026-01-30 20:00:00,183.36,183.534,183.266,183.425,41662.0,8,0.0
2026-02-02 00:00:00,183.502,184.276,183.471,184.036,36676.0,8,0.0
2026-02-02 04:00:00,184.035,184.092,183.444,183.555,35790.0,8,0.0
2026-02-02 08:00:00,183.555,183.912,183.187,183.595,43519.0,8,0.0
2026-02-02 12:00:00,183.593,183.784,183.47,183.487,36722.0,8,0.0
2026-02-02 16:00:00,183.487,183.752,183.369,183.498,48322.0,8,0.0
2026-02-02 20:00:00,183.498,183.545,183.336,183.447,22039.0,8,0.0
2026-02-03 00:00:00,183.38,183.731,183.342,183.672,22104.0,8,0.0
2026-02-03 04:00:00,183.672,183.682,183.47,183.544,23131.0,8,0.0
2026-02-03 08:00:00,183.542,183.887,183.484,183.808,34617.0,8,0.0
2026-02-03 12:00:00,183.807,183.952,183.735,183.878,28325.0,8,0.0
2026-02-03 16:00:00,183.881,184.088,183.729,184.004,41853.0,8,0.0
2026-02-03 20:00:00,184.003,184.194,183.783,184.106,25143.0,8,0.0
2026-02-04 00:00:00,183.976,184.742,183.927,184.645,18994.0,8,0.0
2026-02-04 04:00:00,184.648,185.058,184.637,184.948,17206.0,8,0.0
2026-02-04 08:00:00,184.946,185.163,184.882,185.061,27297.0,8,0.0
2026-02-04 12:00:00,185.061,185.243,184.98,184.995,30882.0,8,0.0
2026-02-04 16:00:00,184.995,185.021,184.679,184.835,50050.0,8,0.0
2026-02-04 20:00:00,184.836,185.279,184.798,185.214,24106.0,8,0.0
2026-02-05 00:00:00,185.023,185.276,184.969,185.155,15928.0,8,0.0
2026-02-05 04:00:00,185.155,185.21,184.695,185.076,24502.0,8,0.0
2026-02-05 08:00:00,185.077,185.505,184.892,185.344,33591.0,8,0.0
2026-02-05 12:00:00,185.331,185.429,184.873,184.962,40752.0,8,0.0
2026-02-05 16:00:00,184.957,185.272,184.557,185.045,50393.0,8,0.0
2026-02-05 20:00:00,185.045,185.116,184.901,184.925,20029.0,8,0.0
2026-02-06 00:00:00,184.783,185.045,184.353,184.622,25659.0,8,0.0
2026-02-06 04:00:00,184.624,184.953,184.612,184.947,20048.0,8,0.0
2026-02-06 08:00:00,184.945,185.281,184.759,185.194,28904.0,8,0.0
2026-02-06 12:00:00,185.195,185.408,185.034,185.342,24957.0,8,0.0
2026-02-06 16:00:00,185.341,185.646,185.297,185.603,34400.0,8,0.0
2026-02-06 20:00:00,185.605,185.798,185.59,185.746,14643.0,8,0.0
2026-02-09 00:00:00,186.025,186.231,184.864,185.23,33810.0,8,0.0
2026-02-09 04:00:00,185.229,185.534,185.223,185.329,21909.0,8,0.0
2026-02-09 08:00:00,185.33,185.915,185.192,185.82,39725.0,8,0.0
2026-02-09 12:00:00,185.819,185.941,185.611,185.622,43699.0,8,0.0
2026-02-09 16:00:00,185.62,185.844,185.31,185.738,39515.0,8,0.0
2026-02-09 20:00:00,185.74,185.852,185.557,185.751,17620.0,8,0.0
2026-02-10 00:00:00,185.546,185.998,185.402,185.417,18061.0,8,0.0
2026-02-10 04:00:00,185.418,185.563,184.672,184.934,20263.0,8,0.0
2026-02-10 08:00:00,184.934,185.328,184.863,185.019,26194.0,8,0.0
2026-02-10 12:00:00,185.02,185.034,184.188,184.254,30334.0,8,0.0
2026-02-10 16:00:00,184.253,184.309,183.446,183.653,42820.0,8,0.0
2026-02-10 20:00:00,183.654,183.797,183.538,183.651,16940.0,8,0.0
2026-02-11 00:00:00,183.49,183.683,183.077,183.199,15270.0,8,0.0
2026-02-11 04:00:00,183.199,183.228,182.333,182.398,19342.0,8,0.0
2026-02-11 08:00:00,182.406,182.737,182.214,182.591,30169.0,8,0.0
2026-02-11 12:00:00,182.591,183.007,181.488,182.476,38604.0,8,0.0
2026-02-11 16:00:00,182.477,182.632,181.433,181.646,53186.0,8,0.0
2026-02-11 20:00:00,181.646,181.985,181.337,181.939,22103.0,8,0.0
2026-02-12 00:00:00,181.706,182.131,181.514,181.601,19821.0,8,0.0
2026-02-12 04:00:00,181.606,181.681,180.848,181.649,25060.0,8,0.0
2026-02-12 08:00:00,181.649,182.009,181.49,181.766,35117.0,8,0.0
2026-02-12 12:00:00,181.766,182.534,181.671,182.152,28571.0,8,0.0
2026-02-12 16:00:00,182.154,182.217,180.806,181.362,53462.0,8,0.0
2026-02-12 20:00:00,181.363,181.528,181.215,181.299,24819.0,8,0.0
2026-02-13 00:00:00,181.216,181.94,181.118,181.882,20019.0,8,0.0
2026-02-13 04:00:00,181.879,181.924,181.381,181.795,19262.0,8,0.0
2026-02-13 08:00:00,181.799,182.279,181.601,182.073,28561.0,8,0.0
2026-02-13 12:00:00,182.073,182.146,181.647,181.754,32570.0,8,0.0
2026-02-13 16:00:00,181.754,181.78,181.242,181.452,45819.0,8,0.0
2026-02-13 20:00:00,181.456,181.575,181.179,181.201,18638.0,8,0.0
2026-02-16 00:00:00,181.24,181.664,181.119,181.563,14916.0,9,0.0
2026-02-16 04:00:00,181.561,181.788,181.53,181.765,13291.0,8,0.0
2026-02-16 08:00:00,181.764,182.254,181.695,182.206,20109.0,8,0.0
2026-02-16 12:00:00,182.202,182.295,181.696,181.774,16720.0,8,0.0
2026-02-16 16:00:00,181.773,182.006,181.73,181.831,14610.0,8,0.0
2026-02-16 20:00:00,181.831,181.977,181.831,181.928,3822.0,9,0.0
2026-02-17 00:00:00,181.777,182.173,181.353,181.392,18463.0,8,0.0
2026-02-17 04:00:00,181.393,181.512,181.024,181.12,22619.0,8,0.0
2026-02-17 08:00:00,181.117,181.245,180.82,181.131,27173.0,8,0.0
2026-02-17 12:00:00,181.137,181.325,181.009,181.206,26785.0,8,0.0
2026-02-17 16:00:00,181.204,181.79,181.199,181.698,41612.0,8,0.0
2026-02-17 20:00:00,181.7,181.745,181.519,181.683,16848.0,8,0.0
2026-02-18 00:00:00,181.52,181.779,181.412,181.771,15042.0,8,0.0
2026-02-18 04:00:00,181.773,182.007,181.761,181.783,13519.0,8,0.0
2026-02-18 08:00:00,181.782,181.979,181.688,181.951,20706.0,8,0.0
2026-02-18 12:00:00,181.951,182.11,181.829,182.018,20702.0,8,0.0
2026-02-18 16:00:00,182.019,182.541,182.012,182.442,31461.0,8,0.0
2026-02-18 20:00:00,182.442,182.516,182.031,182.435,21565.0,8,0.0
2026-02-19 00:00:00,182.361,182.808,182.277,182.765,14406.0,8,0.0
2026-02-19 04:00:00,182.765,183.144,182.534,183.137,19369.0,8,0.0
2026-02-19 08:00:00,183.137,183.155,182.591,182.683,25172.0,8,0.0
2026-02-19 12:00:00,182.683,182.705,182.01,182.274,26816.0,8,0.0
2026-02-19 16:00:00,182.274,182.603,182.187,182.402,38095.0,8,0.0
2026-02-19 20:00:00,182.402,182.581,182.245,182.466,16827.0,8,0.0
2026-02-20 00:00:00,182.371,182.688,182.315,182.439,15973.0,8,0.0
2026-02-20 04:00:00,182.439,182.583,182.313,182.559,16762.0,8,0.0
2026-02-20 08:00:00,182.557,183.048,182.219,182.858,26432.0,8,0.0
2026-02-20 12:00:00,182.862,182.937,182.481,182.924,24347.0,8,0.0
2026-02-20 16:00:00,182.924,183.089,182.473,182.594,50340.0,8,0.0
2026-02-20 20:00:00,182.594,182.816,182.594,182.689,23376.0,8,0.0
2026-02-23 00:00:00,182.644,182.742,182.172,182.378,23403.0,8,0.0
2026-02-23 04:00:00,182.378,182.559,182.261,182.541,17059.0,8,0.0
2026-02-23 08:00:00,182.542,182.809,182.446,182.69,24307.0,8,0.0
2026-02-23 12:00:00,182.689,182.749,182.337,182.391,24518.0,8,0.0
2026-02-23 16:00:00,182.394,182.625,181.991,182.16,33578.0,8,0.0
2026-02-23 20:00:00,182.16,182.437,182.153,182.242,15437.0,8,0.0
2026-02-24 00:00:00,182.17,182.685,182.149,182.585,16987.0,8,0.0
2026-02-24 04:00:00,182.587,182.838,182.486,182.785,17190.0,8,0.0
2026-02-24 08:00:00,182.782,184.183,182.52,183.717,32609.0,8,0.0
2026-02-24 12:00:00,183.718,183.766,183.423,183.713,23445.0,8,0.0
2026-02-24 16:00:00,183.714,183.799,183.409,183.567,29841.0,8,0.0
2026-02-24 20:00:00,183.57,183.601,183.462,183.542,12799.0,9,0.0
2026-02-25 00:00:00,183.493,183.672,183.314,183.478,14054.0,8,0.0
2026-02-25 04:00:00,183.478,183.946,183.196,183.616,26120.0,8,0.0
2026-02-25 08:00:00,183.617,184.677,183.554,184.547,26766.0,8,0.0
2026-02-25 12:00:00,184.547,184.763,184.446,184.483,22384.0,8,0.0
2026-02-25 16:00:00,184.482,184.676,184.389,184.58,28308.0,8,0.0
2026-02-25 20:00:00,184.58,184.772,184.55,184.681,12184.0,8,0.0
2026-02-26 00:00:00,184.558,184.687,184.277,184.303,16973.0,8,0.0
2026-02-26 04:00:00,184.304,184.429,184.074,184.316,18728.0,8,0.0
2026-02-26 08:00:00,184.309,184.494,184.007,184.117,23813.0,8,0.0
2026-02-26 12:00:00,184.117,184.419,183.963,184.378,19601.0,8,0.0
2026-02-26 16:00:00,184.377,184.422,183.821,184.166,36609.0,8,0.0
2026-02-26 20:00:00,184.168,184.314,184.109,184.163,15383.0,8,0.0
2026-02-27 00:00:00,184.092,184.167,183.7,183.901,18518.0,8,0.0
2026-02-27 04:00:00,183.905,184.016,183.72,184.013,16735.0,8,0.0
2026-02-27 08:00:00,184.014,184.472,183.955,184.09,24795.0,8,0.0
2026-02-27 12:00:00,184.09,184.203,183.93,184.166,23190.0,8,0.0
2026-02-27 16:00:00,184.165,184.55,184.127,184.401,34756.0,8,0.0
2026-02-27 20:00:00,184.401,184.538,184.293,184.4,17369.0,8,0.0
2026-03-02 00:00:00,183.669,184.454,183.623,184.209,34150.0,8,0.0
2026-03-02 04:00:00,184.208,184.691,184.132,184.532,26364.0,8,0.0
2026-03-02 08:00:00,184.534,184.557,183.744,184.219,45064.0,8,0.0
2026-03-02 12:00:00,184.219,184.468,184.05,184.273,34657.0,8,0.0
2026-03-02 16:00:00,184.271,184.615,183.882,184.222,45743.0,8,0.0
2026-03-02 20:00:00,184.224,184.228,183.852,183.927,25783.0,8,0.0
2026-03-03 00:00:00,183.879,184.329,183.813,183.978,19861.0,8,0.0
2026-03-03 04:00:00,183.978,184.056,183.598,183.627,27657.0,8,0.0
2026-03-03 08:00:00,183.626,183.702,182.876,182.982,46522.0,8,0.0
2026-03-03 12:00:00,182.986,183.18,182.796,182.902,49229.0,8,0.0
2026-03-03 16:00:00,182.9,183.07,182.028,182.937,66292.0,8,0.0
2026-03-03 20:00:00,182.94,183.197,182.938,183.118,35932.0,8,0.0
2026-03-04 00:00:00,182.789,183.225,182.559,182.704,26234.0,8,0.0
2026-03-04 04:00:00,182.705,182.837,182.374,182.702,28375.0,8,0.0
2026-03-04 08:00:00,182.712,182.982,182.454,182.486,36906.0,8,0.0
2026-03-04 12:00:00,182.486,183.126,182.471,182.95,41123.0,8,0.0
2026-03-04 16:00:00,182.951,183.073,182.476,182.609,40763.0,8,0.0
2026-03-04 20:00:00,182.61,182.881,182.585,182.695,16438.0,8,0.0
2026-03-05 00:00:00,182.621,182.759,182.168,182.285,20644.0,8,0.0
2026-03-05 04:00:00,182.285,182.496,182.221,182.256,26117.0,8,0.0
2026-03-05 08:00:00,182.256,182.724,182.112,182.658,45746.0,8,0.0
2026-03-05 12:00:00,182.659,183.09,182.556,182.963,35189.0,8,0.0
2026-03-05 16:00:00,182.961,183.019,182.358,182.727,49842.0,8,0.0
2026-03-05 20:00:00,182.727,182.886,182.566,182.877,34563.0,8,0.0
2026-03-06 00:00:00,182.764,182.975,182.717,182.912,20654.0,8,0.0
2026-03-06 04:00:00,182.912,183.248,182.91,183.199,17325.0,8,0.0
2026-03-06 08:00:00,183.199,183.265,182.685,182.708,29036.0,8,0.0
2026-03-06 12:00:00,182.708,182.841,182.372,182.422,42612.0,8,0.0
2026-03-06 16:00:00,182.423,183.078,182.367,182.983,60753.0,8,0.0
2026-03-06 20:00:00,182.983,183.382,182.983,183.341,33239.0,8,0.0
2026-03-09 00:00:00,182.536,182.808,182.397,182.644,40888.0,8,0.0
2026-03-09 04:00:00,182.644,183.249,182.644,183.197,36379.0,8,0.0
2026-03-09 08:00:00,183.197,183.323,182.655,183.055,52269.0,8,0.0
2026-03-09 12:00:00,183.057,183.396,183.002,183.272,46323.0,8,0.0
2026-03-09 16:00:00,183.27,183.437,183.045,183.337,44144.0,8,0.0
2026-03-09 20:00:00,183.338,183.493,183.173,183.477,29171.0,8,0.0
2026-03-10 00:00:00,183.459,183.613,183.055,183.159,31480.0,8,0.0
2026-03-10 04:00:00,183.159,183.369,183.116,183.18,20592.0,8,0.0
2026-03-10 08:00:00,183.18,183.738,183.152,183.693,33488.0,8,0.0
2026-03-10 12:00:00,183.695,183.762,183.466,183.598,40906.0,8,0.0
2026-03-10 16:00:00,183.603,183.717,183.504,183.527,35338.0,8,0.0
2026-03-10 20:00:00,183.529,183.636,183.402,183.521,29227.0,8,0.0
2026-03-11 00:00:00,183.541,184.051,183.49,184.025,19319.0,8,0.0
2026-03-11 04:00:00,184.026,184.075,183.885,183.998,16735.0,8,0.0
2026-03-11 08:00:00,183.998,184.007,183.628,183.706,34007.0,8,0.0
2026-03-11 12:00:00,183.707,183.9,183.59,183.702,39968.0,8,0.0
2026-03-11 16:00:00,183.702,183.939,183.676,183.807,41389.0,8,0.0
2026-03-11 20:00:00,183.806,183.971,183.754,183.862,13617.0,8,0.0
2026-03-12 00:00:00,183.777,183.866,183.472,183.493,21280.0,8,0.0
2026-03-12 04:00:00,183.494,183.62,183.432,183.608,17917.0,8,0.0
2026-03-12 08:00:00,183.607,183.685,183.341,183.514,25392.0,8,0.0
2026-03-12 12:00:00,183.513,183.549,183.218,183.263,33118.0,8,0.0
2026-03-12 16:00:00,183.265,183.612,183.232,183.558,43554.0,8,0.0
2026-03-12 20:00:00,183.559,183.612,183.227,183.426,15599.0,8,0.0
2026-03-13 00:00:00,183.426,183.565,183.282,183.423,22817.0,8,0.0
2026-03-13 04:00:00,183.422,183.651,183.295,183.359,21625.0,8,0.0
2026-03-13 08:00:00,183.361,183.368,182.298,182.654,35344.0,8,0.0
2026-03-13 12:00:00,182.653,182.92,182.613,182.623,36599.0,8,0.0
2026-03-13 16:00:00,182.621,182.765,182.473,182.587,41511.0,8,0.0
2026-03-13 20:00:00,182.587,182.649,182.252,182.342,15001.0,8,0.0
2026-03-16 00:00:00,182.381,182.555,182.286,182.524,24799.0,8,0.0
2026-03-16 04:00:00,182.524,182.728,182.2,182.201,17333.0,8,0.0
2026-03-16 08:00:00,182.202,182.433,181.868,182.421,28517.0,8,0.0
2026-03-16 12:00:00,182.421,182.81,182.394,182.779,31241.0,8,0.0
2026-03-16 16:00:00,182.778,183.132,182.665,183.036,34472.0,8,0.0
2026-03-16 20:00:00,183.036,183.177,182.915,183.032,18432.0,8,0.0
2026-03-17 00:00:00,182.967,183.21,182.927,183.17,16663.0,8,0.0
2026-03-17 04:00:00,183.167,183.241,183.002,183.028,14664.0,9,0.0
2026-03-17 08:00:00,183.03,183.33,182.819,183.26,25248.0,8,0.0
2026-03-17 12:00:00,183.26,183.382,183.037,183.19,28576.0,8,0.0
2026-03-17 16:00:00,183.189,183.448,183.161,183.442,30601.0,8,0.0
2026-03-17 20:00:00,183.444,183.545,183.319,183.44,10659.0,8,0.0
2026-03-18 00:00:00,183.437,183.576,183.287,183.429,19847.0,8,0.0
2026-03-18 04:00:00,183.426,183.457,183.169,183.251,13069.0,8,0.0
2026-03-18 08:00:00,183.252,183.422,182.982,183.391,20913.0,8,0.0
2026-03-18 12:00:00,183.391,183.683,183.379,183.683,37744.0,8,0.0
2026-03-18 16:00:00,183.683,183.828,183.501,183.591,34008.0,8,0.0
2026-03-18 20:00:00,183.595,183.623,183.013,183.149,28210.0,8,0.0
2026-03-19 00:00:00,183.017,183.419,183.017,183.238,21079.0,8,0.0
2026-03-19 04:00:00,183.24,183.435,183.077,183.13,16478.0,8,0.0
2026-03-19 08:00:00,183.131,183.254,182.052,182.719,47175.0,8,0.0
2026-03-19 12:00:00,182.717,182.753,182.063,182.24,51641.0,8,0.0
2026-03-19 16:00:00,182.243,182.571,182.05,182.441,54487.0,8,0.0
2026-03-19 20:00:00,182.441,182.988,182.371,182.719,27510.0,8,0.0
2026-03-20 00:00:00,182.747,182.899,182.592,182.85,19271.0,8,0.0
2026-03-20 04:00:00,182.851,183.107,182.851,183.027,15312.0,8,0.0
2026-03-20 08:00:00,183.026,183.514,183.026,183.431,26498.0,8,0.0
2026-03-20 12:00:00,183.428,183.618,183.265,183.528,38270.0,8,0.0
2026-03-20 16:00:00,183.526,184.158,183.435,184.026,47369.0,8,0.0
2026-03-20 20:00:00,184.026,184.248,183.969,184.243,22471.0,8,0.0
2026-03-23 00:00:00,183.867,184.334,183.824,184.272,30680.0,8,0.0
2026-03-23 04:00:00,184.272,184.279,184.007,184.045,18904.0,8,0.0
2026-03-23 08:00:00,184.048,184.122,183.38,183.391,41909.0,8,0.0
2026-03-23 12:00:00,183.39,184.218,183.183,183.803,83084.0,8,0.0
2026-03-23 16:00:00,183.803,184.241,183.648,183.825,62853.0,8,0.0
2026-03-23 20:00:00,183.825,184.021,183.731,183.955,22013.0,8,0.0
2026-03-24 00:00:00,183.946,183.986,183.622,183.71,27846.0,8,0.0
2026-03-24 04:00:00,183.712,183.874,183.696,183.748,23221.0,8,0.0
2026-03-24 08:00:00,183.748,184.056,183.673,183.929,38714.0,8,0.0
2026-03-24 12:00:00,183.928,184.113,183.813,183.856,36440.0,8,0.0
2026-03-24 16:00:00,183.854,184.19,183.851,184.143,47266.0,8,0.0
2026-03-24 20:00:00,184.142,184.252,184.031,184.187,26766.0,8,0.0
2026-03-25 00:00:00,184.151,184.558,184.151,184.304,26446.0,8,0.0
2026-03-25 04:00:00,184.304,184.392,184.215,184.307,17554.0,8,0.0
2026-03-25 08:00:00,184.308,184.601,184.185,184.296,32393.0,8,0.0
2026-03-25 12:00:00,184.296,184.437,184.132,184.178,35097.0,8,0.0
2026-03-25 16:00:00,184.18,184.415,184.035,184.387,38559.0,8,0.0
2026-03-25 20:00:00,184.387,184.449,184.166,184.275,13912.0,8,0.0
2026-03-26 00:00:00,184.223,184.451,184.218,184.422,16687.0,8,0.0
2026-03-26 04:00:00,184.422,184.475,184.312,184.335,14542.0,10,0.0
2026-03-26 08:00:00,184.332,184.41,184.161,184.364,24472.0,8,0.0
2026-03-26 12:00:00,184.365,184.448,183.969,184.128,26793.0,8,0.0
2026-03-26 16:00:00,184.129,184.309,184.115,184.138,32513.0,8,0.0
2026-03-26 20:00:00,184.134,184.28,184.01,184.19,19103.0,8,0.0
2026-03-27 00:00:00,184.199,184.25,183.866,184.038,18017.0,8,0.0
2026-03-27 04:00:00,184.044,184.274,184.019,184.224,14275.0,8,0.0
2026-03-27 08:00:00,184.224,184.34,184.086,184.154,25695.0,8,0.0
2026-03-27 12:00:00,184.154,184.396,183.863,184.256,27676.0,8,0.0
2026-03-27 16:00:00,184.258,184.656,184.234,184.589,38473.0,8,0.0
2026-03-27 20:00:00,184.587,184.639,184.421,184.482,14513.0,8,0.0
2026-03-30 00:00:00,184.199,184.496,183.967,183.971,19160.0,8,0.0
2026-03-30 04:00:00,183.972,184.073,183.888,183.978,19794.0,8,0.0
2026-03-30 08:00:00,183.976,184.02,183.468,183.575,24435.0,8,0.0
2026-03-30 12:00:00,183.576,183.602,182.98,182.999,26630.0,8,0.0
2026-03-30 16:00:00,182.999,183.075,182.589,182.721,30502.0,8,0.0
2026-03-30 20:00:00,182.721,183.08,182.712,183.076,16249.0,8,0.0
2026-03-31 00:00:00,182.958,183.464,182.915,183.459,15668.0,8,0.0
2026-03-31 04:00:00,183.458,183.573,183.068,183.069,20108.0,8,0.0
2026-03-31 08:00:00,183.068,183.264,182.825,182.987,25088.0,8,0.0
2026-03-31 12:00:00,182.986,183.424,182.881,183.319,30017.0,8,0.0
2026-03-31 16:00:00,183.319,183.648,183.07,183.438,48674.0,8,0.0
2026-03-31 20:00:00,183.438,183.552,183.316,183.359,32215.0,8,0.0
2026-04-01 00:00:00,183.271,183.781,183.271,183.724,15933.0,8,0.0
2026-04-01 04:00:00,183.724,183.791,183.375,183.576,19911.0,8,0.0
2026-04-01 08:00:00,183.575,183.992,183.348,183.833,38447.0,8,0.0
2026-04-01 12:00:00,183.833,184.012,183.642,183.904,30572.0,8,0.0
2026-04-01 16:00:00,183.903,184.242,183.868,184.161,39891.0,8,0.0
2026-04-01 20:00:00,184.161,184.163,183.804,183.955,22028.0,8,0.0
2026-04-02 00:00:00,183.861,184.034,183.701,183.954,14119.0,8,0.0
2026-04-02 04:00:00,183.953,184.103,183.778,183.803,35108.0,8,0.0
2026-04-02 08:00:00,183.802,184.154,183.493,184.005,29590.0,8,0.0
2026-04-02 12:00:00,184.005,184.055,183.765,183.936,24485.0,8,0.0
2026-04-02 16:00:00,183.936,184.162,183.779,184.032,42719.0,8,0.0
2026-04-02 20:00:00,184.033,184.203,184.021,184.094,15374.0,8,0.0
2026-04-03 00:00:00,183.932,184.167,183.932,184.129,7226.0,8,0.0
2026-04-03 04:00:00,184.129,184.196,184.006,184.089,9490.0,8,0.0
2026-04-03 08:00:00,184.09,184.246,184.029,184.219,9828.0,8,0.0
2026-04-03 12:00:00,184.22,184.272,183.947,184.039,14549.0,8,0.0
2026-04-03 16:00:00,184.039,184.085,183.853,183.864,12335.0,8,0.0
2026-04-03 20:00:00,183.864,183.944,183.689,183.76,6513.0,8,0.0
2026-04-06 00:00:00,183.849,184.037,183.66,183.897,15504.0,8,0.0
2026-04-06 04:00:00,183.889,183.924,183.7,183.889,18725.0,8,0.0
2026-04-06 08:00:00,183.888,184.435,183.851,184.174,20771.0,8,0.0
2026-04-06 12:00:00,184.175,184.241,184.089,184.168,18340.0,8,0.0
2026-04-06 16:00:00,184.168,184.458,184.14,184.347,27887.0,8,0.0
2026-04-06 20:00:00,184.346,184.45,184.3,184.308,16208.0,9,0.0
2026-04-07 00:00:00,184.208,184.416,184.205,184.403,11016.0,8,0.0
2026-04-07 04:00:00,184.402,184.433,184.269,184.309,14370.0,8,0.0
2026-04-07 08:00:00,184.308,184.652,184.258,184.585,25835.0,8,0.0
2026-04-07 12:00:00,184.585,184.816,184.443,184.711,29877.0,8,0.0
2026-04-07 16:00:00,184.713,185.149,184.69,185.034,34613.0,8,0.0
2026-04-07 20:00:00,185.034,185.166,184.924,185.107,28184.0,8,0.0
2026-04-08 00:00:00,184.981,185.55,184.966,185.217,41686.0,8,0.0
2026-04-08 04:00:00,185.218,185.263,184.805,184.898,32518.0,8,0.0
2026-04-08 08:00:00,184.905,185.188,184.864,184.995,39828.0,8,0.0
2026-04-08 12:00:00,184.994,185.319,184.933,185.098,33356.0,8,0.0
2026-04-08 16:00:00,185.096,185.214,184.966,185.063,43243.0,8,0.0
2026-04-08 20:00:00,185.062,185.099,184.869,184.942,26371.0,8,0.0
2026-04-09 00:00:00,184.848,185.188,184.825,185.182,12706.0,8,0.0
2026-04-09 04:00:00,185.179,185.242,185.099,185.187,15423.0,8,0.0
2026-04-09 08:00:00,185.187,185.612,185.125,185.588,20849.0,8,0.0
2026-04-09 12:00:00,185.589,185.877,185.569,185.807,20948.0,8,0.0
2026-04-09 16:00:00,185.807,186.222,185.736,185.919,34825.0,8,0.0
2026-04-09 20:00:00,185.919,186.229,185.908,185.994,20249.0,8,0.0
2026-04-10 00:00:00,185.893,186.109,185.893,186.054,10175.0,8,0.0
2026-04-10 04:00:00,186.061,186.167,185.943,186.118,12027.0,8,0.0
2026-04-10 08:00:00,186.118,186.208,186.063,186.177,16659.0,8,0.0
2026-04-10 12:00:00,186.177,186.551,186.132,186.542,23612.0,8,0.0
2026-04-10 16:00:00,186.542,186.788,186.519,186.667,30334.0,8,0.0
2026-04-10 20:00:00,186.666,186.882,186.666,186.758,15369.0,8,0.0
2026-04-13 00:00:00,186.105,186.779,186.105,186.656,17525.0,8,0.0
2026-04-13 04:00:00,186.655,186.723,186.576,186.656,13247.0,8,0.0
2026-04-13 08:00:00,186.656,186.784,186.479,186.637,19589.0,8,0.0
2026-04-13 12:00:00,186.637,186.875,186.596,186.874,21160.0,8,0.0
2026-04-13 16:00:00,186.874,187.105,186.73,187.043,33183.0,8,0.0
2026-04-13 20:00:00,187.043,187.511,186.992,187.485,20731.0,8,0.0
2026-04-14 00:00:00,187.31,187.513,187.253,187.28,10011.0,8,0.0
2026-04-14 04:00:00,187.278,187.343,187.12,187.126,13774.0,8,0.0
2026-04-14 08:00:00,187.124,187.539,187.083,187.423,23741.0,8,0.0
2026-04-14 12:00:00,187.422,187.52,187.255,187.354,24349.0,8,0.0
2026-04-14 16:00:00,187.354,187.473,187.186,187.334,28957.0,8,0.0
2026-04-14 20:00:00,187.333,187.377,187.188,187.315,12163.0,8,0.0
2026-04-15 00:00:00,187.337,187.405,187.206,187.308,10180.0,8,0.0
2026-04-15 04:00:00,187.308,187.451,187.293,187.419,13216.0,8,0.0
2026-04-15 08:00:00,187.419,187.495,187.102,187.185,20111.0,8,0.0
2026-04-15 12:00:00,187.185,187.593,187.103,187.553,25225.0,8,0.0
2026-04-15 16:00:00,187.553,187.638,187.333,187.494,26774.0,8,0.0
2026-04-15 20:00:00,187.494,187.695,187.488,187.58,14223.0,8,0.0
2026-04-16 00:00:00,187.541,187.6,187.388,187.419,8377.0,8,0.0
2026-04-16 04:00:00,187.419,187.534,187.1,187.431,18382.0,8,0.0
2026-04-16 08:00:00,187.431,187.541,187.29,187.38,22284.0,8,0.0
2026-04-16 12:00:00,187.382,187.47,187.265,187.458,20469.0,8,0.0
2026-04-16 16:00:00,187.457,187.519,187.299,187.431,30757.0,8,0.0
2026-04-16 20:00:00,187.43,187.569,187.404,187.517,14155.0,8,0.0
2026-04-17 00:00:00,187.387,187.716,187.373,187.675,7498.0,8,0.0
2026-04-17 04:00:00,187.675,187.905,187.608,187.895,10577.0,8,0.0
2026-04-17 08:00:00,187.894,187.951,187.575,187.688,18822.0,8,0.0
2026-04-17 12:00:00,187.69,187.824,187.45,187.488,23827.0,8,0.0
2026-04-17 16:00:00,187.486,187.544,186.314,186.469,47988.0,8,0.0
2026-04-17 20:00:00,186.469,186.677,186.459,186.581,20537.0,8,0.0
2026-04-20 00:00:00,186.332,187.049,186.302,186.901,15908.0,8,0.0
2026-04-20 04:00:00,186.904,186.92,186.739,186.847,14323.0,8,0.0
2026-04-20 08:00:00,186.847,187.075,186.752,186.979,25548.0,8,0.0
2026-04-20 12:00:00,186.976,187.09,186.839,186.919,20374.0,8,0.0
2026-04-20 16:00:00,186.919,187.04,186.753,186.982,31772.0,8,0.0
2026-04-20 20:00:00,186.984,187.291,186.978,187.182,15016.0,8,0.0
2026-04-21 00:00:00,187.017,187.334,187.017,187.289,8890.0,8,0.0
2026-04-21 04:00:00,187.29,187.32,187.165,187.178,11111.0,8,0.0
2026-04-21 08:00:00,187.179,187.305,186.991,187.27,21309.0,8,0.0
2026-04-21 12:00:00,187.27,187.308,187.092,187.181,20792.0,8,0.0
2026-04-21 16:00:00,187.183,187.362,187.136,187.238,29520.0,8,0.0
2026-04-21 20:00:00,187.237,187.293,187.028,187.146,30946.0,8,0.0
2026-04-22 00:00:00,187.123,187.214,186.99,187.067,10945.0,8,0.0
2026-04-22 04:00:00,187.067,187.151,187.012,187.061,12201.0,8,0.0
2026-04-22 08:00:00,187.06,187.309,186.957,187.306,21308.0,8,0.0
2026-04-22 12:00:00,187.306,187.322,186.762,186.893,18769.0,8,0.0
2026-04-22 16:00:00,186.891,186.909,186.729,186.824,27304.0,8,0.0
2026-04-22 20:00:00,186.827,186.835,186.677,186.689,14212.0,8,0.0
2026-04-23 00:00:00,186.664,186.75,186.564,186.599,11231.0,8,0.0
2026-04-23 04:00:00,186.599,186.701,186.569,186.67,16216.0,8,0.0
2026-04-23 08:00:00,186.671,186.968,186.662,186.866,19872.0,8,0.0
2026-04-23 12:00:00,186.864,186.875,186.431,186.492,26958.0,8,0.0
2026-04-23 16:00:00,186.492,186.75,186.453,186.599,28334.0,8,0.0
2026-04-23 20:00:00,186.601,186.661,186.519,186.618,25647.0,8,0.0
2026-04-24 00:00:00,186.468,186.726,186.426,186.722,8475.0,9,0.0
2026-04-24 04:00:00,186.723,186.751,186.542,186.604,11464.0,8,0.0
2026-04-24 08:00:00,186.605,186.764,186.439,186.709,17887.0,8,0.0
2026-04-24 12:00:00,186.709,186.877,186.638,186.812,25080.0,8,0.0
2026-04-24 16:00:00,186.814,186.852,186.675,186.749,31985.0,8,0.0
2026-04-24 20:00:00,186.749,186.837,186.707,186.75,14932.0,8,0.0
2026-04-27 00:00:00,186.674,186.872,186.592,186.853,7926.0,8,0.0
2026-04-27 04:00:00,186.854,186.892,186.696,186.737,15186.0,8,0.0
2026-04-27 08:00:00,186.739,187.028,186.726,186.984,21418.0,8,0.0
2026-04-27 12:00:00,186.983,187.08,186.86,187.013,17435.0,8,0.0
2026-04-27 16:00:00,187.013,187.108,186.803,186.904,23382.0,8,0.0
2026-04-27 20:00:00,186.904,186.93,186.836,186.841,10028.0,8,0.0
2026-04-28 00:00:00,186.811,186.883,186.719,186.844,6728.0,8,0.0
2026-04-28 04:00:00,186.842,186.876,186.203,186.291,15121.0,8,0.0
2026-04-28 08:00:00,186.291,186.819,186.067,186.588,23249.0,8,0.0
2026-04-28 12:00:00,186.587,186.776,186.445,186.489,21873.0,8,0.0
2026-04-28 16:00:00,186.489,186.916,186.458,186.821,30002.0,8,0.0
2026-04-28 20:00:00,186.819,186.948,186.798,186.915,11859.0,8,0.0
2026-04-29 00:00:00,186.768,186.925,186.768,186.85,4804.0,8,0.0
2026-04-29 04:00:00,186.85,186.905,186.769,186.79,10845.0,9,0.0
2026-04-29 08:00:00,186.79,186.884,186.678,186.878,15756.0,8,0.0
2026-04-29 12:00:00,186.877,187.084,186.832,187.081,16645.0,8,0.0
2026-04-29 16:00:00,187.083,187.413,186.984,187.243,28942.0,8,0.0
2026-04-29 20:00:00,187.244,187.26,187.003,187.223,24935.0,8,0.0
2026-04-30 00:00:00,187.213,187.282,187.067,187.23,10946.0,8,0.0
2026-04-30 04:00:00,187.23,187.243,187.042,187.207,19610.0,8,0.0
2026-04-30 08:00:00,187.207,187.558,186.229,186.414,31764.0,8,0.0
2026-04-30 12:00:00,186.388,186.47,182.286,183.385,68212.0,8,0.0
2026-04-30 16:00:00,183.388,183.924,182.751,183.612,50234.0,8,0.0
2026-04-30 20:00:00,183.611,183.759,183.418,183.746,22107.0,8,0.0
2026-05-01 00:00:00,183.621,184.5,183.587,184.244,14201.0,8,0.0
2026-05-01 04:00:00,184.244,184.584,184.192,184.424,17333.0,8,0.0
2026-05-01 08:00:00,184.424,184.451,182.639,183.778,31322.0,8,0.0
2026-05-01 12:00:00,183.78,184.178,183.652,184.141,23117.0,8,0.0
2026-05-01 16:00:00,184.141,184.454,183.788,184.247,34456.0,8,0.0
2026-05-01 20:00:00,184.247,184.251,183.967,184.046,14357.0,8,0.0
2026-05-04 00:00:00,184.064,184.138,183.908,184.033,8105.0,8,0.0
2026-05-04 04:00:00,184.032,184.404,182.783,183.847,23729.0,8,0.0
2026-05-04 08:00:00,183.848,184.106,183.647,183.95,23964.0,8,0.0
2026-05-04 12:00:00,183.95,184.038,183.748,184.014,30215.0,8,0.0
2026-05-04 16:00:00,184.014,184.025,183.735,183.743,37533.0,8,0.0
2026-05-04 20:00:00,183.744,183.902,183.155,183.852,19755.0,8,0.0
2026-05-05 00:00:00,183.697,183.846,183.663,183.731,6749.0,8,0.0
2026-05-05 04:00:00,183.734,183.813,183.679,183.682,10399.0,8,0.0
2026-05-05 08:00:00,183.682,183.946,183.665,183.848,20256.0,8,0.0
2026-05-05 12:00:00,183.848,184.517,183.717,184.479,25330.0,8,0.0
2026-05-05 16:00:00,184.479,184.673,184.467,184.61,27454.0,8,0.0
2026-05-05 20:00:00,184.61,184.758,184.604,184.604,12237.0,8,0.0
2026-05-06 00:00:00,184.509,184.799,184.508,184.704,14729.0,8,0.0
2026-05-06 04:00:00,184.701,185.04,182.04,183.017,32308.0,8,0.0
2026-05-06 08:00:00,183.017,183.611,182.753,183.467,36726.0,8,0.0
2026-05-06 12:00:00,183.468,183.851,183.428,183.688,41101.0,8,0.0
2026-05-06 16:00:00,183.687,183.904,183.414,183.715,33553.0,8,0.0
2026-05-06 20:00:00,183.717,183.867,183.652,183.718,16342.0,8,0.0
2026-05-07 00:00:00,183.598,183.885,183.488,183.656,12071.0,8,0.0
2026-05-07 04:00:00,183.656,183.81,183.498,183.734,18389.0,8,0.0
2026-05-07 08:00:00,183.732,184.03,183.517,184.022,24652.0,8,0.0
2026-05-07 12:00:00,184.023,184.165,183.933,183.991,21946.0,8,0.0
2026-05-07 16:00:00,183.993,184.221,183.904,184.209,26236.0,8,0.0
2026-05-07 20:00:00,184.212,184.238,183.962,183.989,23452.0,8,0.0
2026-05-08 00:00:00,183.915,184.119,183.809,184.078,8927.0,8,0.0
2026-05-08 04:00:00,184.078,184.126,183.931,184.062,13110.0,9,0.0
2026-05-08 08:00:00,184.063,184.342,184.041,184.342,18537.0,8,0.0
2026-05-08 12:00:00,184.341,184.495,184.274,184.43,18623.0,8,0.0
2026-05-08 16:00:00,184.433,184.493,184.278,184.451,24432.0,8,0.0
2026-05-08 20:00:00,184.451,184.743,184.404,184.634,10810.0,8,0.0
2026-05-11 00:00:00,183.934,184.804,183.886,184.714,9249.0,8,0.0
2026-05-11 04:00:00,184.713,184.871,184.607,184.629,11297.0,8,0.0
2026-05-11 08:00:00,184.632,185.018,184.602,184.913,14915.0,8,0.0
2026-05-11 12:00:00,184.914,184.994,184.837,184.993,15351.0,8,0.0
2026-05-11 16:00:00,184.994,185.125,184.922,185.025,19863.0,8,0.0
2026-05-11 20:00:00,185.024,185.249,185.013,185.223,9181.0,8,0.0
2026-05-12 00:00:00,185.038,185.281,185.038,185.237,7566.0,8,0.0
2026-05-12 04:00:00,185.238,185.393,185.204,185.275,13972.0,8,0.0
2026-05-12 08:00:00,185.275,185.456,184.43,185.115,26064.0,8,0.0
2026-05-12 12:00:00,185.114,185.2,184.931,185.089,18832.0,8,0.0
2026-05-12 16:00:00,185.087,185.124,184.871,185.016,23324.0,8,0.0
2026-05-12 20:00:00,185.015,185.068,184.95,185.025,9829.0,8,0.0
2026-05-13 00:00:00,184.849,185.151,184.849,185.124,4941.0,9,0.0
2026-05-13 04:00:00,185.123,185.154,184.987,185.075,9597.0,8,0.0
2026-05-13 08:00:00,185.076,185.118,184.627,184.678,14498.0,8,0.0
2026-05-13 12:00:00,184.678,184.879,184.639,184.707,18591.0,8,0.0
2026-05-13 16:00:00,184.708,184.89,184.691,184.825,21408.0,8,0.0
2026-05-13 20:00:00,184.825,184.938,184.813,184.927,10600.0,8,0.0
2026-05-14 00:00:00,184.767,184.978,184.649,184.957,6472.0,10,0.0
2026-05-14 04:00:00,184.956,185.047,184.551,184.931,13526.0,8,0.0
2026-05-14 08:00:00,184.932,185.014,184.841,184.917,18095.0,8,0.0
2026-05-14 12:00:00,184.918,184.95,184.766,184.784,15782.0,8,0.0
2026-05-14 16:00:00,184.783,184.859,184.025,184.68,29689.0,8,0.0
2026-05-14 20:00:00,184.68,184.847,184.677,184.814,11807.0,8,0.0
2026-05-15 00:00:00,184.693,184.842,184.625,184.702,8344.0,8,0.0
2026-05-15 04:00:00,184.703,184.743,184.569,184.627,15796.0,8,0.0
2026-05-15 08:00:00,184.629,184.691,184.267,184.453,25248.0,8,0.0
2026-05-15 12:00:00,184.451,184.557,184.175,184.363,24416.0,8,0.0
2026-05-15 16:00:00,184.364,184.601,184.311,184.573,24401.0,8,0.0
2026-05-15 20:00:00,184.573,184.612,184.409,184.543,11050.0,8,0.0
2026-05-18 00:00:00,184.345,184.592,184.204,184.547,9737.0,9,0.0
2026-05-18 04:00:00,184.547,184.883,184.48,184.748,17335.0,8,0.0
2026-05-18 08:00:00,184.749,184.939,184.67,184.898,20433.0,8,0.0
2026-05-18 12:00:00,184.897,185.037,184.777,184.896,19972.0,8,0.0
2026-05-18 16:00:00,184.896,185.214,184.858,185.181,29042.0,8,0.0
2026-05-18 20:00:00,185.176,185.197,184.98,185.129,16183.0,8,0.0
2026-05-19 00:00:00,184.979,185.21,184.912,185.16,7514.0,9,0.0
2026-05-19 04:00:00,185.162,185.166,184.982,185.013,12750.0,8,0.0
2026-05-19 08:00:00,185.013,185.186,184.918,184.973,18909.0,8,0.0
2026-05-19 12:00:00,184.971,184.98,184.364,184.781,21502.0,8,0.0
2026-05-19 16:00:00,184.779,184.869,184.198,184.344,32165.0,8,0.0
2026-05-19 20:00:00,184.343,184.641,184.335,184.619,14952.0,8,0.0
2026-05-20 00:00:00,184.48,184.67,184.448,184.458,8433.0,8,0.0
2026-05-20 04:00:00,184.458,184.501,184.284,184.374,16213.0,9,0.0
2026-05-20 08:00:00,184.374,184.414,184.271,184.336,19683.0,8,0.0
2026-05-20 12:00:00,184.335,184.523,184.317,184.383,15789.0,8,0.0
2026-05-20 16:00:00,184.383,184.693,184.339,184.653,37177.0,8,0.0
2026-05-20 20:00:00,184.655,184.784,184.61,184.744,16594.0,8,0.0
2026-05-21 00:00:00,184.613,184.755,184.578,184.737,8266.0,10,0.0
2026-05-21 04:00:00,184.737,184.81,184.625,184.788,12162.0,8,0.0
2026-05-21 08:00:00,184.788,184.938,184.406,184.791,21680.0,8,0.0
2026-05-21 12:00:00,184.792,184.905,184.532,184.584,22456.0,8,0.0
2026-05-21 16:00:00,184.582,184.635,184.392,184.531,28657.0,8,0.0
2026-05-21 20:00:00,184.53,184.771,184.501,184.688,23555.0,8,0.0
2026-05-22 00:00:00,184.546,184.797,184.537,184.775,5200.0,8,0.0
2026-05-22 04:00:00,184.774,184.806,184.628,184.762,8370.0,10,0.0
2026-05-22 08:00:00,184.759,184.803,184.626,184.669,14719.0,8,0.0
2026-05-22 12:00:00,184.668,184.683,184.492,184.597,15539.0,8,0.0
2026-05-22 16:00:00,184.594,184.823,184.447,184.819,24354.0,8,0.0
2026-05-22 20:00:00,184.817,184.856,184.626,184.685,13186.0,8,0.0
2026-05-25 00:00:00,184.822,185.07,184.72,184.904,8558.0,8,0.0
2026-05-25 04:00:00,184.902,184.97,184.84,184.947,9791.0,8,0.0
2026-05-25 08:00:00,184.947,185.084,184.921,185.037,12955.0,8,0.0
2026-05-25 12:00:00,185.037,185.139,185.001,185.091,10457.0,8,0.0
2026-05-25 16:00:00,185.093,185.111,184.921,184.971,11633.0,8,0.0
2026-05-25 20:00:00,184.972,185.037,184.957,185.029,4756.0,8,0.0
2026-05-26 00:00:00,184.893,185.051,184.86,185.02,6444.0,8,0.0
2026-05-26 04:00:00,185.021,185.039,184.885,184.913,8482.0,10,0.0
2026-05-26 08:00:00,184.914,185.358,184.882,185.264,15257.0,8,0.0
2026-05-26 12:00:00,185.263,185.344,185.187,185.213,14831.0,8,0.0
2026-05-26 16:00:00,185.213,185.253,185.061,185.178,19048.0,8,0.0
2026-05-26 20:00:00,185.18,185.324,185.148,185.28,8229.0,8,0.0
2026-05-27 00:00:00,185.174,185.419,185.156,185.371,7420.0,8,0.0
2026-05-27 04:00:00,185.372,185.387,185.275,185.378,11229.0,10,0.0
2026-05-27 08:00:00,185.377,185.707,185.372,185.611,14659.0,8,0.0
2026-05-27 12:00:00,185.609,185.783,185.453,185.622,19145.0,8,0.0
2026-05-27 16:00:00,185.62,185.747,185.406,185.528,25200.0,8,0.0
2026-05-27 20:00:00,185.529,185.551,185.43,185.446,8528.0,8,0.0
2026-05-28 00:00:00,185.337,185.483,185.337,185.416,6909.0,8,0.0
2026-05-28 04:00:00,185.418,185.423,184.894,184.975,13116.0,8,0.0
2026-05-28 08:00:00,184.975,185.264,184.911,185.22,15315.0,8,0.0
2026-05-28 12:00:00,185.216,185.451,185.023,185.448,17199.0,8,0.0
2026-05-28 16:00:00,185.446,185.656,185.399,185.535,27311.0,8,0.0
2026-05-28 20:00:00,185.537,185.545,185.448,185.504,10198.0,8,0.0
2026-05-29 00:00:00,185.407,185.562,185.407,185.545,1561.0,42,0.0
